"id_tester","id","id_item","num_stimulus"
"131f7620-d15d-4560-86ab-564145745b9b","48","34359006-f70f-438e-85d0-420cf2fe6944",156
"131f7620-d15d-4560-86ab-564145745b9b","48","20f3c152-6ebf-49db-8e1a-00eebd99feb6",672
"131f7620-d15d-4560-86ab-564145745b9b","48","213479f7-39af-4b83-b0e9-4ba473d27429",756
"131f7620-d15d-4560-86ab-564145745b9b","48","7bdf6ed6-acf9-4a7b-84fe-7e4f96f9582a",421
"131f7620-d15d-4560-86ab-564145745b9b","48","cc2a8b56-732c-4e4c-a058-248783b68587",489
"131f7620-d15d-4560-86ab-564145745b9b","48","dd13fcba-0ae1-43d3-9d32-1672ed84f151",327
"131f7620-d15d-4560-86ab-564145745b9b","48","6afda059-04a5-4308-b776-a532ed142284",238
"131f7620-d15d-4560-86ab-564145745b9b","48","f61f9030-d814-495d-af95-0e643697de64",352
"131f7620-d15d-4560-86ab-564145745b9b","48","5445f170-12c1-48fc-9563-3709dd2993b0",980
"b20e7a20-ca68-410c-8214-fbb92bfdfe17","47","34359006-f70f-438e-85d0-420cf2fe6944",156
"b20e7a20-ca68-410c-8214-fbb92bfdfe17","47","20f3c152-6ebf-49db-8e1a-00eebd99feb6",672
"b20e7a20-ca68-410c-8214-fbb92bfdfe17","47","213479f7-39af-4b83-b0e9-4ba473d27429",756
"b20e7a20-ca68-410c-8214-fbb92bfdfe17","47","7bdf6ed6-acf9-4a7b-84fe-7e4f96f9582a",421
"b20e7a20-ca68-410c-8214-fbb92bfdfe17","47","cc2a8b56-732c-4e4c-a058-248783b68587",489
"b20e7a20-ca68-410c-8214-fbb92bfdfe17","47","dd13fcba-0ae1-43d3-9d32-1672ed84f151",327
"b20e7a20-ca68-410c-8214-fbb92bfdfe17","47","6afda059-04a5-4308-b776-a532ed142284",238
"b20e7a20-ca68-410c-8214-fbb92bfdfe17","47","f61f9030-d814-495d-af95-0e643697de64",352
"b20e7a20-ca68-410c-8214-fbb92bfdfe17","47","5445f170-12c1-48fc-9563-3709dd2993b0",980
"c464d108-c77f-41e7-bcbc-d5855c9a7968","45","34359006-f70f-438e-85d0-420cf2fe6944",156
"c464d108-c77f-41e7-bcbc-d5855c9a7968","45","20f3c152-6ebf-49db-8e1a-00eebd99feb6",672
"c464d108-c77f-41e7-bcbc-d5855c9a7968","45","213479f7-39af-4b83-b0e9-4ba473d27429",756
"c464d108-c77f-41e7-bcbc-d5855c9a7968","45","7bdf6ed6-acf9-4a7b-84fe-7e4f96f9582a",421
"c464d108-c77f-41e7-bcbc-d5855c9a7968","45","cc2a8b56-732c-4e4c-a058-248783b68587",489
"c464d108-c77f-41e7-bcbc-d5855c9a7968","45","dd13fcba-0ae1-43d3-9d32-1672ed84f151",327
"c464d108-c77f-41e7-bcbc-d5855c9a7968","45","6afda059-04a5-4308-b776-a532ed142284",238
"c464d108-c77f-41e7-bcbc-d5855c9a7968","45","f61f9030-d814-495d-af95-0e643697de64",352
"c464d108-c77f-41e7-bcbc-d5855c9a7968","45","5445f170-12c1-48fc-9563-3709dd2993b0",980
"4f147d0e-54ac-4b89-a269-aaa7819fb0ef","46","34359006-f70f-438e-85d0-420cf2fe6944",156
"4f147d0e-54ac-4b89-a269-aaa7819fb0ef","46","20f3c152-6ebf-49db-8e1a-00eebd99feb6",672
"4f147d0e-54ac-4b89-a269-aaa7819fb0ef","46","213479f7-39af-4b83-b0e9-4ba473d27429",756
"4f147d0e-54ac-4b89-a269-aaa7819fb0ef","46","7bdf6ed6-acf9-4a7b-84fe-7e4f96f9582a",421
"4f147d0e-54ac-4b89-a269-aaa7819fb0ef","46","cc2a8b56-732c-4e4c-a058-248783b68587",489
"4f147d0e-54ac-4b89-a269-aaa7819fb0ef","46","dd13fcba-0ae1-43d3-9d32-1672ed84f151",327
"4f147d0e-54ac-4b89-a269-aaa7819fb0ef","46","6afda059-04a5-4308-b776-a532ed142284",238
"4f147d0e-54ac-4b89-a269-aaa7819fb0ef","46","f61f9030-d814-495d-af95-0e643697de64",352
"4f147d0e-54ac-4b89-a269-aaa7819fb0ef","46","5445f170-12c1-48fc-9563-3709dd2993b0",980
"4f5ae77c-6112-401a-93d1-3bf44bd1ccbe","44","34359006-f70f-438e-85d0-420cf2fe6944",156
"4f5ae77c-6112-401a-93d1-3bf44bd1ccbe","44","20f3c152-6ebf-49db-8e1a-00eebd99feb6",672
"4f5ae77c-6112-401a-93d1-3bf44bd1ccbe","44","213479f7-39af-4b83-b0e9-4ba473d27429",756
"4f5ae77c-6112-401a-93d1-3bf44bd1ccbe","44","7bdf6ed6-acf9-4a7b-84fe-7e4f96f9582a",421
"4f5ae77c-6112-401a-93d1-3bf44bd1ccbe","44","cc2a8b56-732c-4e4c-a058-248783b68587",489
"4f5ae77c-6112-401a-93d1-3bf44bd1ccbe","44","dd13fcba-0ae1-43d3-9d32-1672ed84f151",327
"4f5ae77c-6112-401a-93d1-3bf44bd1ccbe","44","6afda059-04a5-4308-b776-a532ed142284",238
"4f5ae77c-6112-401a-93d1-3bf44bd1ccbe","44","f61f9030-d814-495d-af95-0e643697de64",352
"4f5ae77c-6112-401a-93d1-3bf44bd1ccbe","44","5445f170-12c1-48fc-9563-3709dd2993b0",980
"a724528f-7fe6-4ad6-bba1-21cb02db2af5","43","34359006-f70f-438e-85d0-420cf2fe6944",156
"a724528f-7fe6-4ad6-bba1-21cb02db2af5","43","20f3c152-6ebf-49db-8e1a-00eebd99feb6",672
"a724528f-7fe6-4ad6-bba1-21cb02db2af5","43","213479f7-39af-4b83-b0e9-4ba473d27429",756
"a724528f-7fe6-4ad6-bba1-21cb02db2af5","43","7bdf6ed6-acf9-4a7b-84fe-7e4f96f9582a",421
"a724528f-7fe6-4ad6-bba1-21cb02db2af5","43","cc2a8b56-732c-4e4c-a058-248783b68587",489
"a724528f-7fe6-4ad6-bba1-21cb02db2af5","43","dd13fcba-0ae1-43d3-9d32-1672ed84f151",327
"a724528f-7fe6-4ad6-bba1-21cb02db2af5","43","6afda059-04a5-4308-b776-a532ed142284",238
"a724528f-7fe6-4ad6-bba1-21cb02db2af5","43","f61f9030-d814-495d-af95-0e643697de64",352
"a724528f-7fe6-4ad6-bba1-21cb02db2af5","43","5445f170-12c1-48fc-9563-3709dd2993b0",980
"14229a71-f44e-4149-9f3c-aa7415691eae","42","34359006-f70f-438e-85d0-420cf2fe6944",156
"14229a71-f44e-4149-9f3c-aa7415691eae","42","20f3c152-6ebf-49db-8e1a-00eebd99feb6",672
"14229a71-f44e-4149-9f3c-aa7415691eae","42","213479f7-39af-4b83-b0e9-4ba473d27429",756
"14229a71-f44e-4149-9f3c-aa7415691eae","42","7bdf6ed6-acf9-4a7b-84fe-7e4f96f9582a",421
"14229a71-f44e-4149-9f3c-aa7415691eae","42","cc2a8b56-732c-4e4c-a058-248783b68587",489
"14229a71-f44e-4149-9f3c-aa7415691eae","42","dd13fcba-0ae1-43d3-9d32-1672ed84f151",327
"14229a71-f44e-4149-9f3c-aa7415691eae","42","6afda059-04a5-4308-b776-a532ed142284",238
"14229a71-f44e-4149-9f3c-aa7415691eae","42","f61f9030-d814-495d-af95-0e643697de64",352
"14229a71-f44e-4149-9f3c-aa7415691eae","42","5445f170-12c1-48fc-9563-3709dd2993b0",980
"149c1889-4e83-4153-b763-54fb60e60d99","41","34359006-f70f-438e-85d0-420cf2fe6944",156
"149c1889-4e83-4153-b763-54fb60e60d99","41","20f3c152-6ebf-49db-8e1a-00eebd99feb6",672
"149c1889-4e83-4153-b763-54fb60e60d99","41","213479f7-39af-4b83-b0e9-4ba473d27429",756
"149c1889-4e83-4153-b763-54fb60e60d99","41","7bdf6ed6-acf9-4a7b-84fe-7e4f96f9582a",421
"149c1889-4e83-4153-b763-54fb60e60d99","41","cc2a8b56-732c-4e4c-a058-248783b68587",489
"149c1889-4e83-4153-b763-54fb60e60d99","41","dd13fcba-0ae1-43d3-9d32-1672ed84f151",327
"149c1889-4e83-4153-b763-54fb60e60d99","41","6afda059-04a5-4308-b776-a532ed142284",238
"149c1889-4e83-4153-b763-54fb60e60d99","41","f61f9030-d814-495d-af95-0e643697de64",352
"149c1889-4e83-4153-b763-54fb60e60d99","41","5445f170-12c1-48fc-9563-3709dd2993b0",980
"e433aa11-cdb7-4733-88a9-7067cf52299b","40","34359006-f70f-438e-85d0-420cf2fe6944",156
"e433aa11-cdb7-4733-88a9-7067cf52299b","40","20f3c152-6ebf-49db-8e1a-00eebd99feb6",672
"e433aa11-cdb7-4733-88a9-7067cf52299b","40","213479f7-39af-4b83-b0e9-4ba473d27429",756
"e433aa11-cdb7-4733-88a9-7067cf52299b","40","7bdf6ed6-acf9-4a7b-84fe-7e4f96f9582a",421
"e433aa11-cdb7-4733-88a9-7067cf52299b","40","cc2a8b56-732c-4e4c-a058-248783b68587",489
"e433aa11-cdb7-4733-88a9-7067cf52299b","40","dd13fcba-0ae1-43d3-9d32-1672ed84f151",327
"e433aa11-cdb7-4733-88a9-7067cf52299b","40","6afda059-04a5-4308-b776-a532ed142284",238
"e433aa11-cdb7-4733-88a9-7067cf52299b","40","f61f9030-d814-495d-af95-0e643697de64",352
"e433aa11-cdb7-4733-88a9-7067cf52299b","40","5445f170-12c1-48fc-9563-3709dd2993b0",980
"fd0537e8-3103-47f8-9998-44570bb8a45e","39","34359006-f70f-438e-85d0-420cf2fe6944",156
"fd0537e8-3103-47f8-9998-44570bb8a45e","39","20f3c152-6ebf-49db-8e1a-00eebd99feb6",672
"fd0537e8-3103-47f8-9998-44570bb8a45e","39","213479f7-39af-4b83-b0e9-4ba473d27429",756
"fd0537e8-3103-47f8-9998-44570bb8a45e","39","7bdf6ed6-acf9-4a7b-84fe-7e4f96f9582a",421
"fd0537e8-3103-47f8-9998-44570bb8a45e","39","cc2a8b56-732c-4e4c-a058-248783b68587",489
"fd0537e8-3103-47f8-9998-44570bb8a45e","39","dd13fcba-0ae1-43d3-9d32-1672ed84f151",327
"fd0537e8-3103-47f8-9998-44570bb8a45e","39","6afda059-04a5-4308-b776-a532ed142284",238
"fd0537e8-3103-47f8-9998-44570bb8a45e","39","f61f9030-d814-495d-af95-0e643697de64",352
"fd0537e8-3103-47f8-9998-44570bb8a45e","39","5445f170-12c1-48fc-9563-3709dd2993b0",980
"199d1269-1d8a-420a-a986-1f4f2ab4355f","38","34359006-f70f-438e-85d0-420cf2fe6944",156
"199d1269-1d8a-420a-a986-1f4f2ab4355f","38","20f3c152-6ebf-49db-8e1a-00eebd99feb6",672
"199d1269-1d8a-420a-a986-1f4f2ab4355f","38","213479f7-39af-4b83-b0e9-4ba473d27429",756
"199d1269-1d8a-420a-a986-1f4f2ab4355f","38","7bdf6ed6-acf9-4a7b-84fe-7e4f96f9582a",421
"199d1269-1d8a-420a-a986-1f4f2ab4355f","38","cc2a8b56-732c-4e4c-a058-248783b68587",489
"199d1269-1d8a-420a-a986-1f4f2ab4355f","38","dd13fcba-0ae1-43d3-9d32-1672ed84f151",327
"199d1269-1d8a-420a-a986-1f4f2ab4355f","38","6afda059-04a5-4308-b776-a532ed142284",238
"199d1269-1d8a-420a-a986-1f4f2ab4355f","38","f61f9030-d814-495d-af95-0e643697de64",352
"199d1269-1d8a-420a-a986-1f4f2ab4355f","38","5445f170-12c1-48fc-9563-3709dd2993b0",980
"915ec45f-204b-411d-8ed7-7fdecb385e39","35","34359006-f70f-438e-85d0-420cf2fe6944",156
"915ec45f-204b-411d-8ed7-7fdecb385e39","35","20f3c152-6ebf-49db-8e1a-00eebd99feb6",672
"915ec45f-204b-411d-8ed7-7fdecb385e39","35","213479f7-39af-4b83-b0e9-4ba473d27429",756
"915ec45f-204b-411d-8ed7-7fdecb385e39","35","7bdf6ed6-acf9-4a7b-84fe-7e4f96f9582a",421
"915ec45f-204b-411d-8ed7-7fdecb385e39","35","cc2a8b56-732c-4e4c-a058-248783b68587",489
"915ec45f-204b-411d-8ed7-7fdecb385e39","35","dd13fcba-0ae1-43d3-9d32-1672ed84f151",327
"915ec45f-204b-411d-8ed7-7fdecb385e39","35","6afda059-04a5-4308-b776-a532ed142284",238
"915ec45f-204b-411d-8ed7-7fdecb385e39","35","f61f9030-d814-495d-af95-0e643697de64",352
"915ec45f-204b-411d-8ed7-7fdecb385e39","35","5445f170-12c1-48fc-9563-3709dd2993b0",980
"e87291fb-8da5-4c7a-af30-4413737f2401","29","34359006-f70f-438e-85d0-420cf2fe6944",156
"e87291fb-8da5-4c7a-af30-4413737f2401","29","20f3c152-6ebf-49db-8e1a-00eebd99feb6",672
"e87291fb-8da5-4c7a-af30-4413737f2401","29","213479f7-39af-4b83-b0e9-4ba473d27429",756
"e87291fb-8da5-4c7a-af30-4413737f2401","29","7bdf6ed6-acf9-4a7b-84fe-7e4f96f9582a",421
"e87291fb-8da5-4c7a-af30-4413737f2401","29","cc2a8b56-732c-4e4c-a058-248783b68587",489
"e87291fb-8da5-4c7a-af30-4413737f2401","29","dd13fcba-0ae1-43d3-9d32-1672ed84f151",327
"e87291fb-8da5-4c7a-af30-4413737f2401","29","6afda059-04a5-4308-b776-a532ed142284",238
"e87291fb-8da5-4c7a-af30-4413737f2401","29","f61f9030-d814-495d-af95-0e643697de64",352
"e87291fb-8da5-4c7a-af30-4413737f2401","29","5445f170-12c1-48fc-9563-3709dd2993b0",980
"03964ff9-d24f-4a0a-a492-3a177e16eb11","28","34359006-f70f-438e-85d0-420cf2fe6944",156
"03964ff9-d24f-4a0a-a492-3a177e16eb11","28","20f3c152-6ebf-49db-8e1a-00eebd99feb6",672
"03964ff9-d24f-4a0a-a492-3a177e16eb11","28","213479f7-39af-4b83-b0e9-4ba473d27429",756
"03964ff9-d24f-4a0a-a492-3a177e16eb11","28","7bdf6ed6-acf9-4a7b-84fe-7e4f96f9582a",421
"03964ff9-d24f-4a0a-a492-3a177e16eb11","28","cc2a8b56-732c-4e4c-a058-248783b68587",489
"03964ff9-d24f-4a0a-a492-3a177e16eb11","28","dd13fcba-0ae1-43d3-9d32-1672ed84f151",327
"03964ff9-d24f-4a0a-a492-3a177e16eb11","28","6afda059-04a5-4308-b776-a532ed142284",238
"03964ff9-d24f-4a0a-a492-3a177e16eb11","28","f61f9030-d814-495d-af95-0e643697de64",352
"03964ff9-d24f-4a0a-a492-3a177e16eb11","28","5445f170-12c1-48fc-9563-3709dd2993b0",980
"473d2e90-02dd-483e-ad19-3966ec20050a","27","34359006-f70f-438e-85d0-420cf2fe6944",156
"473d2e90-02dd-483e-ad19-3966ec20050a","27","20f3c152-6ebf-49db-8e1a-00eebd99feb6",672
"473d2e90-02dd-483e-ad19-3966ec20050a","27","213479f7-39af-4b83-b0e9-4ba473d27429",756
"473d2e90-02dd-483e-ad19-3966ec20050a","27","7bdf6ed6-acf9-4a7b-84fe-7e4f96f9582a",421
"473d2e90-02dd-483e-ad19-3966ec20050a","27","cc2a8b56-732c-4e4c-a058-248783b68587",489
"473d2e90-02dd-483e-ad19-3966ec20050a","27","dd13fcba-0ae1-43d3-9d32-1672ed84f151",327
"473d2e90-02dd-483e-ad19-3966ec20050a","27","6afda059-04a5-4308-b776-a532ed142284",238
"473d2e90-02dd-483e-ad19-3966ec20050a","27","f61f9030-d814-495d-af95-0e643697de64",352
"473d2e90-02dd-483e-ad19-3966ec20050a","27","5445f170-12c1-48fc-9563-3709dd2993b0",980
"4ed0a862-3163-449b-bb48-ca8b9ce3add0","26","34359006-f70f-438e-85d0-420cf2fe6944",156
"4ed0a862-3163-449b-bb48-ca8b9ce3add0","26","20f3c152-6ebf-49db-8e1a-00eebd99feb6",672
"4ed0a862-3163-449b-bb48-ca8b9ce3add0","26","213479f7-39af-4b83-b0e9-4ba473d27429",756
"4ed0a862-3163-449b-bb48-ca8b9ce3add0","26","7bdf6ed6-acf9-4a7b-84fe-7e4f96f9582a",421
"4ed0a862-3163-449b-bb48-ca8b9ce3add0","26","cc2a8b56-732c-4e4c-a058-248783b68587",489
"4ed0a862-3163-449b-bb48-ca8b9ce3add0","26","dd13fcba-0ae1-43d3-9d32-1672ed84f151",327
"4ed0a862-3163-449b-bb48-ca8b9ce3add0","26","6afda059-04a5-4308-b776-a532ed142284",238
"4ed0a862-3163-449b-bb48-ca8b9ce3add0","26","f61f9030-d814-495d-af95-0e643697de64",352
"4ed0a862-3163-449b-bb48-ca8b9ce3add0","26","5445f170-12c1-48fc-9563-3709dd2993b0",980
"cc933e0b-091f-4ef4-bfc8-11f2076d4396","25","34359006-f70f-438e-85d0-420cf2fe6944",156
"cc933e0b-091f-4ef4-bfc8-11f2076d4396","25","20f3c152-6ebf-49db-8e1a-00eebd99feb6",672
"cc933e0b-091f-4ef4-bfc8-11f2076d4396","25","213479f7-39af-4b83-b0e9-4ba473d27429",756
"cc933e0b-091f-4ef4-bfc8-11f2076d4396","25","7bdf6ed6-acf9-4a7b-84fe-7e4f96f9582a",421
"cc933e0b-091f-4ef4-bfc8-11f2076d4396","25","cc2a8b56-732c-4e4c-a058-248783b68587",489
"cc933e0b-091f-4ef4-bfc8-11f2076d4396","25","dd13fcba-0ae1-43d3-9d32-1672ed84f151",327
"cc933e0b-091f-4ef4-bfc8-11f2076d4396","25","6afda059-04a5-4308-b776-a532ed142284",238
"cc933e0b-091f-4ef4-bfc8-11f2076d4396","25","f61f9030-d814-495d-af95-0e643697de64",352
"cc933e0b-091f-4ef4-bfc8-11f2076d4396","25","5445f170-12c1-48fc-9563-3709dd2993b0",980
"073891b7-a928-4ff0-83e3-56f4d1a6315e","24","34359006-f70f-438e-85d0-420cf2fe6944",156
"073891b7-a928-4ff0-83e3-56f4d1a6315e","24","20f3c152-6ebf-49db-8e1a-00eebd99feb6",672
"073891b7-a928-4ff0-83e3-56f4d1a6315e","24","213479f7-39af-4b83-b0e9-4ba473d27429",756
"073891b7-a928-4ff0-83e3-56f4d1a6315e","24","7bdf6ed6-acf9-4a7b-84fe-7e4f96f9582a",421
"073891b7-a928-4ff0-83e3-56f4d1a6315e","24","cc2a8b56-732c-4e4c-a058-248783b68587",489
"073891b7-a928-4ff0-83e3-56f4d1a6315e","24","dd13fcba-0ae1-43d3-9d32-1672ed84f151",327
"073891b7-a928-4ff0-83e3-56f4d1a6315e","24","6afda059-04a5-4308-b776-a532ed142284",238
"073891b7-a928-4ff0-83e3-56f4d1a6315e","24","f61f9030-d814-495d-af95-0e643697de64",352
"073891b7-a928-4ff0-83e3-56f4d1a6315e","24","5445f170-12c1-48fc-9563-3709dd2993b0",980
"9577727a-fa45-4185-9778-4a56a41cf0f6","22","34359006-f70f-438e-85d0-420cf2fe6944",156
"9577727a-fa45-4185-9778-4a56a41cf0f6","22","20f3c152-6ebf-49db-8e1a-00eebd99feb6",672
"9577727a-fa45-4185-9778-4a56a41cf0f6","22","213479f7-39af-4b83-b0e9-4ba473d27429",756
"9577727a-fa45-4185-9778-4a56a41cf0f6","22","7bdf6ed6-acf9-4a7b-84fe-7e4f96f9582a",421
"9577727a-fa45-4185-9778-4a56a41cf0f6","22","cc2a8b56-732c-4e4c-a058-248783b68587",489
"9577727a-fa45-4185-9778-4a56a41cf0f6","22","dd13fcba-0ae1-43d3-9d32-1672ed84f151",327
"9577727a-fa45-4185-9778-4a56a41cf0f6","22","6afda059-04a5-4308-b776-a532ed142284",238
"9577727a-fa45-4185-9778-4a56a41cf0f6","22","f61f9030-d814-495d-af95-0e643697de64",352
"9577727a-fa45-4185-9778-4a56a41cf0f6","22","5445f170-12c1-48fc-9563-3709dd2993b0",980
"cd0a0a46-7676-4bf0-ad03-2e83bd565fee","23","34359006-f70f-438e-85d0-420cf2fe6944",156
"cd0a0a46-7676-4bf0-ad03-2e83bd565fee","23","20f3c152-6ebf-49db-8e1a-00eebd99feb6",672
"cd0a0a46-7676-4bf0-ad03-2e83bd565fee","23","213479f7-39af-4b83-b0e9-4ba473d27429",756
"cd0a0a46-7676-4bf0-ad03-2e83bd565fee","23","7bdf6ed6-acf9-4a7b-84fe-7e4f96f9582a",421
"cd0a0a46-7676-4bf0-ad03-2e83bd565fee","23","cc2a8b56-732c-4e4c-a058-248783b68587",489
"cd0a0a46-7676-4bf0-ad03-2e83bd565fee","23","dd13fcba-0ae1-43d3-9d32-1672ed84f151",327
"cd0a0a46-7676-4bf0-ad03-2e83bd565fee","23","6afda059-04a5-4308-b776-a532ed142284",238
"cd0a0a46-7676-4bf0-ad03-2e83bd565fee","23","f61f9030-d814-495d-af95-0e643697de64",352
"cd0a0a46-7676-4bf0-ad03-2e83bd565fee","23","5445f170-12c1-48fc-9563-3709dd2993b0",980
"bf743fbf-9be2-49a1-bf7e-0b53276e6529","21","34359006-f70f-438e-85d0-420cf2fe6944",156
"bf743fbf-9be2-49a1-bf7e-0b53276e6529","21","20f3c152-6ebf-49db-8e1a-00eebd99feb6",672
"bf743fbf-9be2-49a1-bf7e-0b53276e6529","21","213479f7-39af-4b83-b0e9-4ba473d27429",756
"bf743fbf-9be2-49a1-bf7e-0b53276e6529","21","7bdf6ed6-acf9-4a7b-84fe-7e4f96f9582a",421
"bf743fbf-9be2-49a1-bf7e-0b53276e6529","21","cc2a8b56-732c-4e4c-a058-248783b68587",489
"bf743fbf-9be2-49a1-bf7e-0b53276e6529","21","dd13fcba-0ae1-43d3-9d32-1672ed84f151",327
"bf743fbf-9be2-49a1-bf7e-0b53276e6529","21","6afda059-04a5-4308-b776-a532ed142284",238
"bf743fbf-9be2-49a1-bf7e-0b53276e6529","21","f61f9030-d814-495d-af95-0e643697de64",352
"bf743fbf-9be2-49a1-bf7e-0b53276e6529","21","5445f170-12c1-48fc-9563-3709dd2993b0",980
"aaf1dbcb-3748-4740-a2e0-58e7c1cb9f78","20","34359006-f70f-438e-85d0-420cf2fe6944",156
"aaf1dbcb-3748-4740-a2e0-58e7c1cb9f78","20","20f3c152-6ebf-49db-8e1a-00eebd99feb6",672
"aaf1dbcb-3748-4740-a2e0-58e7c1cb9f78","20","213479f7-39af-4b83-b0e9-4ba473d27429",756
"aaf1dbcb-3748-4740-a2e0-58e7c1cb9f78","20","7bdf6ed6-acf9-4a7b-84fe-7e4f96f9582a",421
"aaf1dbcb-3748-4740-a2e0-58e7c1cb9f78","20","cc2a8b56-732c-4e4c-a058-248783b68587",489
"aaf1dbcb-3748-4740-a2e0-58e7c1cb9f78","20","dd13fcba-0ae1-43d3-9d32-1672ed84f151",327
"aaf1dbcb-3748-4740-a2e0-58e7c1cb9f78","20","6afda059-04a5-4308-b776-a532ed142284",238
"aaf1dbcb-3748-4740-a2e0-58e7c1cb9f78","20","f61f9030-d814-495d-af95-0e643697de64",352
"aaf1dbcb-3748-4740-a2e0-58e7c1cb9f78","20","5445f170-12c1-48fc-9563-3709dd2993b0",980
"035a43cf-cf88-4675-85e7-11eeb0b3641c","18","34359006-f70f-438e-85d0-420cf2fe6944",156
"035a43cf-cf88-4675-85e7-11eeb0b3641c","18","20f3c152-6ebf-49db-8e1a-00eebd99feb6",672
"035a43cf-cf88-4675-85e7-11eeb0b3641c","18","213479f7-39af-4b83-b0e9-4ba473d27429",756
"035a43cf-cf88-4675-85e7-11eeb0b3641c","18","7bdf6ed6-acf9-4a7b-84fe-7e4f96f9582a",421
"035a43cf-cf88-4675-85e7-11eeb0b3641c","18","cc2a8b56-732c-4e4c-a058-248783b68587",489
"035a43cf-cf88-4675-85e7-11eeb0b3641c","18","dd13fcba-0ae1-43d3-9d32-1672ed84f151",327
"035a43cf-cf88-4675-85e7-11eeb0b3641c","18","6afda059-04a5-4308-b776-a532ed142284",238
"035a43cf-cf88-4675-85e7-11eeb0b3641c","18","f61f9030-d814-495d-af95-0e643697de64",352
"035a43cf-cf88-4675-85e7-11eeb0b3641c","18","5445f170-12c1-48fc-9563-3709dd2993b0",980
"65681129-f83c-4293-9ce3-9d1429367fd0","19","34359006-f70f-438e-85d0-420cf2fe6944",156
"65681129-f83c-4293-9ce3-9d1429367fd0","19","20f3c152-6ebf-49db-8e1a-00eebd99feb6",672
"65681129-f83c-4293-9ce3-9d1429367fd0","19","213479f7-39af-4b83-b0e9-4ba473d27429",756
"65681129-f83c-4293-9ce3-9d1429367fd0","19","7bdf6ed6-acf9-4a7b-84fe-7e4f96f9582a",421
"65681129-f83c-4293-9ce3-9d1429367fd0","19","cc2a8b56-732c-4e4c-a058-248783b68587",489
"65681129-f83c-4293-9ce3-9d1429367fd0","19","dd13fcba-0ae1-43d3-9d32-1672ed84f151",327
"65681129-f83c-4293-9ce3-9d1429367fd0","19","6afda059-04a5-4308-b776-a532ed142284",238
"65681129-f83c-4293-9ce3-9d1429367fd0","19","f61f9030-d814-495d-af95-0e643697de64",352
"65681129-f83c-4293-9ce3-9d1429367fd0","19","5445f170-12c1-48fc-9563-3709dd2993b0",980
"398e712a-fae6-451d-83c9-a7e500227e62","17","34359006-f70f-438e-85d0-420cf2fe6944",156
"398e712a-fae6-451d-83c9-a7e500227e62","17","20f3c152-6ebf-49db-8e1a-00eebd99feb6",672
"398e712a-fae6-451d-83c9-a7e500227e62","17","213479f7-39af-4b83-b0e9-4ba473d27429",756
"398e712a-fae6-451d-83c9-a7e500227e62","17","7bdf6ed6-acf9-4a7b-84fe-7e4f96f9582a",421
"398e712a-fae6-451d-83c9-a7e500227e62","17","cc2a8b56-732c-4e4c-a058-248783b68587",489
"398e712a-fae6-451d-83c9-a7e500227e62","17","dd13fcba-0ae1-43d3-9d32-1672ed84f151",327
"398e712a-fae6-451d-83c9-a7e500227e62","17","6afda059-04a5-4308-b776-a532ed142284",238
"398e712a-fae6-451d-83c9-a7e500227e62","17","f61f9030-d814-495d-af95-0e643697de64",352
"398e712a-fae6-451d-83c9-a7e500227e62","17","5445f170-12c1-48fc-9563-3709dd2993b0",980
"4995f6d3-50ed-427d-9cf2-4ea0b81a229c","15","34359006-f70f-438e-85d0-420cf2fe6944",156
"4995f6d3-50ed-427d-9cf2-4ea0b81a229c","15","20f3c152-6ebf-49db-8e1a-00eebd99feb6",672
"4995f6d3-50ed-427d-9cf2-4ea0b81a229c","15","213479f7-39af-4b83-b0e9-4ba473d27429",756
"4995f6d3-50ed-427d-9cf2-4ea0b81a229c","15","7bdf6ed6-acf9-4a7b-84fe-7e4f96f9582a",421
"4995f6d3-50ed-427d-9cf2-4ea0b81a229c","15","cc2a8b56-732c-4e4c-a058-248783b68587",489
"4995f6d3-50ed-427d-9cf2-4ea0b81a229c","15","dd13fcba-0ae1-43d3-9d32-1672ed84f151",327
"4995f6d3-50ed-427d-9cf2-4ea0b81a229c","15","6afda059-04a5-4308-b776-a532ed142284",238
"4995f6d3-50ed-427d-9cf2-4ea0b81a229c","15","f61f9030-d814-495d-af95-0e643697de64",352
"4995f6d3-50ed-427d-9cf2-4ea0b81a229c","15","5445f170-12c1-48fc-9563-3709dd2993b0",980
"27e050a3-45e8-4076-9c25-32be9040da4e","16","34359006-f70f-438e-85d0-420cf2fe6944",156
"27e050a3-45e8-4076-9c25-32be9040da4e","16","20f3c152-6ebf-49db-8e1a-00eebd99feb6",672
"27e050a3-45e8-4076-9c25-32be9040da4e","16","213479f7-39af-4b83-b0e9-4ba473d27429",756
"27e050a3-45e8-4076-9c25-32be9040da4e","16","7bdf6ed6-acf9-4a7b-84fe-7e4f96f9582a",421
"27e050a3-45e8-4076-9c25-32be9040da4e","16","cc2a8b56-732c-4e4c-a058-248783b68587",489
"27e050a3-45e8-4076-9c25-32be9040da4e","16","dd13fcba-0ae1-43d3-9d32-1672ed84f151",327
"27e050a3-45e8-4076-9c25-32be9040da4e","16","6afda059-04a5-4308-b776-a532ed142284",238
"27e050a3-45e8-4076-9c25-32be9040da4e","16","f61f9030-d814-495d-af95-0e643697de64",352
"27e050a3-45e8-4076-9c25-32be9040da4e","16","5445f170-12c1-48fc-9563-3709dd2993b0",980
"06026e76-f9a4-4fb9-877d-bcd33373cdab","13","34359006-f70f-438e-85d0-420cf2fe6944",156
"06026e76-f9a4-4fb9-877d-bcd33373cdab","13","20f3c152-6ebf-49db-8e1a-00eebd99feb6",672
"06026e76-f9a4-4fb9-877d-bcd33373cdab","13","213479f7-39af-4b83-b0e9-4ba473d27429",756
"06026e76-f9a4-4fb9-877d-bcd33373cdab","13","7bdf6ed6-acf9-4a7b-84fe-7e4f96f9582a",421
"06026e76-f9a4-4fb9-877d-bcd33373cdab","13","cc2a8b56-732c-4e4c-a058-248783b68587",489
"06026e76-f9a4-4fb9-877d-bcd33373cdab","13","dd13fcba-0ae1-43d3-9d32-1672ed84f151",327
"06026e76-f9a4-4fb9-877d-bcd33373cdab","13","6afda059-04a5-4308-b776-a532ed142284",238
"06026e76-f9a4-4fb9-877d-bcd33373cdab","13","f61f9030-d814-495d-af95-0e643697de64",352
"06026e76-f9a4-4fb9-877d-bcd33373cdab","13","5445f170-12c1-48fc-9563-3709dd2993b0",980
"9f8068fd-f5cc-4e1a-946a-c9beb8b4d05a","14","34359006-f70f-438e-85d0-420cf2fe6944",156
"9f8068fd-f5cc-4e1a-946a-c9beb8b4d05a","14","20f3c152-6ebf-49db-8e1a-00eebd99feb6",672
"9f8068fd-f5cc-4e1a-946a-c9beb8b4d05a","14","213479f7-39af-4b83-b0e9-4ba473d27429",756
"9f8068fd-f5cc-4e1a-946a-c9beb8b4d05a","14","7bdf6ed6-acf9-4a7b-84fe-7e4f96f9582a",421
"9f8068fd-f5cc-4e1a-946a-c9beb8b4d05a","14","cc2a8b56-732c-4e4c-a058-248783b68587",489
"9f8068fd-f5cc-4e1a-946a-c9beb8b4d05a","14","dd13fcba-0ae1-43d3-9d32-1672ed84f151",327
"9f8068fd-f5cc-4e1a-946a-c9beb8b4d05a","14","6afda059-04a5-4308-b776-a532ed142284",238
"9f8068fd-f5cc-4e1a-946a-c9beb8b4d05a","14","f61f9030-d814-495d-af95-0e643697de64",352
"9f8068fd-f5cc-4e1a-946a-c9beb8b4d05a","14","5445f170-12c1-48fc-9563-3709dd2993b0",980
"919c7921-7cef-4620-a2fe-766180ed2fbb","12","34359006-f70f-438e-85d0-420cf2fe6944",156
"919c7921-7cef-4620-a2fe-766180ed2fbb","12","20f3c152-6ebf-49db-8e1a-00eebd99feb6",672
"919c7921-7cef-4620-a2fe-766180ed2fbb","12","213479f7-39af-4b83-b0e9-4ba473d27429",756
"919c7921-7cef-4620-a2fe-766180ed2fbb","12","7bdf6ed6-acf9-4a7b-84fe-7e4f96f9582a",421
"919c7921-7cef-4620-a2fe-766180ed2fbb","12","cc2a8b56-732c-4e4c-a058-248783b68587",489
"919c7921-7cef-4620-a2fe-766180ed2fbb","12","dd13fcba-0ae1-43d3-9d32-1672ed84f151",327
"919c7921-7cef-4620-a2fe-766180ed2fbb","12","6afda059-04a5-4308-b776-a532ed142284",238
"919c7921-7cef-4620-a2fe-766180ed2fbb","12","f61f9030-d814-495d-af95-0e643697de64",352
"919c7921-7cef-4620-a2fe-766180ed2fbb","12","5445f170-12c1-48fc-9563-3709dd2993b0",980
"de86783a-ac86-419a-a230-dad6b421fba4","11","34359006-f70f-438e-85d0-420cf2fe6944",156
"de86783a-ac86-419a-a230-dad6b421fba4","11","20f3c152-6ebf-49db-8e1a-00eebd99feb6",672
"de86783a-ac86-419a-a230-dad6b421fba4","11","213479f7-39af-4b83-b0e9-4ba473d27429",756
"de86783a-ac86-419a-a230-dad6b421fba4","11","7bdf6ed6-acf9-4a7b-84fe-7e4f96f9582a",421
"de86783a-ac86-419a-a230-dad6b421fba4","11","cc2a8b56-732c-4e4c-a058-248783b68587",489
"de86783a-ac86-419a-a230-dad6b421fba4","11","dd13fcba-0ae1-43d3-9d32-1672ed84f151",327
"de86783a-ac86-419a-a230-dad6b421fba4","11","6afda059-04a5-4308-b776-a532ed142284",238
"de86783a-ac86-419a-a230-dad6b421fba4","11","f61f9030-d814-495d-af95-0e643697de64",352
"de86783a-ac86-419a-a230-dad6b421fba4","11","5445f170-12c1-48fc-9563-3709dd2993b0",980
"cea293cd-b0b1-40ea-8e71-756b3956e8ad","10","34359006-f70f-438e-85d0-420cf2fe6944",156
"cea293cd-b0b1-40ea-8e71-756b3956e8ad","10","20f3c152-6ebf-49db-8e1a-00eebd99feb6",672
"cea293cd-b0b1-40ea-8e71-756b3956e8ad","10","213479f7-39af-4b83-b0e9-4ba473d27429",756
"cea293cd-b0b1-40ea-8e71-756b3956e8ad","10","7bdf6ed6-acf9-4a7b-84fe-7e4f96f9582a",421
"cea293cd-b0b1-40ea-8e71-756b3956e8ad","10","cc2a8b56-732c-4e4c-a058-248783b68587",489
"cea293cd-b0b1-40ea-8e71-756b3956e8ad","10","dd13fcba-0ae1-43d3-9d32-1672ed84f151",327
"cea293cd-b0b1-40ea-8e71-756b3956e8ad","10","6afda059-04a5-4308-b776-a532ed142284",238
"cea293cd-b0b1-40ea-8e71-756b3956e8ad","10","f61f9030-d814-495d-af95-0e643697de64",352
"cea293cd-b0b1-40ea-8e71-756b3956e8ad","10","5445f170-12c1-48fc-9563-3709dd2993b0",980
"055d198c-f8b0-47b7-9eb3-94fc57808f93","9","34359006-f70f-438e-85d0-420cf2fe6944",156
"055d198c-f8b0-47b7-9eb3-94fc57808f93","9","20f3c152-6ebf-49db-8e1a-00eebd99feb6",672
"055d198c-f8b0-47b7-9eb3-94fc57808f93","9","213479f7-39af-4b83-b0e9-4ba473d27429",756
"055d198c-f8b0-47b7-9eb3-94fc57808f93","9","7bdf6ed6-acf9-4a7b-84fe-7e4f96f9582a",421
"055d198c-f8b0-47b7-9eb3-94fc57808f93","9","cc2a8b56-732c-4e4c-a058-248783b68587",489
"055d198c-f8b0-47b7-9eb3-94fc57808f93","9","dd13fcba-0ae1-43d3-9d32-1672ed84f151",327
"055d198c-f8b0-47b7-9eb3-94fc57808f93","9","6afda059-04a5-4308-b776-a532ed142284",238
"055d198c-f8b0-47b7-9eb3-94fc57808f93","9","f61f9030-d814-495d-af95-0e643697de64",352
"055d198c-f8b0-47b7-9eb3-94fc57808f93","9","5445f170-12c1-48fc-9563-3709dd2993b0",980
"54c68134-2c2a-4f2e-974b-32310830af0e","8","34359006-f70f-438e-85d0-420cf2fe6944",156
"54c68134-2c2a-4f2e-974b-32310830af0e","8","20f3c152-6ebf-49db-8e1a-00eebd99feb6",672
"54c68134-2c2a-4f2e-974b-32310830af0e","8","213479f7-39af-4b83-b0e9-4ba473d27429",756
"54c68134-2c2a-4f2e-974b-32310830af0e","8","7bdf6ed6-acf9-4a7b-84fe-7e4f96f9582a",421
"54c68134-2c2a-4f2e-974b-32310830af0e","8","cc2a8b56-732c-4e4c-a058-248783b68587",489
"54c68134-2c2a-4f2e-974b-32310830af0e","8","dd13fcba-0ae1-43d3-9d32-1672ed84f151",327
"54c68134-2c2a-4f2e-974b-32310830af0e","8","6afda059-04a5-4308-b776-a532ed142284",238
"54c68134-2c2a-4f2e-974b-32310830af0e","8","f61f9030-d814-495d-af95-0e643697de64",352
"54c68134-2c2a-4f2e-974b-32310830af0e","8","5445f170-12c1-48fc-9563-3709dd2993b0",980
"df6523cd-3270-4298-8d6f-00aa8e9455e6","7","34359006-f70f-438e-85d0-420cf2fe6944",156
"df6523cd-3270-4298-8d6f-00aa8e9455e6","7","20f3c152-6ebf-49db-8e1a-00eebd99feb6",672
"df6523cd-3270-4298-8d6f-00aa8e9455e6","7","213479f7-39af-4b83-b0e9-4ba473d27429",756
"df6523cd-3270-4298-8d6f-00aa8e9455e6","7","7bdf6ed6-acf9-4a7b-84fe-7e4f96f9582a",421
"df6523cd-3270-4298-8d6f-00aa8e9455e6","7","cc2a8b56-732c-4e4c-a058-248783b68587",489
"df6523cd-3270-4298-8d6f-00aa8e9455e6","7","dd13fcba-0ae1-43d3-9d32-1672ed84f151",327
"df6523cd-3270-4298-8d6f-00aa8e9455e6","7","6afda059-04a5-4308-b776-a532ed142284",238
"df6523cd-3270-4298-8d6f-00aa8e9455e6","7","f61f9030-d814-495d-af95-0e643697de64",352
"df6523cd-3270-4298-8d6f-00aa8e9455e6","7","5445f170-12c1-48fc-9563-3709dd2993b0",980
"9610f0dd-ff9f-4bd4-b311-459a04f965ca","5","34359006-f70f-438e-85d0-420cf2fe6944",156
"9610f0dd-ff9f-4bd4-b311-459a04f965ca","5","20f3c152-6ebf-49db-8e1a-00eebd99feb6",672
"9610f0dd-ff9f-4bd4-b311-459a04f965ca","5","213479f7-39af-4b83-b0e9-4ba473d27429",756
"9610f0dd-ff9f-4bd4-b311-459a04f965ca","5","7bdf6ed6-acf9-4a7b-84fe-7e4f96f9582a",421
"9610f0dd-ff9f-4bd4-b311-459a04f965ca","5","cc2a8b56-732c-4e4c-a058-248783b68587",489
"9610f0dd-ff9f-4bd4-b311-459a04f965ca","5","dd13fcba-0ae1-43d3-9d32-1672ed84f151",327
"9610f0dd-ff9f-4bd4-b311-459a04f965ca","5","6afda059-04a5-4308-b776-a532ed142284",238
"9610f0dd-ff9f-4bd4-b311-459a04f965ca","5","f61f9030-d814-495d-af95-0e643697de64",352
"9610f0dd-ff9f-4bd4-b311-459a04f965ca","5","5445f170-12c1-48fc-9563-3709dd2993b0",980
"aa2c1d96-ec88-4bcb-8d0e-e2b0c7632af1","6","34359006-f70f-438e-85d0-420cf2fe6944",156
"aa2c1d96-ec88-4bcb-8d0e-e2b0c7632af1","6","20f3c152-6ebf-49db-8e1a-00eebd99feb6",672
"aa2c1d96-ec88-4bcb-8d0e-e2b0c7632af1","6","213479f7-39af-4b83-b0e9-4ba473d27429",756
"aa2c1d96-ec88-4bcb-8d0e-e2b0c7632af1","6","7bdf6ed6-acf9-4a7b-84fe-7e4f96f9582a",421
"aa2c1d96-ec88-4bcb-8d0e-e2b0c7632af1","6","cc2a8b56-732c-4e4c-a058-248783b68587",489
"aa2c1d96-ec88-4bcb-8d0e-e2b0c7632af1","6","dd13fcba-0ae1-43d3-9d32-1672ed84f151",327
"aa2c1d96-ec88-4bcb-8d0e-e2b0c7632af1","6","6afda059-04a5-4308-b776-a532ed142284",238
"aa2c1d96-ec88-4bcb-8d0e-e2b0c7632af1","6","f61f9030-d814-495d-af95-0e643697de64",352
"aa2c1d96-ec88-4bcb-8d0e-e2b0c7632af1","6","5445f170-12c1-48fc-9563-3709dd2993b0",980
"646465ef-0ad6-44cc-bd31-de24e1487943","4","34359006-f70f-438e-85d0-420cf2fe6944",156
"646465ef-0ad6-44cc-bd31-de24e1487943","4","20f3c152-6ebf-49db-8e1a-00eebd99feb6",672
"646465ef-0ad6-44cc-bd31-de24e1487943","4","213479f7-39af-4b83-b0e9-4ba473d27429",756
"646465ef-0ad6-44cc-bd31-de24e1487943","4","7bdf6ed6-acf9-4a7b-84fe-7e4f96f9582a",421
"646465ef-0ad6-44cc-bd31-de24e1487943","4","cc2a8b56-732c-4e4c-a058-248783b68587",489
"646465ef-0ad6-44cc-bd31-de24e1487943","4","dd13fcba-0ae1-43d3-9d32-1672ed84f151",327
"646465ef-0ad6-44cc-bd31-de24e1487943","4","6afda059-04a5-4308-b776-a532ed142284",238
"646465ef-0ad6-44cc-bd31-de24e1487943","4","f61f9030-d814-495d-af95-0e643697de64",352
"646465ef-0ad6-44cc-bd31-de24e1487943","4","5445f170-12c1-48fc-9563-3709dd2993b0",980
"10e732f6-9a6a-474a-82e2-a4060fc8dffe","3","34359006-f70f-438e-85d0-420cf2fe6944",156
"10e732f6-9a6a-474a-82e2-a4060fc8dffe","3","20f3c152-6ebf-49db-8e1a-00eebd99feb6",672
"10e732f6-9a6a-474a-82e2-a4060fc8dffe","3","213479f7-39af-4b83-b0e9-4ba473d27429",756
"10e732f6-9a6a-474a-82e2-a4060fc8dffe","3","7bdf6ed6-acf9-4a7b-84fe-7e4f96f9582a",421
"10e732f6-9a6a-474a-82e2-a4060fc8dffe","3","cc2a8b56-732c-4e4c-a058-248783b68587",489
"10e732f6-9a6a-474a-82e2-a4060fc8dffe","3","dd13fcba-0ae1-43d3-9d32-1672ed84f151",327
"10e732f6-9a6a-474a-82e2-a4060fc8dffe","3","6afda059-04a5-4308-b776-a532ed142284",238
"10e732f6-9a6a-474a-82e2-a4060fc8dffe","3","f61f9030-d814-495d-af95-0e643697de64",352
"10e732f6-9a6a-474a-82e2-a4060fc8dffe","3","5445f170-12c1-48fc-9563-3709dd2993b0",980
"9560482a-f0a3-4f68-a311-03d22aedbd05","1","34359006-f70f-438e-85d0-420cf2fe6944",156
"9560482a-f0a3-4f68-a311-03d22aedbd05","1","20f3c152-6ebf-49db-8e1a-00eebd99feb6",672
"9560482a-f0a3-4f68-a311-03d22aedbd05","1","213479f7-39af-4b83-b0e9-4ba473d27429",756
"9560482a-f0a3-4f68-a311-03d22aedbd05","1","7bdf6ed6-acf9-4a7b-84fe-7e4f96f9582a",421
"9560482a-f0a3-4f68-a311-03d22aedbd05","1","cc2a8b56-732c-4e4c-a058-248783b68587",489
"9560482a-f0a3-4f68-a311-03d22aedbd05","1","dd13fcba-0ae1-43d3-9d32-1672ed84f151",327
"9560482a-f0a3-4f68-a311-03d22aedbd05","1","6afda059-04a5-4308-b776-a532ed142284",238
"9560482a-f0a3-4f68-a311-03d22aedbd05","1","f61f9030-d814-495d-af95-0e643697de64",352
"9560482a-f0a3-4f68-a311-03d22aedbd05","1","5445f170-12c1-48fc-9563-3709dd2993b0",980
"131ecf76-b806-4557-b2c0-183a418357ba","2","34359006-f70f-438e-85d0-420cf2fe6944",156
"131ecf76-b806-4557-b2c0-183a418357ba","2","20f3c152-6ebf-49db-8e1a-00eebd99feb6",672
"131ecf76-b806-4557-b2c0-183a418357ba","2","213479f7-39af-4b83-b0e9-4ba473d27429",756
"131ecf76-b806-4557-b2c0-183a418357ba","2","7bdf6ed6-acf9-4a7b-84fe-7e4f96f9582a",421
"131ecf76-b806-4557-b2c0-183a418357ba","2","cc2a8b56-732c-4e4c-a058-248783b68587",489
"131ecf76-b806-4557-b2c0-183a418357ba","2","dd13fcba-0ae1-43d3-9d32-1672ed84f151",327
"131ecf76-b806-4557-b2c0-183a418357ba","2","6afda059-04a5-4308-b776-a532ed142284",238
"131ecf76-b806-4557-b2c0-183a418357ba","2","f61f9030-d814-495d-af95-0e643697de64",352
"131ecf76-b806-4557-b2c0-183a418357ba","2","5445f170-12c1-48fc-9563-3709dd2993b0",980
"38c90b27-ea8c-4111-a922-4e81390fefab","37","34359006-f70f-438e-85d0-420cf2fe6944",156
"38c90b27-ea8c-4111-a922-4e81390fefab","37","20f3c152-6ebf-49db-8e1a-00eebd99feb6",672
"38c90b27-ea8c-4111-a922-4e81390fefab","37","213479f7-39af-4b83-b0e9-4ba473d27429",756
"38c90b27-ea8c-4111-a922-4e81390fefab","37","7bdf6ed6-acf9-4a7b-84fe-7e4f96f9582a",421
"38c90b27-ea8c-4111-a922-4e81390fefab","37","cc2a8b56-732c-4e4c-a058-248783b68587",489
"38c90b27-ea8c-4111-a922-4e81390fefab","37","dd13fcba-0ae1-43d3-9d32-1672ed84f151",327
"38c90b27-ea8c-4111-a922-4e81390fefab","37","6afda059-04a5-4308-b776-a532ed142284",238
"38c90b27-ea8c-4111-a922-4e81390fefab","37","f61f9030-d814-495d-af95-0e643697de64",352
"38c90b27-ea8c-4111-a922-4e81390fefab","37","5445f170-12c1-48fc-9563-3709dd2993b0",980
"5b5b9eb7-f06a-48a3-b3e8-675a7f2faf18","36","34359006-f70f-438e-85d0-420cf2fe6944",156
"5b5b9eb7-f06a-48a3-b3e8-675a7f2faf18","36","20f3c152-6ebf-49db-8e1a-00eebd99feb6",672
"5b5b9eb7-f06a-48a3-b3e8-675a7f2faf18","36","213479f7-39af-4b83-b0e9-4ba473d27429",756
"5b5b9eb7-f06a-48a3-b3e8-675a7f2faf18","36","7bdf6ed6-acf9-4a7b-84fe-7e4f96f9582a",421
"5b5b9eb7-f06a-48a3-b3e8-675a7f2faf18","36","cc2a8b56-732c-4e4c-a058-248783b68587",489
"5b5b9eb7-f06a-48a3-b3e8-675a7f2faf18","36","dd13fcba-0ae1-43d3-9d32-1672ed84f151",327
"5b5b9eb7-f06a-48a3-b3e8-675a7f2faf18","36","6afda059-04a5-4308-b776-a532ed142284",238
"5b5b9eb7-f06a-48a3-b3e8-675a7f2faf18","36","f61f9030-d814-495d-af95-0e643697de64",352
"5b5b9eb7-f06a-48a3-b3e8-675a7f2faf18","36","5445f170-12c1-48fc-9563-3709dd2993b0",980
"0cd83ffd-f258-4775-a358-c55074060d88","34","34359006-f70f-438e-85d0-420cf2fe6944",156
"0cd83ffd-f258-4775-a358-c55074060d88","34","20f3c152-6ebf-49db-8e1a-00eebd99feb6",672
"0cd83ffd-f258-4775-a358-c55074060d88","34","213479f7-39af-4b83-b0e9-4ba473d27429",756
"0cd83ffd-f258-4775-a358-c55074060d88","34","7bdf6ed6-acf9-4a7b-84fe-7e4f96f9582a",421
"0cd83ffd-f258-4775-a358-c55074060d88","34","cc2a8b56-732c-4e4c-a058-248783b68587",489
"0cd83ffd-f258-4775-a358-c55074060d88","34","dd13fcba-0ae1-43d3-9d32-1672ed84f151",327
"0cd83ffd-f258-4775-a358-c55074060d88","34","6afda059-04a5-4308-b776-a532ed142284",238
"0cd83ffd-f258-4775-a358-c55074060d88","34","f61f9030-d814-495d-af95-0e643697de64",352
"0cd83ffd-f258-4775-a358-c55074060d88","34","5445f170-12c1-48fc-9563-3709dd2993b0",980
"c19419a4-de5b-4642-b925-120bf7999f25","33","34359006-f70f-438e-85d0-420cf2fe6944",156
"c19419a4-de5b-4642-b925-120bf7999f25","33","20f3c152-6ebf-49db-8e1a-00eebd99feb6",672
"c19419a4-de5b-4642-b925-120bf7999f25","33","213479f7-39af-4b83-b0e9-4ba473d27429",756
"c19419a4-de5b-4642-b925-120bf7999f25","33","7bdf6ed6-acf9-4a7b-84fe-7e4f96f9582a",421
"c19419a4-de5b-4642-b925-120bf7999f25","33","cc2a8b56-732c-4e4c-a058-248783b68587",489
"c19419a4-de5b-4642-b925-120bf7999f25","33","dd13fcba-0ae1-43d3-9d32-1672ed84f151",327
"c19419a4-de5b-4642-b925-120bf7999f25","33","6afda059-04a5-4308-b776-a532ed142284",238
"c19419a4-de5b-4642-b925-120bf7999f25","33","f61f9030-d814-495d-af95-0e643697de64",352
"c19419a4-de5b-4642-b925-120bf7999f25","33","5445f170-12c1-48fc-9563-3709dd2993b0",980
"6caef30c-9e58-4bd8-bf6a-e3dcac4256f1","32","34359006-f70f-438e-85d0-420cf2fe6944",156
"6caef30c-9e58-4bd8-bf6a-e3dcac4256f1","32","20f3c152-6ebf-49db-8e1a-00eebd99feb6",672
"6caef30c-9e58-4bd8-bf6a-e3dcac4256f1","32","213479f7-39af-4b83-b0e9-4ba473d27429",756
"6caef30c-9e58-4bd8-bf6a-e3dcac4256f1","32","7bdf6ed6-acf9-4a7b-84fe-7e4f96f9582a",421
"6caef30c-9e58-4bd8-bf6a-e3dcac4256f1","32","cc2a8b56-732c-4e4c-a058-248783b68587",489
"6caef30c-9e58-4bd8-bf6a-e3dcac4256f1","32","dd13fcba-0ae1-43d3-9d32-1672ed84f151",327
"6caef30c-9e58-4bd8-bf6a-e3dcac4256f1","32","6afda059-04a5-4308-b776-a532ed142284",238
"6caef30c-9e58-4bd8-bf6a-e3dcac4256f1","32","f61f9030-d814-495d-af95-0e643697de64",352
"6caef30c-9e58-4bd8-bf6a-e3dcac4256f1","32","5445f170-12c1-48fc-9563-3709dd2993b0",980
"98a2ab99-afcb-447e-ae8d-4b96b374e4d7","31","34359006-f70f-438e-85d0-420cf2fe6944",156
"98a2ab99-afcb-447e-ae8d-4b96b374e4d7","31","20f3c152-6ebf-49db-8e1a-00eebd99feb6",672
"98a2ab99-afcb-447e-ae8d-4b96b374e4d7","31","213479f7-39af-4b83-b0e9-4ba473d27429",756
"98a2ab99-afcb-447e-ae8d-4b96b374e4d7","31","7bdf6ed6-acf9-4a7b-84fe-7e4f96f9582a",421
"98a2ab99-afcb-447e-ae8d-4b96b374e4d7","31","cc2a8b56-732c-4e4c-a058-248783b68587",489
"98a2ab99-afcb-447e-ae8d-4b96b374e4d7","31","dd13fcba-0ae1-43d3-9d32-1672ed84f151",327
"98a2ab99-afcb-447e-ae8d-4b96b374e4d7","31","6afda059-04a5-4308-b776-a532ed142284",238
"98a2ab99-afcb-447e-ae8d-4b96b374e4d7","31","f61f9030-d814-495d-af95-0e643697de64",352
"98a2ab99-afcb-447e-ae8d-4b96b374e4d7","31","5445f170-12c1-48fc-9563-3709dd2993b0",980
"4436282c-7d0f-4334-ba8d-80b7cfe2b849","30","34359006-f70f-438e-85d0-420cf2fe6944",156
"4436282c-7d0f-4334-ba8d-80b7cfe2b849","30","20f3c152-6ebf-49db-8e1a-00eebd99feb6",672
"4436282c-7d0f-4334-ba8d-80b7cfe2b849","30","213479f7-39af-4b83-b0e9-4ba473d27429",756
"4436282c-7d0f-4334-ba8d-80b7cfe2b849","30","7bdf6ed6-acf9-4a7b-84fe-7e4f96f9582a",421
"4436282c-7d0f-4334-ba8d-80b7cfe2b849","30","cc2a8b56-732c-4e4c-a058-248783b68587",489
"4436282c-7d0f-4334-ba8d-80b7cfe2b849","30","dd13fcba-0ae1-43d3-9d32-1672ed84f151",327
"4436282c-7d0f-4334-ba8d-80b7cfe2b849","30","6afda059-04a5-4308-b776-a532ed142284",238
"4436282c-7d0f-4334-ba8d-80b7cfe2b849","30","f61f9030-d814-495d-af95-0e643697de64",352
"4436282c-7d0f-4334-ba8d-80b7cfe2b849","30","5445f170-12c1-48fc-9563-3709dd2993b0",980
