"id","num_stimulus","var_x","var_y","id_tester","id_item"
"1","156",0,0,"9560482a-f0a3-4f68-a311-03d22aedbd05","34359006-f70f-438e-85d0-420cf2fe6944"
"1","238",0,0,"9560482a-f0a3-4f68-a311-03d22aedbd05","6afda059-04a5-4308-b776-a532ed142284"
"1","327",0,0,"9560482a-f0a3-4f68-a311-03d22aedbd05","dd13fcba-0ae1-43d3-9d32-1672ed84f151"
"1","352",0,0,"9560482a-f0a3-4f68-a311-03d22aedbd05","f61f9030-d814-495d-af95-0e643697de64"
"1","421",0,0,"9560482a-f0a3-4f68-a311-03d22aedbd05","7bdf6ed6-acf9-4a7b-84fe-7e4f96f9582a"
"1","489",0,0,"9560482a-f0a3-4f68-a311-03d22aedbd05","cc2a8b56-732c-4e4c-a058-248783b68587"
"1","672",0,0,"9560482a-f0a3-4f68-a311-03d22aedbd05","20f3c152-6ebf-49db-8e1a-00eebd99feb6"
"1","756",0,0,"9560482a-f0a3-4f68-a311-03d22aedbd05","213479f7-39af-4b83-b0e9-4ba473d27429"
"1","980",0,0,"9560482a-f0a3-4f68-a311-03d22aedbd05","5445f170-12c1-48fc-9563-3709dd2993b0"
"2","156",0,-15,"131ecf76-b806-4557-b2c0-183a418357ba","34359006-f70f-438e-85d0-420cf2fe6944"
"2","238",3,-22,"131ecf76-b806-4557-b2c0-183a418357ba","6afda059-04a5-4308-b776-a532ed142284"
"2","327",0,-14,"131ecf76-b806-4557-b2c0-183a418357ba","dd13fcba-0ae1-43d3-9d32-1672ed84f151"
"2","352",0,-25,"131ecf76-b806-4557-b2c0-183a418357ba","f61f9030-d814-495d-af95-0e643697de64"
"2","421",0,-27,"131ecf76-b806-4557-b2c0-183a418357ba","7bdf6ed6-acf9-4a7b-84fe-7e4f96f9582a"
"2","489",0,-27,"131ecf76-b806-4557-b2c0-183a418357ba","cc2a8b56-732c-4e4c-a058-248783b68587"
"2","672",0,-20,"131ecf76-b806-4557-b2c0-183a418357ba","20f3c152-6ebf-49db-8e1a-00eebd99feb6"
"2","756",4,-19,"131ecf76-b806-4557-b2c0-183a418357ba","213479f7-39af-4b83-b0e9-4ba473d27429"
"2","980",2,-17,"131ecf76-b806-4557-b2c0-183a418357ba","5445f170-12c1-48fc-9563-3709dd2993b0"
"3","156",0,-29,"10e732f6-9a6a-474a-82e2-a4060fc8dffe","34359006-f70f-438e-85d0-420cf2fe6944"
"3","238",4,-31,"10e732f6-9a6a-474a-82e2-a4060fc8dffe","6afda059-04a5-4308-b776-a532ed142284"
"3","327",2,-29,"10e732f6-9a6a-474a-82e2-a4060fc8dffe","dd13fcba-0ae1-43d3-9d32-1672ed84f151"
"3","352",13,-34,"10e732f6-9a6a-474a-82e2-a4060fc8dffe","f61f9030-d814-495d-af95-0e643697de64"
"3","421",17,-18,"10e732f6-9a6a-474a-82e2-a4060fc8dffe","7bdf6ed6-acf9-4a7b-84fe-7e4f96f9582a"
"3","489",11,-13,"10e732f6-9a6a-474a-82e2-a4060fc8dffe","cc2a8b56-732c-4e4c-a058-248783b68587"
"3","672",0,-22,"10e732f6-9a6a-474a-82e2-a4060fc8dffe","20f3c152-6ebf-49db-8e1a-00eebd99feb6"
"3","756",0,-22,"10e732f6-9a6a-474a-82e2-a4060fc8dffe","213479f7-39af-4b83-b0e9-4ba473d27429"
"3","980",0,-26,"10e732f6-9a6a-474a-82e2-a4060fc8dffe","5445f170-12c1-48fc-9563-3709dd2993b0"
"4","156",0,0,"646465ef-0ad6-44cc-bd31-de24e1487943","34359006-f70f-438e-85d0-420cf2fe6944"
"4","238",0,0,"646465ef-0ad6-44cc-bd31-de24e1487943","6afda059-04a5-4308-b776-a532ed142284"
"4","327",0,0,"646465ef-0ad6-44cc-bd31-de24e1487943","dd13fcba-0ae1-43d3-9d32-1672ed84f151"
"4","352",0,0,"646465ef-0ad6-44cc-bd31-de24e1487943","f61f9030-d814-495d-af95-0e643697de64"
"4","421",11,4,"646465ef-0ad6-44cc-bd31-de24e1487943","7bdf6ed6-acf9-4a7b-84fe-7e4f96f9582a"
"4","489",0,0,"646465ef-0ad6-44cc-bd31-de24e1487943","cc2a8b56-732c-4e4c-a058-248783b68587"
"4","672",0,0,"646465ef-0ad6-44cc-bd31-de24e1487943","20f3c152-6ebf-49db-8e1a-00eebd99feb6"
"4","756",0,0,"646465ef-0ad6-44cc-bd31-de24e1487943","213479f7-39af-4b83-b0e9-4ba473d27429"
"4","980",0,0,"646465ef-0ad6-44cc-bd31-de24e1487943","5445f170-12c1-48fc-9563-3709dd2993b0"
"5","156",0,0,"9610f0dd-ff9f-4bd4-b311-459a04f965ca","34359006-f70f-438e-85d0-420cf2fe6944"
"5","238",0,0,"9610f0dd-ff9f-4bd4-b311-459a04f965ca","6afda059-04a5-4308-b776-a532ed142284"
"5","327",-2,-22,"9610f0dd-ff9f-4bd4-b311-459a04f965ca","dd13fcba-0ae1-43d3-9d32-1672ed84f151"
"5","352",0,-19,"9610f0dd-ff9f-4bd4-b311-459a04f965ca","f61f9030-d814-495d-af95-0e643697de64"
"5","421",1,-20,"9610f0dd-ff9f-4bd4-b311-459a04f965ca","7bdf6ed6-acf9-4a7b-84fe-7e4f96f9582a"
"5","489",-2,-8,"9610f0dd-ff9f-4bd4-b311-459a04f965ca","cc2a8b56-732c-4e4c-a058-248783b68587"
"5","672",-9,-11,"9610f0dd-ff9f-4bd4-b311-459a04f965ca","20f3c152-6ebf-49db-8e1a-00eebd99feb6"
"5","756",-3,-13,"9610f0dd-ff9f-4bd4-b311-459a04f965ca","213479f7-39af-4b83-b0e9-4ba473d27429"
"5","980",-8,-12,"9610f0dd-ff9f-4bd4-b311-459a04f965ca","5445f170-12c1-48fc-9563-3709dd2993b0"
"6","156",0,0,"aa2c1d96-ec88-4bcb-8d0e-e2b0c7632af1","34359006-f70f-438e-85d0-420cf2fe6944"
"6","238",0,0,"aa2c1d96-ec88-4bcb-8d0e-e2b0c7632af1","6afda059-04a5-4308-b776-a532ed142284"
"6","327",0,0,"aa2c1d96-ec88-4bcb-8d0e-e2b0c7632af1","dd13fcba-0ae1-43d3-9d32-1672ed84f151"
"6","352",0,14,"aa2c1d96-ec88-4bcb-8d0e-e2b0c7632af1","f61f9030-d814-495d-af95-0e643697de64"
"6","421",0,0,"aa2c1d96-ec88-4bcb-8d0e-e2b0c7632af1","7bdf6ed6-acf9-4a7b-84fe-7e4f96f9582a"
"6","489",0,0,"aa2c1d96-ec88-4bcb-8d0e-e2b0c7632af1","cc2a8b56-732c-4e4c-a058-248783b68587"
"6","672",-6,5,"aa2c1d96-ec88-4bcb-8d0e-e2b0c7632af1","20f3c152-6ebf-49db-8e1a-00eebd99feb6"
"6","756",-6,15,"aa2c1d96-ec88-4bcb-8d0e-e2b0c7632af1","213479f7-39af-4b83-b0e9-4ba473d27429"
"6","980",0,0,"aa2c1d96-ec88-4bcb-8d0e-e2b0c7632af1","5445f170-12c1-48fc-9563-3709dd2993b0"
"7","156",-10,19,"df6523cd-3270-4298-8d6f-00aa8e9455e6","34359006-f70f-438e-85d0-420cf2fe6944"
"7","238",0,0,"df6523cd-3270-4298-8d6f-00aa8e9455e6","6afda059-04a5-4308-b776-a532ed142284"
"7","327",0,0,"df6523cd-3270-4298-8d6f-00aa8e9455e6","dd13fcba-0ae1-43d3-9d32-1672ed84f151"
"7","352",0,0,"df6523cd-3270-4298-8d6f-00aa8e9455e6","f61f9030-d814-495d-af95-0e643697de64"
"7","421",0,0,"df6523cd-3270-4298-8d6f-00aa8e9455e6","7bdf6ed6-acf9-4a7b-84fe-7e4f96f9582a"
"7","489",0,0,"df6523cd-3270-4298-8d6f-00aa8e9455e6","cc2a8b56-732c-4e4c-a058-248783b68587"
"7","672",-6,10,"df6523cd-3270-4298-8d6f-00aa8e9455e6","20f3c152-6ebf-49db-8e1a-00eebd99feb6"
"7","756",0,0,"df6523cd-3270-4298-8d6f-00aa8e9455e6","213479f7-39af-4b83-b0e9-4ba473d27429"
"7","980",0,0,"df6523cd-3270-4298-8d6f-00aa8e9455e6","5445f170-12c1-48fc-9563-3709dd2993b0"
"8","156",-9,-20,"54c68134-2c2a-4f2e-974b-32310830af0e","34359006-f70f-438e-85d0-420cf2fe6944"
"8","238",0,-17,"54c68134-2c2a-4f2e-974b-32310830af0e","6afda059-04a5-4308-b776-a532ed142284"
"8","327",0,0,"54c68134-2c2a-4f2e-974b-32310830af0e","dd13fcba-0ae1-43d3-9d32-1672ed84f151"
"8","352",0,0,"54c68134-2c2a-4f2e-974b-32310830af0e","f61f9030-d814-495d-af95-0e643697de64"
"8","421",-10,-25,"54c68134-2c2a-4f2e-974b-32310830af0e","7bdf6ed6-acf9-4a7b-84fe-7e4f96f9582a"
"8","489",0,-10,"54c68134-2c2a-4f2e-974b-32310830af0e","cc2a8b56-732c-4e4c-a058-248783b68587"
"8","672",-5,-13,"54c68134-2c2a-4f2e-974b-32310830af0e","20f3c152-6ebf-49db-8e1a-00eebd99feb6"
"8","756",-1,-19,"54c68134-2c2a-4f2e-974b-32310830af0e","213479f7-39af-4b83-b0e9-4ba473d27429"
"8","980",-14,-16,"54c68134-2c2a-4f2e-974b-32310830af0e","5445f170-12c1-48fc-9563-3709dd2993b0"
"9","156",0,0,"055d198c-f8b0-47b7-9eb3-94fc57808f93","34359006-f70f-438e-85d0-420cf2fe6944"
"9","238",0,0,"055d198c-f8b0-47b7-9eb3-94fc57808f93","6afda059-04a5-4308-b776-a532ed142284"
"9","327",0,0,"055d198c-f8b0-47b7-9eb3-94fc57808f93","dd13fcba-0ae1-43d3-9d32-1672ed84f151"
"9","352",0,0,"055d198c-f8b0-47b7-9eb3-94fc57808f93","f61f9030-d814-495d-af95-0e643697de64"
"9","421",0,0,"055d198c-f8b0-47b7-9eb3-94fc57808f93","7bdf6ed6-acf9-4a7b-84fe-7e4f96f9582a"
"9","489",0,0,"055d198c-f8b0-47b7-9eb3-94fc57808f93","cc2a8b56-732c-4e4c-a058-248783b68587"
"9","672",0,0,"055d198c-f8b0-47b7-9eb3-94fc57808f93","20f3c152-6ebf-49db-8e1a-00eebd99feb6"
"9","756",0,0,"055d198c-f8b0-47b7-9eb3-94fc57808f93","213479f7-39af-4b83-b0e9-4ba473d27429"
"9","980",0,0,"055d198c-f8b0-47b7-9eb3-94fc57808f93","5445f170-12c1-48fc-9563-3709dd2993b0"
"10","156",16,-27,"cea293cd-b0b1-40ea-8e71-756b3956e8ad","34359006-f70f-438e-85d0-420cf2fe6944"
"10","238",19,-43,"cea293cd-b0b1-40ea-8e71-756b3956e8ad","6afda059-04a5-4308-b776-a532ed142284"
"10","327",15,-41,"cea293cd-b0b1-40ea-8e71-756b3956e8ad","dd13fcba-0ae1-43d3-9d32-1672ed84f151"
"10","352",27,-40,"cea293cd-b0b1-40ea-8e71-756b3956e8ad","f61f9030-d814-495d-af95-0e643697de64"
"10","421",19,-33,"cea293cd-b0b1-40ea-8e71-756b3956e8ad","7bdf6ed6-acf9-4a7b-84fe-7e4f96f9582a"
"10","489",23,-46,"cea293cd-b0b1-40ea-8e71-756b3956e8ad","cc2a8b56-732c-4e4c-a058-248783b68587"
"10","672",19,-36,"cea293cd-b0b1-40ea-8e71-756b3956e8ad","20f3c152-6ebf-49db-8e1a-00eebd99feb6"
"10","756",21,-39,"cea293cd-b0b1-40ea-8e71-756b3956e8ad","213479f7-39af-4b83-b0e9-4ba473d27429"
"10","980",11,-51,"cea293cd-b0b1-40ea-8e71-756b3956e8ad","5445f170-12c1-48fc-9563-3709dd2993b0"
"11","156",0,-13,"de86783a-ac86-419a-a230-dad6b421fba4","34359006-f70f-438e-85d0-420cf2fe6944"
"11","238",0,0,"de86783a-ac86-419a-a230-dad6b421fba4","6afda059-04a5-4308-b776-a532ed142284"
"11","327",0,-16,"de86783a-ac86-419a-a230-dad6b421fba4","dd13fcba-0ae1-43d3-9d32-1672ed84f151"
"11","352",0,0,"de86783a-ac86-419a-a230-dad6b421fba4","f61f9030-d814-495d-af95-0e643697de64"
"11","421",0,0,"de86783a-ac86-419a-a230-dad6b421fba4","7bdf6ed6-acf9-4a7b-84fe-7e4f96f9582a"
"11","489",0,0,"de86783a-ac86-419a-a230-dad6b421fba4","cc2a8b56-732c-4e4c-a058-248783b68587"
"11","672",0,0,"de86783a-ac86-419a-a230-dad6b421fba4","20f3c152-6ebf-49db-8e1a-00eebd99feb6"
"11","756",0,0,"de86783a-ac86-419a-a230-dad6b421fba4","213479f7-39af-4b83-b0e9-4ba473d27429"
"11","980",0,0,"de86783a-ac86-419a-a230-dad6b421fba4","5445f170-12c1-48fc-9563-3709dd2993b0"
"12","156",0,0,"919c7921-7cef-4620-a2fe-766180ed2fbb","34359006-f70f-438e-85d0-420cf2fe6944"
"12","238",0,0,"919c7921-7cef-4620-a2fe-766180ed2fbb","6afda059-04a5-4308-b776-a532ed142284"
"12","327",10,-11,"919c7921-7cef-4620-a2fe-766180ed2fbb","dd13fcba-0ae1-43d3-9d32-1672ed84f151"
"12","352",0,0,"919c7921-7cef-4620-a2fe-766180ed2fbb","f61f9030-d814-495d-af95-0e643697de64"
"12","421",0,0,"919c7921-7cef-4620-a2fe-766180ed2fbb","7bdf6ed6-acf9-4a7b-84fe-7e4f96f9582a"
"12","489",0,0,"919c7921-7cef-4620-a2fe-766180ed2fbb","cc2a8b56-732c-4e4c-a058-248783b68587"
"12","672",0,0,"919c7921-7cef-4620-a2fe-766180ed2fbb","20f3c152-6ebf-49db-8e1a-00eebd99feb6"
"12","756",0,0,"919c7921-7cef-4620-a2fe-766180ed2fbb","213479f7-39af-4b83-b0e9-4ba473d27429"
"12","980",0,0,"919c7921-7cef-4620-a2fe-766180ed2fbb","5445f170-12c1-48fc-9563-3709dd2993b0"
"13","156",0,-19,"06026e76-f9a4-4fb9-877d-bcd33373cdab","34359006-f70f-438e-85d0-420cf2fe6944"
"13","238",0,0,"06026e76-f9a4-4fb9-877d-bcd33373cdab","6afda059-04a5-4308-b776-a532ed142284"
"13","327",2,-47,"06026e76-f9a4-4fb9-877d-bcd33373cdab","dd13fcba-0ae1-43d3-9d32-1672ed84f151"
"13","352",0,0,"06026e76-f9a4-4fb9-877d-bcd33373cdab","f61f9030-d814-495d-af95-0e643697de64"
"13","421",1,-48,"06026e76-f9a4-4fb9-877d-bcd33373cdab","7bdf6ed6-acf9-4a7b-84fe-7e4f96f9582a"
"13","489",11,-16,"06026e76-f9a4-4fb9-877d-bcd33373cdab","cc2a8b56-732c-4e4c-a058-248783b68587"
"13","672",1,-20,"06026e76-f9a4-4fb9-877d-bcd33373cdab","20f3c152-6ebf-49db-8e1a-00eebd99feb6"
"13","756",8,-28,"06026e76-f9a4-4fb9-877d-bcd33373cdab","213479f7-39af-4b83-b0e9-4ba473d27429"
"13","980",7,-16,"06026e76-f9a4-4fb9-877d-bcd33373cdab","5445f170-12c1-48fc-9563-3709dd2993b0"
"14","156",0,0,"9f8068fd-f5cc-4e1a-946a-c9beb8b4d05a","34359006-f70f-438e-85d0-420cf2fe6944"
"14","238",0,0,"9f8068fd-f5cc-4e1a-946a-c9beb8b4d05a","6afda059-04a5-4308-b776-a532ed142284"
"14","327",0,0,"9f8068fd-f5cc-4e1a-946a-c9beb8b4d05a","dd13fcba-0ae1-43d3-9d32-1672ed84f151"
"14","352",0,0,"9f8068fd-f5cc-4e1a-946a-c9beb8b4d05a","f61f9030-d814-495d-af95-0e643697de64"
"14","421",0,0,"9f8068fd-f5cc-4e1a-946a-c9beb8b4d05a","7bdf6ed6-acf9-4a7b-84fe-7e4f96f9582a"
"14","489",0,0,"9f8068fd-f5cc-4e1a-946a-c9beb8b4d05a","cc2a8b56-732c-4e4c-a058-248783b68587"
"14","672",0,0,"9f8068fd-f5cc-4e1a-946a-c9beb8b4d05a","20f3c152-6ebf-49db-8e1a-00eebd99feb6"
"14","756",0,0,"9f8068fd-f5cc-4e1a-946a-c9beb8b4d05a","213479f7-39af-4b83-b0e9-4ba473d27429"
"14","980",0,0,"9f8068fd-f5cc-4e1a-946a-c9beb8b4d05a","5445f170-12c1-48fc-9563-3709dd2993b0"
"15","156",0,-14,"4995f6d3-50ed-427d-9cf2-4ea0b81a229c","34359006-f70f-438e-85d0-420cf2fe6944"
"15","238",12,-19,"4995f6d3-50ed-427d-9cf2-4ea0b81a229c","6afda059-04a5-4308-b776-a532ed142284"
"15","327",0,0,"4995f6d3-50ed-427d-9cf2-4ea0b81a229c","dd13fcba-0ae1-43d3-9d32-1672ed84f151"
"15","352",0,0,"4995f6d3-50ed-427d-9cf2-4ea0b81a229c","f61f9030-d814-495d-af95-0e643697de64"
"15","421",0,0,"4995f6d3-50ed-427d-9cf2-4ea0b81a229c","7bdf6ed6-acf9-4a7b-84fe-7e4f96f9582a"
"15","489",0,-9,"4995f6d3-50ed-427d-9cf2-4ea0b81a229c","cc2a8b56-732c-4e4c-a058-248783b68587"
"15","672",19,-17,"4995f6d3-50ed-427d-9cf2-4ea0b81a229c","20f3c152-6ebf-49db-8e1a-00eebd99feb6"
"15","756",0,0,"4995f6d3-50ed-427d-9cf2-4ea0b81a229c","213479f7-39af-4b83-b0e9-4ba473d27429"
"15","980",25,-25,"4995f6d3-50ed-427d-9cf2-4ea0b81a229c","5445f170-12c1-48fc-9563-3709dd2993b0"
"16","156",-10,-8,"27e050a3-45e8-4076-9c25-32be9040da4e","34359006-f70f-438e-85d0-420cf2fe6944"
"16","238",0,0,"27e050a3-45e8-4076-9c25-32be9040da4e","6afda059-04a5-4308-b776-a532ed142284"
"16","327",0,0,"27e050a3-45e8-4076-9c25-32be9040da4e","dd13fcba-0ae1-43d3-9d32-1672ed84f151"
"16","352",-7,-5,"27e050a3-45e8-4076-9c25-32be9040da4e","f61f9030-d814-495d-af95-0e643697de64"
"16","421",0,0,"27e050a3-45e8-4076-9c25-32be9040da4e","7bdf6ed6-acf9-4a7b-84fe-7e4f96f9582a"
"16","489",-19,-8,"27e050a3-45e8-4076-9c25-32be9040da4e","cc2a8b56-732c-4e4c-a058-248783b68587"
"16","672",-8,2,"27e050a3-45e8-4076-9c25-32be9040da4e","20f3c152-6ebf-49db-8e1a-00eebd99feb6"
"16","756",-8,0,"27e050a3-45e8-4076-9c25-32be9040da4e","213479f7-39af-4b83-b0e9-4ba473d27429"
"16","980",0,0,"27e050a3-45e8-4076-9c25-32be9040da4e","5445f170-12c1-48fc-9563-3709dd2993b0"
"17","156",0,0,"398e712a-fae6-451d-83c9-a7e500227e62","34359006-f70f-438e-85d0-420cf2fe6944"
"17","238",0,0,"398e712a-fae6-451d-83c9-a7e500227e62","6afda059-04a5-4308-b776-a532ed142284"
"17","327",0,0,"398e712a-fae6-451d-83c9-a7e500227e62","dd13fcba-0ae1-43d3-9d32-1672ed84f151"
"17","352",0,0,"398e712a-fae6-451d-83c9-a7e500227e62","f61f9030-d814-495d-af95-0e643697de64"
"17","421",0,0,"398e712a-fae6-451d-83c9-a7e500227e62","7bdf6ed6-acf9-4a7b-84fe-7e4f96f9582a"
"17","489",4,8,"398e712a-fae6-451d-83c9-a7e500227e62","cc2a8b56-732c-4e4c-a058-248783b68587"
"17","672",0,0,"398e712a-fae6-451d-83c9-a7e500227e62","20f3c152-6ebf-49db-8e1a-00eebd99feb6"
"17","756",0,0,"398e712a-fae6-451d-83c9-a7e500227e62","213479f7-39af-4b83-b0e9-4ba473d27429"
"17","980",-9,7,"398e712a-fae6-451d-83c9-a7e500227e62","5445f170-12c1-48fc-9563-3709dd2993b0"
"18","156",0,0,"035a43cf-cf88-4675-85e7-11eeb0b3641c","34359006-f70f-438e-85d0-420cf2fe6944"
"18","238",0,0,"035a43cf-cf88-4675-85e7-11eeb0b3641c","6afda059-04a5-4308-b776-a532ed142284"
"18","327",0,0,"035a43cf-cf88-4675-85e7-11eeb0b3641c","dd13fcba-0ae1-43d3-9d32-1672ed84f151"
"18","352",0,0,"035a43cf-cf88-4675-85e7-11eeb0b3641c","f61f9030-d814-495d-af95-0e643697de64"
"18","421",0,0,"035a43cf-cf88-4675-85e7-11eeb0b3641c","7bdf6ed6-acf9-4a7b-84fe-7e4f96f9582a"
"18","489",0,0,"035a43cf-cf88-4675-85e7-11eeb0b3641c","cc2a8b56-732c-4e4c-a058-248783b68587"
"18","672",0,0,"035a43cf-cf88-4675-85e7-11eeb0b3641c","20f3c152-6ebf-49db-8e1a-00eebd99feb6"
"18","756",0,0,"035a43cf-cf88-4675-85e7-11eeb0b3641c","213479f7-39af-4b83-b0e9-4ba473d27429"
"18","980",0,0,"035a43cf-cf88-4675-85e7-11eeb0b3641c","5445f170-12c1-48fc-9563-3709dd2993b0"
"19","156",15,-7,"65681129-f83c-4293-9ce3-9d1429367fd0","34359006-f70f-438e-85d0-420cf2fe6944"
"19","238",0,10,"65681129-f83c-4293-9ce3-9d1429367fd0","6afda059-04a5-4308-b776-a532ed142284"
"19","327",0,0,"65681129-f83c-4293-9ce3-9d1429367fd0","dd13fcba-0ae1-43d3-9d32-1672ed84f151"
"19","352",1,12,"65681129-f83c-4293-9ce3-9d1429367fd0","f61f9030-d814-495d-af95-0e643697de64"
"19","421",0,11,"65681129-f83c-4293-9ce3-9d1429367fd0","7bdf6ed6-acf9-4a7b-84fe-7e4f96f9582a"
"19","489",0,0,"65681129-f83c-4293-9ce3-9d1429367fd0","cc2a8b56-732c-4e4c-a058-248783b68587"
"19","672",-2,12,"65681129-f83c-4293-9ce3-9d1429367fd0","20f3c152-6ebf-49db-8e1a-00eebd99feb6"
"19","756",7,-14,"65681129-f83c-4293-9ce3-9d1429367fd0","213479f7-39af-4b83-b0e9-4ba473d27429"
"19","980",-1,21,"65681129-f83c-4293-9ce3-9d1429367fd0","5445f170-12c1-48fc-9563-3709dd2993b0"
"20","156",0,0,"aaf1dbcb-3748-4740-a2e0-58e7c1cb9f78","34359006-f70f-438e-85d0-420cf2fe6944"
"20","238",0,0,"aaf1dbcb-3748-4740-a2e0-58e7c1cb9f78","6afda059-04a5-4308-b776-a532ed142284"
"20","327",0,0,"aaf1dbcb-3748-4740-a2e0-58e7c1cb9f78","dd13fcba-0ae1-43d3-9d32-1672ed84f151"
"20","352",0,0,"aaf1dbcb-3748-4740-a2e0-58e7c1cb9f78","f61f9030-d814-495d-af95-0e643697de64"
"20","421",0,0,"aaf1dbcb-3748-4740-a2e0-58e7c1cb9f78","7bdf6ed6-acf9-4a7b-84fe-7e4f96f9582a"
"20","489",0,0,"aaf1dbcb-3748-4740-a2e0-58e7c1cb9f78","cc2a8b56-732c-4e4c-a058-248783b68587"
"20","672",0,0,"aaf1dbcb-3748-4740-a2e0-58e7c1cb9f78","20f3c152-6ebf-49db-8e1a-00eebd99feb6"
"20","756",0,0,"aaf1dbcb-3748-4740-a2e0-58e7c1cb9f78","213479f7-39af-4b83-b0e9-4ba473d27429"
"20","980",0,0,"aaf1dbcb-3748-4740-a2e0-58e7c1cb9f78","5445f170-12c1-48fc-9563-3709dd2993b0"
"21","156",-8,0,"bf743fbf-9be2-49a1-bf7e-0b53276e6529","34359006-f70f-438e-85d0-420cf2fe6944"
"21","238",0,-9,"bf743fbf-9be2-49a1-bf7e-0b53276e6529","6afda059-04a5-4308-b776-a532ed142284"
"21","327",0,0,"bf743fbf-9be2-49a1-bf7e-0b53276e6529","dd13fcba-0ae1-43d3-9d32-1672ed84f151"
"21","352",0,0,"bf743fbf-9be2-49a1-bf7e-0b53276e6529","f61f9030-d814-495d-af95-0e643697de64"
"21","421",0,0,"bf743fbf-9be2-49a1-bf7e-0b53276e6529","7bdf6ed6-acf9-4a7b-84fe-7e4f96f9582a"
"21","489",8,-9,"bf743fbf-9be2-49a1-bf7e-0b53276e6529","cc2a8b56-732c-4e4c-a058-248783b68587"
"21","672",0,0,"bf743fbf-9be2-49a1-bf7e-0b53276e6529","20f3c152-6ebf-49db-8e1a-00eebd99feb6"
"21","756",0,0,"bf743fbf-9be2-49a1-bf7e-0b53276e6529","213479f7-39af-4b83-b0e9-4ba473d27429"
"21","980",-6,-15,"bf743fbf-9be2-49a1-bf7e-0b53276e6529","5445f170-12c1-48fc-9563-3709dd2993b0"
"22","156",0,-21,"9577727a-fa45-4185-9778-4a56a41cf0f6","34359006-f70f-438e-85d0-420cf2fe6944"
"22","238",-7,-18,"9577727a-fa45-4185-9778-4a56a41cf0f6","6afda059-04a5-4308-b776-a532ed142284"
"22","327",0,-25,"9577727a-fa45-4185-9778-4a56a41cf0f6","dd13fcba-0ae1-43d3-9d32-1672ed84f151"
"22","352",5,-24,"9577727a-fa45-4185-9778-4a56a41cf0f6","f61f9030-d814-495d-af95-0e643697de64"
"22","421",-10,-9,"9577727a-fa45-4185-9778-4a56a41cf0f6","7bdf6ed6-acf9-4a7b-84fe-7e4f96f9582a"
"22","489",0,-19,"9577727a-fa45-4185-9778-4a56a41cf0f6","cc2a8b56-732c-4e4c-a058-248783b68587"
"22","672",4,-19,"9577727a-fa45-4185-9778-4a56a41cf0f6","20f3c152-6ebf-49db-8e1a-00eebd99feb6"
"22","756",-12,-17,"9577727a-fa45-4185-9778-4a56a41cf0f6","213479f7-39af-4b83-b0e9-4ba473d27429"
"22","980",0,-17,"9577727a-fa45-4185-9778-4a56a41cf0f6","5445f170-12c1-48fc-9563-3709dd2993b0"
"23","156",0,0,"cd0a0a46-7676-4bf0-ad03-2e83bd565fee","34359006-f70f-438e-85d0-420cf2fe6944"
"23","238",-2,-22,"cd0a0a46-7676-4bf0-ad03-2e83bd565fee","6afda059-04a5-4308-b776-a532ed142284"
"23","327",0,0,"cd0a0a46-7676-4bf0-ad03-2e83bd565fee","dd13fcba-0ae1-43d3-9d32-1672ed84f151"
"23","352",1,-18,"cd0a0a46-7676-4bf0-ad03-2e83bd565fee","f61f9030-d814-495d-af95-0e643697de64"
"23","421",0,0,"cd0a0a46-7676-4bf0-ad03-2e83bd565fee","7bdf6ed6-acf9-4a7b-84fe-7e4f96f9582a"
"23","489",0,-9,"cd0a0a46-7676-4bf0-ad03-2e83bd565fee","cc2a8b56-732c-4e4c-a058-248783b68587"
"23","672",-11,-3,"cd0a0a46-7676-4bf0-ad03-2e83bd565fee","20f3c152-6ebf-49db-8e1a-00eebd99feb6"
"23","756",0,-23,"cd0a0a46-7676-4bf0-ad03-2e83bd565fee","213479f7-39af-4b83-b0e9-4ba473d27429"
"23","980",0,0,"cd0a0a46-7676-4bf0-ad03-2e83bd565fee","5445f170-12c1-48fc-9563-3709dd2993b0"
"24","156",-13,0,"073891b7-a928-4ff0-83e3-56f4d1a6315e","34359006-f70f-438e-85d0-420cf2fe6944"
"24","238",-8,-13,"073891b7-a928-4ff0-83e3-56f4d1a6315e","6afda059-04a5-4308-b776-a532ed142284"
"24","327",0,0,"073891b7-a928-4ff0-83e3-56f4d1a6315e","dd13fcba-0ae1-43d3-9d32-1672ed84f151"
"24","352",-7,-7,"073891b7-a928-4ff0-83e3-56f4d1a6315e","f61f9030-d814-495d-af95-0e643697de64"
"24","421",-11,-12,"073891b7-a928-4ff0-83e3-56f4d1a6315e","7bdf6ed6-acf9-4a7b-84fe-7e4f96f9582a"
"24","489",0,0,"073891b7-a928-4ff0-83e3-56f4d1a6315e","cc2a8b56-732c-4e4c-a058-248783b68587"
"24","672",-2,-11,"073891b7-a928-4ff0-83e3-56f4d1a6315e","20f3c152-6ebf-49db-8e1a-00eebd99feb6"
"24","756",-15,0,"073891b7-a928-4ff0-83e3-56f4d1a6315e","213479f7-39af-4b83-b0e9-4ba473d27429"
"24","980",0,0,"073891b7-a928-4ff0-83e3-56f4d1a6315e","5445f170-12c1-48fc-9563-3709dd2993b0"
"25","156",-6,16,"cc933e0b-091f-4ef4-bfc8-11f2076d4396","34359006-f70f-438e-85d0-420cf2fe6944"
"25","238",0,0,"cc933e0b-091f-4ef4-bfc8-11f2076d4396","6afda059-04a5-4308-b776-a532ed142284"
"25","327",0,0,"cc933e0b-091f-4ef4-bfc8-11f2076d4396","dd13fcba-0ae1-43d3-9d32-1672ed84f151"
"25","352",0,0,"cc933e0b-091f-4ef4-bfc8-11f2076d4396","f61f9030-d814-495d-af95-0e643697de64"
"25","421",-13,11,"cc933e0b-091f-4ef4-bfc8-11f2076d4396","7bdf6ed6-acf9-4a7b-84fe-7e4f96f9582a"
"25","489",0,0,"cc933e0b-091f-4ef4-bfc8-11f2076d4396","cc2a8b56-732c-4e4c-a058-248783b68587"
"25","672",0,0,"cc933e0b-091f-4ef4-bfc8-11f2076d4396","20f3c152-6ebf-49db-8e1a-00eebd99feb6"
"25","756",0,0,"cc933e0b-091f-4ef4-bfc8-11f2076d4396","213479f7-39af-4b83-b0e9-4ba473d27429"
"25","980",12,-8,"cc933e0b-091f-4ef4-bfc8-11f2076d4396","5445f170-12c1-48fc-9563-3709dd2993b0"
"26","156",0,0,"4ed0a862-3163-449b-bb48-ca8b9ce3add0","34359006-f70f-438e-85d0-420cf2fe6944"
"26","238",0,0,"4ed0a862-3163-449b-bb48-ca8b9ce3add0","6afda059-04a5-4308-b776-a532ed142284"
"26","327",0,0,"4ed0a862-3163-449b-bb48-ca8b9ce3add0","dd13fcba-0ae1-43d3-9d32-1672ed84f151"
"26","352",0,0,"4ed0a862-3163-449b-bb48-ca8b9ce3add0","f61f9030-d814-495d-af95-0e643697de64"
"26","421",0,-17,"4ed0a862-3163-449b-bb48-ca8b9ce3add0","7bdf6ed6-acf9-4a7b-84fe-7e4f96f9582a"
"26","489",0,-9,"4ed0a862-3163-449b-bb48-ca8b9ce3add0","cc2a8b56-732c-4e4c-a058-248783b68587"
"26","672",0,-11,"4ed0a862-3163-449b-bb48-ca8b9ce3add0","20f3c152-6ebf-49db-8e1a-00eebd99feb6"
"26","756",0,0,"4ed0a862-3163-449b-bb48-ca8b9ce3add0","213479f7-39af-4b83-b0e9-4ba473d27429"
"26","980",0,0,"4ed0a862-3163-449b-bb48-ca8b9ce3add0","5445f170-12c1-48fc-9563-3709dd2993b0"
"27","156",0,-19,"473d2e90-02dd-483e-ad19-3966ec20050a","34359006-f70f-438e-85d0-420cf2fe6944"
"27","238",1,-9,"473d2e90-02dd-483e-ad19-3966ec20050a","6afda059-04a5-4308-b776-a532ed142284"
"27","327",0,-21,"473d2e90-02dd-483e-ad19-3966ec20050a","dd13fcba-0ae1-43d3-9d32-1672ed84f151"
"27","352",0,-20,"473d2e90-02dd-483e-ad19-3966ec20050a","f61f9030-d814-495d-af95-0e643697de64"
"27","421",0,-13,"473d2e90-02dd-483e-ad19-3966ec20050a","7bdf6ed6-acf9-4a7b-84fe-7e4f96f9582a"
"27","489",6,-12,"473d2e90-02dd-483e-ad19-3966ec20050a","cc2a8b56-732c-4e4c-a058-248783b68587"
"27","672",6,-9,"473d2e90-02dd-483e-ad19-3966ec20050a","20f3c152-6ebf-49db-8e1a-00eebd99feb6"
"27","756",0,0,"473d2e90-02dd-483e-ad19-3966ec20050a","213479f7-39af-4b83-b0e9-4ba473d27429"
"27","980",0,0,"473d2e90-02dd-483e-ad19-3966ec20050a","5445f170-12c1-48fc-9563-3709dd2993b0"
"28","156",0,-16,"03964ff9-d24f-4a0a-a492-3a177e16eb11","34359006-f70f-438e-85d0-420cf2fe6944"
"28","238",14,-31,"03964ff9-d24f-4a0a-a492-3a177e16eb11","6afda059-04a5-4308-b776-a532ed142284"
"28","327",4,-15,"03964ff9-d24f-4a0a-a492-3a177e16eb11","dd13fcba-0ae1-43d3-9d32-1672ed84f151"
"28","352",8,-23,"03964ff9-d24f-4a0a-a492-3a177e16eb11","f61f9030-d814-495d-af95-0e643697de64"
"28","421",0,0,"03964ff9-d24f-4a0a-a492-3a177e16eb11","7bdf6ed6-acf9-4a7b-84fe-7e4f96f9582a"
"28","489",8,-17,"03964ff9-d24f-4a0a-a492-3a177e16eb11","cc2a8b56-732c-4e4c-a058-248783b68587"
"28","672",5,-17,"03964ff9-d24f-4a0a-a492-3a177e16eb11","20f3c152-6ebf-49db-8e1a-00eebd99feb6"
"28","756",-2,-23,"03964ff9-d24f-4a0a-a492-3a177e16eb11","213479f7-39af-4b83-b0e9-4ba473d27429"
"28","980",10,-16,"03964ff9-d24f-4a0a-a492-3a177e16eb11","5445f170-12c1-48fc-9563-3709dd2993b0"
"29","156",0,0,"e87291fb-8da5-4c7a-af30-4413737f2401","34359006-f70f-438e-85d0-420cf2fe6944"
"29","238",5,-9,"e87291fb-8da5-4c7a-af30-4413737f2401","6afda059-04a5-4308-b776-a532ed142284"
"29","327",-1,-16,"e87291fb-8da5-4c7a-af30-4413737f2401","dd13fcba-0ae1-43d3-9d32-1672ed84f151"
"29","352",8,-16,"e87291fb-8da5-4c7a-af30-4413737f2401","f61f9030-d814-495d-af95-0e643697de64"
"29","421",14,-16,"e87291fb-8da5-4c7a-af30-4413737f2401","7bdf6ed6-acf9-4a7b-84fe-7e4f96f9582a"
"29","489",0,0,"e87291fb-8da5-4c7a-af30-4413737f2401","cc2a8b56-732c-4e4c-a058-248783b68587"
"29","672",0,-28,"e87291fb-8da5-4c7a-af30-4413737f2401","20f3c152-6ebf-49db-8e1a-00eebd99feb6"
"29","756",3,-14,"e87291fb-8da5-4c7a-af30-4413737f2401","213479f7-39af-4b83-b0e9-4ba473d27429"
"29","980",0,0,"e87291fb-8da5-4c7a-af30-4413737f2401","5445f170-12c1-48fc-9563-3709dd2993b0"
"30","156",-20,-7,"4436282c-7d0f-4334-ba8d-80b7cfe2b849","34359006-f70f-438e-85d0-420cf2fe6944"
"30","238",0,0,"4436282c-7d0f-4334-ba8d-80b7cfe2b849","6afda059-04a5-4308-b776-a532ed142284"
"30","327",0,0,"4436282c-7d0f-4334-ba8d-80b7cfe2b849","dd13fcba-0ae1-43d3-9d32-1672ed84f151"
"30","352",0,0,"4436282c-7d0f-4334-ba8d-80b7cfe2b849","f61f9030-d814-495d-af95-0e643697de64"
"30","421",-8,0,"4436282c-7d0f-4334-ba8d-80b7cfe2b849","7bdf6ed6-acf9-4a7b-84fe-7e4f96f9582a"
"30","489",0,0,"4436282c-7d0f-4334-ba8d-80b7cfe2b849","cc2a8b56-732c-4e4c-a058-248783b68587"
"30","672",0,0,"4436282c-7d0f-4334-ba8d-80b7cfe2b849","20f3c152-6ebf-49db-8e1a-00eebd99feb6"
"30","756",0,0,"4436282c-7d0f-4334-ba8d-80b7cfe2b849","213479f7-39af-4b83-b0e9-4ba473d27429"
"30","980",-6,-17,"4436282c-7d0f-4334-ba8d-80b7cfe2b849","5445f170-12c1-48fc-9563-3709dd2993b0"
"31","156",-3,8,"98a2ab99-afcb-447e-ae8d-4b96b374e4d7","34359006-f70f-438e-85d0-420cf2fe6944"
"31","238",0,0,"98a2ab99-afcb-447e-ae8d-4b96b374e4d7","6afda059-04a5-4308-b776-a532ed142284"
"31","327",0,0,"98a2ab99-afcb-447e-ae8d-4b96b374e4d7","dd13fcba-0ae1-43d3-9d32-1672ed84f151"
"31","352",0,0,"98a2ab99-afcb-447e-ae8d-4b96b374e4d7","f61f9030-d814-495d-af95-0e643697de64"
"31","421",0,0,"98a2ab99-afcb-447e-ae8d-4b96b374e4d7","7bdf6ed6-acf9-4a7b-84fe-7e4f96f9582a"
"31","489",0,0,"98a2ab99-afcb-447e-ae8d-4b96b374e4d7","cc2a8b56-732c-4e4c-a058-248783b68587"
"31","672",0,0,"98a2ab99-afcb-447e-ae8d-4b96b374e4d7","20f3c152-6ebf-49db-8e1a-00eebd99feb6"
"31","756",0,0,"98a2ab99-afcb-447e-ae8d-4b96b374e4d7","213479f7-39af-4b83-b0e9-4ba473d27429"
"31","980",-7,-4,"98a2ab99-afcb-447e-ae8d-4b96b374e4d7","5445f170-12c1-48fc-9563-3709dd2993b0"
"32","156",-3,-18,"6caef30c-9e58-4bd8-bf6a-e3dcac4256f1","34359006-f70f-438e-85d0-420cf2fe6944"
"32","238",9,-13,"6caef30c-9e58-4bd8-bf6a-e3dcac4256f1","6afda059-04a5-4308-b776-a532ed142284"
"32","327",0,-16,"6caef30c-9e58-4bd8-bf6a-e3dcac4256f1","dd13fcba-0ae1-43d3-9d32-1672ed84f151"
"32","352",0,0,"6caef30c-9e58-4bd8-bf6a-e3dcac4256f1","f61f9030-d814-495d-af95-0e643697de64"
"32","421",5,-8,"6caef30c-9e58-4bd8-bf6a-e3dcac4256f1","7bdf6ed6-acf9-4a7b-84fe-7e4f96f9582a"
"32","489",0,0,"6caef30c-9e58-4bd8-bf6a-e3dcac4256f1","cc2a8b56-732c-4e4c-a058-248783b68587"
"32","672",0,0,"6caef30c-9e58-4bd8-bf6a-e3dcac4256f1","20f3c152-6ebf-49db-8e1a-00eebd99feb6"
"32","756",0,0,"6caef30c-9e58-4bd8-bf6a-e3dcac4256f1","213479f7-39af-4b83-b0e9-4ba473d27429"
"32","980",0,0,"6caef30c-9e58-4bd8-bf6a-e3dcac4256f1","5445f170-12c1-48fc-9563-3709dd2993b0"
"33","156",9,0,"c19419a4-de5b-4642-b925-120bf7999f25","34359006-f70f-438e-85d0-420cf2fe6944"
"33","238",11,-7,"c19419a4-de5b-4642-b925-120bf7999f25","6afda059-04a5-4308-b776-a532ed142284"
"33","327",11,-7,"c19419a4-de5b-4642-b925-120bf7999f25","dd13fcba-0ae1-43d3-9d32-1672ed84f151"
"33","352",0,0,"c19419a4-de5b-4642-b925-120bf7999f25","f61f9030-d814-495d-af95-0e643697de64"
"33","421",0,0,"c19419a4-de5b-4642-b925-120bf7999f25","7bdf6ed6-acf9-4a7b-84fe-7e4f96f9582a"
"33","489",9,-9,"c19419a4-de5b-4642-b925-120bf7999f25","cc2a8b56-732c-4e4c-a058-248783b68587"
"33","672",0,-21,"c19419a4-de5b-4642-b925-120bf7999f25","20f3c152-6ebf-49db-8e1a-00eebd99feb6"
"33","756",12,-8,"c19419a4-de5b-4642-b925-120bf7999f25","213479f7-39af-4b83-b0e9-4ba473d27429"
"33","980",3,-15,"c19419a4-de5b-4642-b925-120bf7999f25","5445f170-12c1-48fc-9563-3709dd2993b0"
"34","156",0,0,"0cd83ffd-f258-4775-a358-c55074060d88","34359006-f70f-438e-85d0-420cf2fe6944"
"34","238",-9,-23,"0cd83ffd-f258-4775-a358-c55074060d88","6afda059-04a5-4308-b776-a532ed142284"
"34","327",0,0,"0cd83ffd-f258-4775-a358-c55074060d88","dd13fcba-0ae1-43d3-9d32-1672ed84f151"
"34","352",0,0,"0cd83ffd-f258-4775-a358-c55074060d88","f61f9030-d814-495d-af95-0e643697de64"
"34","421",0,0,"0cd83ffd-f258-4775-a358-c55074060d88","7bdf6ed6-acf9-4a7b-84fe-7e4f96f9582a"
"34","489",0,0,"0cd83ffd-f258-4775-a358-c55074060d88","cc2a8b56-732c-4e4c-a058-248783b68587"
"34","672",0,0,"0cd83ffd-f258-4775-a358-c55074060d88","20f3c152-6ebf-49db-8e1a-00eebd99feb6"
"34","756",0,0,"0cd83ffd-f258-4775-a358-c55074060d88","213479f7-39af-4b83-b0e9-4ba473d27429"
"34","980",0,0,"0cd83ffd-f258-4775-a358-c55074060d88","5445f170-12c1-48fc-9563-3709dd2993b0"
"35","156",0,0,"915ec45f-204b-411d-8ed7-7fdecb385e39","34359006-f70f-438e-85d0-420cf2fe6944"
"35","238",0,0,"915ec45f-204b-411d-8ed7-7fdecb385e39","6afda059-04a5-4308-b776-a532ed142284"
"35","327",0,0,"915ec45f-204b-411d-8ed7-7fdecb385e39","dd13fcba-0ae1-43d3-9d32-1672ed84f151"
"35","352",0,0,"915ec45f-204b-411d-8ed7-7fdecb385e39","f61f9030-d814-495d-af95-0e643697de64"
"35","421",0,0,"915ec45f-204b-411d-8ed7-7fdecb385e39","7bdf6ed6-acf9-4a7b-84fe-7e4f96f9582a"
"35","489",0,0,"915ec45f-204b-411d-8ed7-7fdecb385e39","cc2a8b56-732c-4e4c-a058-248783b68587"
"35","672",0,0,"915ec45f-204b-411d-8ed7-7fdecb385e39","20f3c152-6ebf-49db-8e1a-00eebd99feb6"
"35","756",0,0,"915ec45f-204b-411d-8ed7-7fdecb385e39","213479f7-39af-4b83-b0e9-4ba473d27429"
"35","980",0,0,"915ec45f-204b-411d-8ed7-7fdecb385e39","5445f170-12c1-48fc-9563-3709dd2993b0"
"36","156",13,-12,"5b5b9eb7-f06a-48a3-b3e8-675a7f2faf18","34359006-f70f-438e-85d0-420cf2fe6944"
"36","238",0,-8,"5b5b9eb7-f06a-48a3-b3e8-675a7f2faf18","6afda059-04a5-4308-b776-a532ed142284"
"36","327",0,0,"5b5b9eb7-f06a-48a3-b3e8-675a7f2faf18","dd13fcba-0ae1-43d3-9d32-1672ed84f151"
"36","352",0,0,"5b5b9eb7-f06a-48a3-b3e8-675a7f2faf18","f61f9030-d814-495d-af95-0e643697de64"
"36","421",0,0,"5b5b9eb7-f06a-48a3-b3e8-675a7f2faf18","7bdf6ed6-acf9-4a7b-84fe-7e4f96f9582a"
"36","489",0,0,"5b5b9eb7-f06a-48a3-b3e8-675a7f2faf18","cc2a8b56-732c-4e4c-a058-248783b68587"
"36","672",0,0,"5b5b9eb7-f06a-48a3-b3e8-675a7f2faf18","20f3c152-6ebf-49db-8e1a-00eebd99feb6"
"36","756",0,0,"5b5b9eb7-f06a-48a3-b3e8-675a7f2faf18","213479f7-39af-4b83-b0e9-4ba473d27429"
"36","980",0,0,"5b5b9eb7-f06a-48a3-b3e8-675a7f2faf18","5445f170-12c1-48fc-9563-3709dd2993b0"
"37","156",0,0,"38c90b27-ea8c-4111-a922-4e81390fefab","34359006-f70f-438e-85d0-420cf2fe6944"
"37","238",0,0,"38c90b27-ea8c-4111-a922-4e81390fefab","6afda059-04a5-4308-b776-a532ed142284"
"37","327",0,0,"38c90b27-ea8c-4111-a922-4e81390fefab","dd13fcba-0ae1-43d3-9d32-1672ed84f151"
"37","352",9,-6,"38c90b27-ea8c-4111-a922-4e81390fefab","f61f9030-d814-495d-af95-0e643697de64"
"37","421",0,0,"38c90b27-ea8c-4111-a922-4e81390fefab","7bdf6ed6-acf9-4a7b-84fe-7e4f96f9582a"
"37","489",0,0,"38c90b27-ea8c-4111-a922-4e81390fefab","cc2a8b56-732c-4e4c-a058-248783b68587"
"37","672",0,0,"38c90b27-ea8c-4111-a922-4e81390fefab","20f3c152-6ebf-49db-8e1a-00eebd99feb6"
"37","756",0,0,"38c90b27-ea8c-4111-a922-4e81390fefab","213479f7-39af-4b83-b0e9-4ba473d27429"
"37","980",0,0,"38c90b27-ea8c-4111-a922-4e81390fefab","5445f170-12c1-48fc-9563-3709dd2993b0"
"38","156",0,0,"199d1269-1d8a-420a-a986-1f4f2ab4355f","34359006-f70f-438e-85d0-420cf2fe6944"
"38","238",0,0,"199d1269-1d8a-420a-a986-1f4f2ab4355f","6afda059-04a5-4308-b776-a532ed142284"
"38","327",0,0,"199d1269-1d8a-420a-a986-1f4f2ab4355f","dd13fcba-0ae1-43d3-9d32-1672ed84f151"
"38","352",0,0,"199d1269-1d8a-420a-a986-1f4f2ab4355f","f61f9030-d814-495d-af95-0e643697de64"
"38","421",0,0,"199d1269-1d8a-420a-a986-1f4f2ab4355f","7bdf6ed6-acf9-4a7b-84fe-7e4f96f9582a"
"38","489",0,0,"199d1269-1d8a-420a-a986-1f4f2ab4355f","cc2a8b56-732c-4e4c-a058-248783b68587"
"38","672",0,0,"199d1269-1d8a-420a-a986-1f4f2ab4355f","20f3c152-6ebf-49db-8e1a-00eebd99feb6"
"38","756",0,0,"199d1269-1d8a-420a-a986-1f4f2ab4355f","213479f7-39af-4b83-b0e9-4ba473d27429"
"38","980",0,0,"199d1269-1d8a-420a-a986-1f4f2ab4355f","5445f170-12c1-48fc-9563-3709dd2993b0"
"39","156",23,-15,"fd0537e8-3103-47f8-9998-44570bb8a45e","34359006-f70f-438e-85d0-420cf2fe6944"
"39","238",0,0,"fd0537e8-3103-47f8-9998-44570bb8a45e","6afda059-04a5-4308-b776-a532ed142284"
"39","327",0,0,"fd0537e8-3103-47f8-9998-44570bb8a45e","dd13fcba-0ae1-43d3-9d32-1672ed84f151"
"39","352",0,0,"fd0537e8-3103-47f8-9998-44570bb8a45e","f61f9030-d814-495d-af95-0e643697de64"
"39","421",9,31,"fd0537e8-3103-47f8-9998-44570bb8a45e","7bdf6ed6-acf9-4a7b-84fe-7e4f96f9582a"
"39","489",0,0,"fd0537e8-3103-47f8-9998-44570bb8a45e","cc2a8b56-732c-4e4c-a058-248783b68587"
"39","672",0,0,"fd0537e8-3103-47f8-9998-44570bb8a45e","20f3c152-6ebf-49db-8e1a-00eebd99feb6"
"39","756",0,0,"fd0537e8-3103-47f8-9998-44570bb8a45e","213479f7-39af-4b83-b0e9-4ba473d27429"
"39","980",0,0,"fd0537e8-3103-47f8-9998-44570bb8a45e","5445f170-12c1-48fc-9563-3709dd2993b0"
"40","156",6,-27,"e433aa11-cdb7-4733-88a9-7067cf52299b","34359006-f70f-438e-85d0-420cf2fe6944"
"40","238",10,-27,"e433aa11-cdb7-4733-88a9-7067cf52299b","6afda059-04a5-4308-b776-a532ed142284"
"40","327",0,0,"e433aa11-cdb7-4733-88a9-7067cf52299b","dd13fcba-0ae1-43d3-9d32-1672ed84f151"
"40","352",0,-9,"e433aa11-cdb7-4733-88a9-7067cf52299b","f61f9030-d814-495d-af95-0e643697de64"
"40","421",0,0,"e433aa11-cdb7-4733-88a9-7067cf52299b","7bdf6ed6-acf9-4a7b-84fe-7e4f96f9582a"
"40","489",11,-8,"e433aa11-cdb7-4733-88a9-7067cf52299b","cc2a8b56-732c-4e4c-a058-248783b68587"
"40","672",0,0,"e433aa11-cdb7-4733-88a9-7067cf52299b","20f3c152-6ebf-49db-8e1a-00eebd99feb6"
"40","756",0,0,"e433aa11-cdb7-4733-88a9-7067cf52299b","213479f7-39af-4b83-b0e9-4ba473d27429"
"40","980",0,0,"e433aa11-cdb7-4733-88a9-7067cf52299b","5445f170-12c1-48fc-9563-3709dd2993b0"
"41","156",0,0,"149c1889-4e83-4153-b763-54fb60e60d99","34359006-f70f-438e-85d0-420cf2fe6944"
"41","238",0,-8,"149c1889-4e83-4153-b763-54fb60e60d99","6afda059-04a5-4308-b776-a532ed142284"
"41","327",-9,-28,"149c1889-4e83-4153-b763-54fb60e60d99","dd13fcba-0ae1-43d3-9d32-1672ed84f151"
"41","352",0,-10,"149c1889-4e83-4153-b763-54fb60e60d99","f61f9030-d814-495d-af95-0e643697de64"
"41","421",-5,-10,"149c1889-4e83-4153-b763-54fb60e60d99","7bdf6ed6-acf9-4a7b-84fe-7e4f96f9582a"
"41","489",0,-22,"149c1889-4e83-4153-b763-54fb60e60d99","cc2a8b56-732c-4e4c-a058-248783b68587"
"41","672",-10,-21,"149c1889-4e83-4153-b763-54fb60e60d99","20f3c152-6ebf-49db-8e1a-00eebd99feb6"
"41","756",-3,-18,"149c1889-4e83-4153-b763-54fb60e60d99","213479f7-39af-4b83-b0e9-4ba473d27429"
"41","980",0,-33,"149c1889-4e83-4153-b763-54fb60e60d99","5445f170-12c1-48fc-9563-3709dd2993b0"
"42","156",0,0,"14229a71-f44e-4149-9f3c-aa7415691eae","34359006-f70f-438e-85d0-420cf2fe6944"
"42","238",-2,-12,"14229a71-f44e-4149-9f3c-aa7415691eae","6afda059-04a5-4308-b776-a532ed142284"
"42","327",0,0,"14229a71-f44e-4149-9f3c-aa7415691eae","dd13fcba-0ae1-43d3-9d32-1672ed84f151"
"42","352",0,-11,"14229a71-f44e-4149-9f3c-aa7415691eae","f61f9030-d814-495d-af95-0e643697de64"
"42","421",0,0,"14229a71-f44e-4149-9f3c-aa7415691eae","7bdf6ed6-acf9-4a7b-84fe-7e4f96f9582a"
"42","489",0,0,"14229a71-f44e-4149-9f3c-aa7415691eae","cc2a8b56-732c-4e4c-a058-248783b68587"
"42","672",-6,-16,"14229a71-f44e-4149-9f3c-aa7415691eae","20f3c152-6ebf-49db-8e1a-00eebd99feb6"
"42","756",0,0,"14229a71-f44e-4149-9f3c-aa7415691eae","213479f7-39af-4b83-b0e9-4ba473d27429"
"42","980",0,0,"14229a71-f44e-4149-9f3c-aa7415691eae","5445f170-12c1-48fc-9563-3709dd2993b0"
"43","156",0,-14,"a724528f-7fe6-4ad6-bba1-21cb02db2af5","34359006-f70f-438e-85d0-420cf2fe6944"
"43","238",9,-14,"a724528f-7fe6-4ad6-bba1-21cb02db2af5","6afda059-04a5-4308-b776-a532ed142284"
"43","327",2,-14,"a724528f-7fe6-4ad6-bba1-21cb02db2af5","dd13fcba-0ae1-43d3-9d32-1672ed84f151"
"43","352",5,-12,"a724528f-7fe6-4ad6-bba1-21cb02db2af5","f61f9030-d814-495d-af95-0e643697de64"
"43","421",0,0,"a724528f-7fe6-4ad6-bba1-21cb02db2af5","7bdf6ed6-acf9-4a7b-84fe-7e4f96f9582a"
"43","489",0,-11,"a724528f-7fe6-4ad6-bba1-21cb02db2af5","cc2a8b56-732c-4e4c-a058-248783b68587"
"43","672",0,-16,"a724528f-7fe6-4ad6-bba1-21cb02db2af5","20f3c152-6ebf-49db-8e1a-00eebd99feb6"
"43","756",0,0,"a724528f-7fe6-4ad6-bba1-21cb02db2af5","213479f7-39af-4b83-b0e9-4ba473d27429"
"43","980",0,-13,"a724528f-7fe6-4ad6-bba1-21cb02db2af5","5445f170-12c1-48fc-9563-3709dd2993b0"
"44","156",0,0,"4f5ae77c-6112-401a-93d1-3bf44bd1ccbe","34359006-f70f-438e-85d0-420cf2fe6944"
"44","238",-8,9,"4f5ae77c-6112-401a-93d1-3bf44bd1ccbe","6afda059-04a5-4308-b776-a532ed142284"
"44","327",0,0,"4f5ae77c-6112-401a-93d1-3bf44bd1ccbe","dd13fcba-0ae1-43d3-9d32-1672ed84f151"
"44","352",-6,14,"4f5ae77c-6112-401a-93d1-3bf44bd1ccbe","f61f9030-d814-495d-af95-0e643697de64"
"44","421",0,0,"4f5ae77c-6112-401a-93d1-3bf44bd1ccbe","7bdf6ed6-acf9-4a7b-84fe-7e4f96f9582a"
"44","489",0,0,"4f5ae77c-6112-401a-93d1-3bf44bd1ccbe","cc2a8b56-732c-4e4c-a058-248783b68587"
"44","672",0,0,"4f5ae77c-6112-401a-93d1-3bf44bd1ccbe","20f3c152-6ebf-49db-8e1a-00eebd99feb6"
"44","756",0,0,"4f5ae77c-6112-401a-93d1-3bf44bd1ccbe","213479f7-39af-4b83-b0e9-4ba473d27429"
"44","980",0,0,"4f5ae77c-6112-401a-93d1-3bf44bd1ccbe","5445f170-12c1-48fc-9563-3709dd2993b0"
"45","156",0,0,"c464d108-c77f-41e7-bcbc-d5855c9a7968","34359006-f70f-438e-85d0-420cf2fe6944"
"45","238",0,-18,"c464d108-c77f-41e7-bcbc-d5855c9a7968","6afda059-04a5-4308-b776-a532ed142284"
"45","327",0,0,"c464d108-c77f-41e7-bcbc-d5855c9a7968","dd13fcba-0ae1-43d3-9d32-1672ed84f151"
"45","352",0,0,"c464d108-c77f-41e7-bcbc-d5855c9a7968","f61f9030-d814-495d-af95-0e643697de64"
"45","421",0,0,"c464d108-c77f-41e7-bcbc-d5855c9a7968","7bdf6ed6-acf9-4a7b-84fe-7e4f96f9582a"
"45","489",0,0,"c464d108-c77f-41e7-bcbc-d5855c9a7968","cc2a8b56-732c-4e4c-a058-248783b68587"
"45","672",0,0,"c464d108-c77f-41e7-bcbc-d5855c9a7968","20f3c152-6ebf-49db-8e1a-00eebd99feb6"
"45","756",-7,-16,"c464d108-c77f-41e7-bcbc-d5855c9a7968","213479f7-39af-4b83-b0e9-4ba473d27429"
"45","980",0,0,"c464d108-c77f-41e7-bcbc-d5855c9a7968","5445f170-12c1-48fc-9563-3709dd2993b0"
"46","156",0,0,"4f147d0e-54ac-4b89-a269-aaa7819fb0ef","34359006-f70f-438e-85d0-420cf2fe6944"
"46","238",0,0,"4f147d0e-54ac-4b89-a269-aaa7819fb0ef","6afda059-04a5-4308-b776-a532ed142284"
"46","327",0,0,"4f147d0e-54ac-4b89-a269-aaa7819fb0ef","dd13fcba-0ae1-43d3-9d32-1672ed84f151"
"46","352",0,0,"4f147d0e-54ac-4b89-a269-aaa7819fb0ef","f61f9030-d814-495d-af95-0e643697de64"
"46","421",0,0,"4f147d0e-54ac-4b89-a269-aaa7819fb0ef","7bdf6ed6-acf9-4a7b-84fe-7e4f96f9582a"
"46","489",0,0,"4f147d0e-54ac-4b89-a269-aaa7819fb0ef","cc2a8b56-732c-4e4c-a058-248783b68587"
"46","672",0,0,"4f147d0e-54ac-4b89-a269-aaa7819fb0ef","20f3c152-6ebf-49db-8e1a-00eebd99feb6"
"46","756",10,0,"4f147d0e-54ac-4b89-a269-aaa7819fb0ef","213479f7-39af-4b83-b0e9-4ba473d27429"
"46","980",0,0,"4f147d0e-54ac-4b89-a269-aaa7819fb0ef","5445f170-12c1-48fc-9563-3709dd2993b0"
"47","156",8,4,"b20e7a20-ca68-410c-8214-fbb92bfdfe17","34359006-f70f-438e-85d0-420cf2fe6944"
"47","238",0,0,"b20e7a20-ca68-410c-8214-fbb92bfdfe17","6afda059-04a5-4308-b776-a532ed142284"
"47","327",10,0,"b20e7a20-ca68-410c-8214-fbb92bfdfe17","dd13fcba-0ae1-43d3-9d32-1672ed84f151"
"47","352",0,0,"b20e7a20-ca68-410c-8214-fbb92bfdfe17","f61f9030-d814-495d-af95-0e643697de64"
"47","421",21,-3,"b20e7a20-ca68-410c-8214-fbb92bfdfe17","7bdf6ed6-acf9-4a7b-84fe-7e4f96f9582a"
"47","489",0,0,"b20e7a20-ca68-410c-8214-fbb92bfdfe17","cc2a8b56-732c-4e4c-a058-248783b68587"
"47","672",-5,0,"b20e7a20-ca68-410c-8214-fbb92bfdfe17","20f3c152-6ebf-49db-8e1a-00eebd99feb6"
"47","756",0,0,"b20e7a20-ca68-410c-8214-fbb92bfdfe17","213479f7-39af-4b83-b0e9-4ba473d27429"
"47","980",0,0,"b20e7a20-ca68-410c-8214-fbb92bfdfe17","5445f170-12c1-48fc-9563-3709dd2993b0"
"48","156",0,0,"131f7620-d15d-4560-86ab-564145745b9b","34359006-f70f-438e-85d0-420cf2fe6944"
"48","238",0,0,"131f7620-d15d-4560-86ab-564145745b9b","6afda059-04a5-4308-b776-a532ed142284"
"48","327",0,-20,"131f7620-d15d-4560-86ab-564145745b9b","dd13fcba-0ae1-43d3-9d32-1672ed84f151"
"48","352",1,-15,"131f7620-d15d-4560-86ab-564145745b9b","f61f9030-d814-495d-af95-0e643697de64"
"48","421",9,-10,"131f7620-d15d-4560-86ab-564145745b9b","7bdf6ed6-acf9-4a7b-84fe-7e4f96f9582a"
"48","489",0,-16,"131f7620-d15d-4560-86ab-564145745b9b","cc2a8b56-732c-4e4c-a058-248783b68587"
"48","672",0,0,"131f7620-d15d-4560-86ab-564145745b9b","20f3c152-6ebf-49db-8e1a-00eebd99feb6"
"48","756",-12,-3,"131f7620-d15d-4560-86ab-564145745b9b","213479f7-39af-4b83-b0e9-4ba473d27429"
"48","980",0,0,"131f7620-d15d-4560-86ab-564145745b9b","5445f170-12c1-48fc-9563-3709dd2993b0"
