"num1","num2","tester_id","item_id","pays","num_stimulus"
18145,18940,"199d1269-1d8a-420a-a986-1f4f2ab4355f","34359006-f70f-438e-85d0-420cf2fe6944","Ukraine",156
18940,20880,"fd0537e8-3103-47f8-9998-44570bb8a45e","34359006-f70f-438e-85d0-420cf2fe6944","Ukraine",156
20880,22869,"e433aa11-cdb7-4733-88a9-7067cf52299b","34359006-f70f-438e-85d0-420cf2fe6944","Ukraine",156
22869,24498,"149c1889-4e83-4153-b763-54fb60e60d99","34359006-f70f-438e-85d0-420cf2fe6944","Ukraine",156
24498,25117,"14229a71-f44e-4149-9f3c-aa7415691eae","34359006-f70f-438e-85d0-420cf2fe6944","Ukraine",156
25117,27206,"a724528f-7fe6-4ad6-bba1-21cb02db2af5","34359006-f70f-438e-85d0-420cf2fe6944","Ukraine",156
27206,27448,"4f5ae77c-6112-401a-93d1-3bf44bd1ccbe","34359006-f70f-438e-85d0-420cf2fe6944","Ukraine",156
27448,28318,"4f147d0e-54ac-4b89-a269-aaa7819fb0ef","34359006-f70f-438e-85d0-420cf2fe6944","Ukraine",156
28318,30307,"c464d108-c77f-41e7-bcbc-d5855c9a7968","34359006-f70f-438e-85d0-420cf2fe6944","Ukraine",156
30307,30855,"b20e7a20-ca68-410c-8214-fbb92bfdfe17","34359006-f70f-438e-85d0-420cf2fe6944","Ukraine",156
30855,31989,"131f7620-d15d-4560-86ab-564145745b9b","34359006-f70f-438e-85d0-420cf2fe6944","Ukraine",156
31989,32160,"131ecf76-b806-4557-b2c0-183a418357ba","34359006-f70f-438e-85d0-420cf2fe6944","Ukraine",156
32160,32999,"9560482a-f0a3-4f68-a311-03d22aedbd05","34359006-f70f-438e-85d0-420cf2fe6944","Ukraine",156
32999,34736,"10e732f6-9a6a-474a-82e2-a4060fc8dffe","34359006-f70f-438e-85d0-420cf2fe6944","Ukraine",156
34736,35796,"646465ef-0ad6-44cc-bd31-de24e1487943","34359006-f70f-438e-85d0-420cf2fe6944","Ukraine",156
35796,36723,"aa2c1d96-ec88-4bcb-8d0e-e2b0c7632af1","34359006-f70f-438e-85d0-420cf2fe6944","Ukraine",156
36723,37274,"9610f0dd-ff9f-4bd4-b311-459a04f965ca","34359006-f70f-438e-85d0-420cf2fe6944","Ukraine",156
37274,38579,"df6523cd-3270-4298-8d6f-00aa8e9455e6","34359006-f70f-438e-85d0-420cf2fe6944","Ukraine",156
38579,39718,"54c68134-2c2a-4f2e-974b-32310830af0e","34359006-f70f-438e-85d0-420cf2fe6944","Ukraine",156
39718,40398,"055d198c-f8b0-47b7-9eb3-94fc57808f93","34359006-f70f-438e-85d0-420cf2fe6944","Ukraine",156
40398,41534,"cea293cd-b0b1-40ea-8e71-756b3956e8ad","34359006-f70f-438e-85d0-420cf2fe6944","Ukraine",156
41534,42098,"de86783a-ac86-419a-a230-dad6b421fba4","34359006-f70f-438e-85d0-420cf2fe6944","Ukraine",156
42098,42886,"919c7921-7cef-4620-a2fe-766180ed2fbb","34359006-f70f-438e-85d0-420cf2fe6944","Ukraine",156
42886,43418,"9f8068fd-f5cc-4e1a-946a-c9beb8b4d05a","34359006-f70f-438e-85d0-420cf2fe6944","Ukraine",156
43418,45448,"06026e76-f9a4-4fb9-877d-bcd33373cdab","34359006-f70f-438e-85d0-420cf2fe6944","Ukraine",156
45448,46366,"27e050a3-45e8-4076-9c25-32be9040da4e","34359006-f70f-438e-85d0-420cf2fe6944","Ukraine",156
46366,46948,"4995f6d3-50ed-427d-9cf2-4ea0b81a229c","34359006-f70f-438e-85d0-420cf2fe6944","Ukraine",156
46948,47124,"398e712a-fae6-451d-83c9-a7e500227e62","34359006-f70f-438e-85d0-420cf2fe6944","Ukraine",156
47124,48739,"65681129-f83c-4293-9ce3-9d1429367fd0","34359006-f70f-438e-85d0-420cf2fe6944","Ukraine",156
48739,50748,"035a43cf-cf88-4675-85e7-11eeb0b3641c","34359006-f70f-438e-85d0-420cf2fe6944","Ukraine",156
50748,51143,"aaf1dbcb-3748-4740-a2e0-58e7c1cb9f78","34359006-f70f-438e-85d0-420cf2fe6944","Ukraine",156
51143,51595,"bf743fbf-9be2-49a1-bf7e-0b53276e6529","34359006-f70f-438e-85d0-420cf2fe6944","Ukraine",156
51595,51930,"cd0a0a46-7676-4bf0-ad03-2e83bd565fee","34359006-f70f-438e-85d0-420cf2fe6944","Ukraine",156
51930,52346,"9577727a-fa45-4185-9778-4a56a41cf0f6","34359006-f70f-438e-85d0-420cf2fe6944","Ukraine",156
52346,53073,"073891b7-a928-4ff0-83e3-56f4d1a6315e","34359006-f70f-438e-85d0-420cf2fe6944","Ukraine",156
53073,54100,"cc933e0b-091f-4ef4-bfc8-11f2076d4396","34359006-f70f-438e-85d0-420cf2fe6944","Ukraine",156
54100,55833,"4ed0a862-3163-449b-bb48-ca8b9ce3add0","34359006-f70f-438e-85d0-420cf2fe6944","Ukraine",156
55833,56299,"473d2e90-02dd-483e-ad19-3966ec20050a","34359006-f70f-438e-85d0-420cf2fe6944","Ukraine",156
56299,56860,"03964ff9-d24f-4a0a-a492-3a177e16eb11","34359006-f70f-438e-85d0-420cf2fe6944","Ukraine",156
56860,57336,"e87291fb-8da5-4c7a-af30-4413737f2401","34359006-f70f-438e-85d0-420cf2fe6944","Ukraine",156
57336,59373,"915ec45f-204b-411d-8ed7-7fdecb385e39","34359006-f70f-438e-85d0-420cf2fe6944","Ukraine",156
59373,60527,"199d1269-1d8a-420a-a986-1f4f2ab4355f","20f3c152-6ebf-49db-8e1a-00eebd99feb6","Finland",672
60527,61722,"fd0537e8-3103-47f8-9998-44570bb8a45e","20f3c152-6ebf-49db-8e1a-00eebd99feb6","Finland",672
61722,63042,"e433aa11-cdb7-4733-88a9-7067cf52299b","20f3c152-6ebf-49db-8e1a-00eebd99feb6","Finland",672
63042,65152,"149c1889-4e83-4153-b763-54fb60e60d99","20f3c152-6ebf-49db-8e1a-00eebd99feb6","Finland",672
65152,65511,"14229a71-f44e-4149-9f3c-aa7415691eae","20f3c152-6ebf-49db-8e1a-00eebd99feb6","Finland",672
65511,66928,"a724528f-7fe6-4ad6-bba1-21cb02db2af5","20f3c152-6ebf-49db-8e1a-00eebd99feb6","Finland",672
66928,67353,"4f5ae77c-6112-401a-93d1-3bf44bd1ccbe","20f3c152-6ebf-49db-8e1a-00eebd99feb6","Finland",672
67353,68120,"4f147d0e-54ac-4b89-a269-aaa7819fb0ef","20f3c152-6ebf-49db-8e1a-00eebd99feb6","Finland",672
68120,70237,"c464d108-c77f-41e7-bcbc-d5855c9a7968","20f3c152-6ebf-49db-8e1a-00eebd99feb6","Finland",672
70237,70669,"b20e7a20-ca68-410c-8214-fbb92bfdfe17","20f3c152-6ebf-49db-8e1a-00eebd99feb6","Finland",672
70669,72354,"131f7620-d15d-4560-86ab-564145745b9b","20f3c152-6ebf-49db-8e1a-00eebd99feb6","Finland",672
72354,73345,"131ecf76-b806-4557-b2c0-183a418357ba","20f3c152-6ebf-49db-8e1a-00eebd99feb6","Finland",672
73345,74003,"9560482a-f0a3-4f68-a311-03d22aedbd05","20f3c152-6ebf-49db-8e1a-00eebd99feb6","Finland",672
74003,75339,"10e732f6-9a6a-474a-82e2-a4060fc8dffe","20f3c152-6ebf-49db-8e1a-00eebd99feb6","Finland",672
75339,76317,"646465ef-0ad6-44cc-bd31-de24e1487943","20f3c152-6ebf-49db-8e1a-00eebd99feb6","Finland",672
76317,77826,"aa2c1d96-ec88-4bcb-8d0e-e2b0c7632af1","20f3c152-6ebf-49db-8e1a-00eebd99feb6","Finland",672
77826,79211,"9610f0dd-ff9f-4bd4-b311-459a04f965ca","20f3c152-6ebf-49db-8e1a-00eebd99feb6","Finland",672
79211,80812,"df6523cd-3270-4298-8d6f-00aa8e9455e6","20f3c152-6ebf-49db-8e1a-00eebd99feb6","Finland",672
80812,82357,"54c68134-2c2a-4f2e-974b-32310830af0e","20f3c152-6ebf-49db-8e1a-00eebd99feb6","Finland",672
82357,83074,"055d198c-f8b0-47b7-9eb3-94fc57808f93","20f3c152-6ebf-49db-8e1a-00eebd99feb6","Finland",672
83074,84658,"cea293cd-b0b1-40ea-8e71-756b3956e8ad","20f3c152-6ebf-49db-8e1a-00eebd99feb6","Finland",672
84658,86295,"de86783a-ac86-419a-a230-dad6b421fba4","20f3c152-6ebf-49db-8e1a-00eebd99feb6","Finland",672
86295,86835,"919c7921-7cef-4620-a2fe-766180ed2fbb","20f3c152-6ebf-49db-8e1a-00eebd99feb6","Finland",672
86835,87307,"9f8068fd-f5cc-4e1a-946a-c9beb8b4d05a","20f3c152-6ebf-49db-8e1a-00eebd99feb6","Finland",672
87307,88533,"06026e76-f9a4-4fb9-877d-bcd33373cdab","20f3c152-6ebf-49db-8e1a-00eebd99feb6","Finland",672
88533,88956,"27e050a3-45e8-4076-9c25-32be9040da4e","20f3c152-6ebf-49db-8e1a-00eebd99feb6","Finland",672
88956,89868,"4995f6d3-50ed-427d-9cf2-4ea0b81a229c","20f3c152-6ebf-49db-8e1a-00eebd99feb6","Finland",672
89868,90280,"398e712a-fae6-451d-83c9-a7e500227e62","20f3c152-6ebf-49db-8e1a-00eebd99feb6","Finland",672
90280,91800,"65681129-f83c-4293-9ce3-9d1429367fd0","20f3c152-6ebf-49db-8e1a-00eebd99feb6","Finland",672
91800,92665,"035a43cf-cf88-4675-85e7-11eeb0b3641c","20f3c152-6ebf-49db-8e1a-00eebd99feb6","Finland",672
92665,93529,"aaf1dbcb-3748-4740-a2e0-58e7c1cb9f78","20f3c152-6ebf-49db-8e1a-00eebd99feb6","Finland",672
93529,94021,"bf743fbf-9be2-49a1-bf7e-0b53276e6529","20f3c152-6ebf-49db-8e1a-00eebd99feb6","Finland",672
94021,95385,"cd0a0a46-7676-4bf0-ad03-2e83bd565fee","20f3c152-6ebf-49db-8e1a-00eebd99feb6","Finland",672
95385,96578,"9577727a-fa45-4185-9778-4a56a41cf0f6","20f3c152-6ebf-49db-8e1a-00eebd99feb6","Finland",672
96578,97474,"073891b7-a928-4ff0-83e3-56f4d1a6315e","20f3c152-6ebf-49db-8e1a-00eebd99feb6","Finland",672
97474,98211,"cc933e0b-091f-4ef4-bfc8-11f2076d4396","20f3c152-6ebf-49db-8e1a-00eebd99feb6","Finland",672
98211,99807,"4ed0a862-3163-449b-bb48-ca8b9ce3add0","20f3c152-6ebf-49db-8e1a-00eebd99feb6","Finland",672
99807,100692,"473d2e90-02dd-483e-ad19-3966ec20050a","20f3c152-6ebf-49db-8e1a-00eebd99feb6","Finland",672
100692,101384,"03964ff9-d24f-4a0a-a492-3a177e16eb11","20f3c152-6ebf-49db-8e1a-00eebd99feb6","Finland",672
101384,101758,"e87291fb-8da5-4c7a-af30-4413737f2401","20f3c152-6ebf-49db-8e1a-00eebd99feb6","Finland",672
101758,103590,"915ec45f-204b-411d-8ed7-7fdecb385e39","20f3c152-6ebf-49db-8e1a-00eebd99feb6","Finland",672
103590,104677,"199d1269-1d8a-420a-a986-1f4f2ab4355f","213479f7-39af-4b83-b0e9-4ba473d27429","Spain",756
104677,106765,"fd0537e8-3103-47f8-9998-44570bb8a45e","213479f7-39af-4b83-b0e9-4ba473d27429","Spain",756
106765,107811,"e433aa11-cdb7-4733-88a9-7067cf52299b","213479f7-39af-4b83-b0e9-4ba473d27429","Spain",756
107811,108520,"149c1889-4e83-4153-b763-54fb60e60d99","213479f7-39af-4b83-b0e9-4ba473d27429","Spain",756
108520,109498,"14229a71-f44e-4149-9f3c-aa7415691eae","213479f7-39af-4b83-b0e9-4ba473d27429","Spain",756
109498,111199,"a724528f-7fe6-4ad6-bba1-21cb02db2af5","213479f7-39af-4b83-b0e9-4ba473d27429","Spain",756
111199,111525,"4f5ae77c-6112-401a-93d1-3bf44bd1ccbe","213479f7-39af-4b83-b0e9-4ba473d27429","Spain",756
111525,111868,"4f147d0e-54ac-4b89-a269-aaa7819fb0ef","213479f7-39af-4b83-b0e9-4ba473d27429","Spain",756
111868,112362,"c464d108-c77f-41e7-bcbc-d5855c9a7968","213479f7-39af-4b83-b0e9-4ba473d27429","Spain",756
112362,113467,"b20e7a20-ca68-410c-8214-fbb92bfdfe17","213479f7-39af-4b83-b0e9-4ba473d27429","Spain",756
113467,114171,"131f7620-d15d-4560-86ab-564145745b9b","213479f7-39af-4b83-b0e9-4ba473d27429","Spain",756
114171,114611,"131ecf76-b806-4557-b2c0-183a418357ba","213479f7-39af-4b83-b0e9-4ba473d27429","Spain",756
114611,115261,"9560482a-f0a3-4f68-a311-03d22aedbd05","213479f7-39af-4b83-b0e9-4ba473d27429","Spain",756
115261,116569,"10e732f6-9a6a-474a-82e2-a4060fc8dffe","213479f7-39af-4b83-b0e9-4ba473d27429","Spain",756
116569,118670,"646465ef-0ad6-44cc-bd31-de24e1487943","213479f7-39af-4b83-b0e9-4ba473d27429","Spain",756
118670,119624,"aa2c1d96-ec88-4bcb-8d0e-e2b0c7632af1","213479f7-39af-4b83-b0e9-4ba473d27429","Spain",756
119624,120134,"9610f0dd-ff9f-4bd4-b311-459a04f965ca","213479f7-39af-4b83-b0e9-4ba473d27429","Spain",756
120134,122166,"df6523cd-3270-4298-8d6f-00aa8e9455e6","213479f7-39af-4b83-b0e9-4ba473d27429","Spain",756
122166,122861,"54c68134-2c2a-4f2e-974b-32310830af0e","213479f7-39af-4b83-b0e9-4ba473d27429","Spain",756
122861,123580,"055d198c-f8b0-47b7-9eb3-94fc57808f93","213479f7-39af-4b83-b0e9-4ba473d27429","Spain",756
123580,124738,"cea293cd-b0b1-40ea-8e71-756b3956e8ad","213479f7-39af-4b83-b0e9-4ba473d27429","Spain",756
124738,125334,"de86783a-ac86-419a-a230-dad6b421fba4","213479f7-39af-4b83-b0e9-4ba473d27429","Spain",756
125334,126277,"919c7921-7cef-4620-a2fe-766180ed2fbb","213479f7-39af-4b83-b0e9-4ba473d27429","Spain",756
126277,126869,"9f8068fd-f5cc-4e1a-946a-c9beb8b4d05a","213479f7-39af-4b83-b0e9-4ba473d27429","Spain",756
126869,128346,"06026e76-f9a4-4fb9-877d-bcd33373cdab","213479f7-39af-4b83-b0e9-4ba473d27429","Spain",756
128346,129231,"27e050a3-45e8-4076-9c25-32be9040da4e","213479f7-39af-4b83-b0e9-4ba473d27429","Spain",756
129231,130332,"4995f6d3-50ed-427d-9cf2-4ea0b81a229c","213479f7-39af-4b83-b0e9-4ba473d27429","Spain",756
130332,130912,"398e712a-fae6-451d-83c9-a7e500227e62","213479f7-39af-4b83-b0e9-4ba473d27429","Spain",756
130912,131446,"65681129-f83c-4293-9ce3-9d1429367fd0","213479f7-39af-4b83-b0e9-4ba473d27429","Spain",756
131446,132758,"035a43cf-cf88-4675-85e7-11eeb0b3641c","213479f7-39af-4b83-b0e9-4ba473d27429","Spain",756
132758,133590,"aaf1dbcb-3748-4740-a2e0-58e7c1cb9f78","213479f7-39af-4b83-b0e9-4ba473d27429","Spain",756
133590,134190,"bf743fbf-9be2-49a1-bf7e-0b53276e6529","213479f7-39af-4b83-b0e9-4ba473d27429","Spain",756
134190,134911,"cd0a0a46-7676-4bf0-ad03-2e83bd565fee","213479f7-39af-4b83-b0e9-4ba473d27429","Spain",756
134911,135547,"9577727a-fa45-4185-9778-4a56a41cf0f6","213479f7-39af-4b83-b0e9-4ba473d27429","Spain",756
135547,136142,"073891b7-a928-4ff0-83e3-56f4d1a6315e","213479f7-39af-4b83-b0e9-4ba473d27429","Spain",756
136142,137200,"cc933e0b-091f-4ef4-bfc8-11f2076d4396","213479f7-39af-4b83-b0e9-4ba473d27429","Spain",756
137200,137886,"4ed0a862-3163-449b-bb48-ca8b9ce3add0","213479f7-39af-4b83-b0e9-4ba473d27429","Spain",756
137886,138494,"473d2e90-02dd-483e-ad19-3966ec20050a","213479f7-39af-4b83-b0e9-4ba473d27429","Spain",756
138494,138955,"03964ff9-d24f-4a0a-a492-3a177e16eb11","213479f7-39af-4b83-b0e9-4ba473d27429","Spain",756
138955,139218,"e87291fb-8da5-4c7a-af30-4413737f2401","213479f7-39af-4b83-b0e9-4ba473d27429","Spain",756
139218,141212,"915ec45f-204b-411d-8ed7-7fdecb385e39","213479f7-39af-4b83-b0e9-4ba473d27429","Spain",756
141212,141811,"199d1269-1d8a-420a-a986-1f4f2ab4355f","7bdf6ed6-acf9-4a7b-84fe-7e4f96f9582a","France",421
141811,142436,"fd0537e8-3103-47f8-9998-44570bb8a45e","7bdf6ed6-acf9-4a7b-84fe-7e4f96f9582a","France",421
142436,143618,"e433aa11-cdb7-4733-88a9-7067cf52299b","7bdf6ed6-acf9-4a7b-84fe-7e4f96f9582a","France",421
143618,144882,"149c1889-4e83-4153-b763-54fb60e60d99","7bdf6ed6-acf9-4a7b-84fe-7e4f96f9582a","France",421
144882,145925,"14229a71-f44e-4149-9f3c-aa7415691eae","7bdf6ed6-acf9-4a7b-84fe-7e4f96f9582a","France",421
145925,147327,"a724528f-7fe6-4ad6-bba1-21cb02db2af5","7bdf6ed6-acf9-4a7b-84fe-7e4f96f9582a","France",421
147327,147648,"4f5ae77c-6112-401a-93d1-3bf44bd1ccbe","7bdf6ed6-acf9-4a7b-84fe-7e4f96f9582a","France",421
147648,148299,"4f147d0e-54ac-4b89-a269-aaa7819fb0ef","7bdf6ed6-acf9-4a7b-84fe-7e4f96f9582a","France",421
148299,149355,"c464d108-c77f-41e7-bcbc-d5855c9a7968","7bdf6ed6-acf9-4a7b-84fe-7e4f96f9582a","France",421
149355,149671,"b20e7a20-ca68-410c-8214-fbb92bfdfe17","7bdf6ed6-acf9-4a7b-84fe-7e4f96f9582a","France",421
149671,150185,"131f7620-d15d-4560-86ab-564145745b9b","7bdf6ed6-acf9-4a7b-84fe-7e4f96f9582a","France",421
150185,150883,"131ecf76-b806-4557-b2c0-183a418357ba","7bdf6ed6-acf9-4a7b-84fe-7e4f96f9582a","France",421
150883,151454,"9560482a-f0a3-4f68-a311-03d22aedbd05","7bdf6ed6-acf9-4a7b-84fe-7e4f96f9582a","France",421
151454,152557,"10e732f6-9a6a-474a-82e2-a4060fc8dffe","7bdf6ed6-acf9-4a7b-84fe-7e4f96f9582a","France",421
152557,154632,"646465ef-0ad6-44cc-bd31-de24e1487943","7bdf6ed6-acf9-4a7b-84fe-7e4f96f9582a","France",421
154632,155706,"aa2c1d96-ec88-4bcb-8d0e-e2b0c7632af1","7bdf6ed6-acf9-4a7b-84fe-7e4f96f9582a","France",421
155706,156254,"9610f0dd-ff9f-4bd4-b311-459a04f965ca","7bdf6ed6-acf9-4a7b-84fe-7e4f96f9582a","France",421
156254,157057,"df6523cd-3270-4298-8d6f-00aa8e9455e6","7bdf6ed6-acf9-4a7b-84fe-7e4f96f9582a","France",421
157057,157408,"54c68134-2c2a-4f2e-974b-32310830af0e","7bdf6ed6-acf9-4a7b-84fe-7e4f96f9582a","France",421
157408,158669,"055d198c-f8b0-47b7-9eb3-94fc57808f93","7bdf6ed6-acf9-4a7b-84fe-7e4f96f9582a","France",421
158669,159102,"cea293cd-b0b1-40ea-8e71-756b3956e8ad","7bdf6ed6-acf9-4a7b-84fe-7e4f96f9582a","France",421
159102,160082,"de86783a-ac86-419a-a230-dad6b421fba4","7bdf6ed6-acf9-4a7b-84fe-7e4f96f9582a","France",421
160082,161025,"919c7921-7cef-4620-a2fe-766180ed2fbb","7bdf6ed6-acf9-4a7b-84fe-7e4f96f9582a","France",421
161025,161505,"9f8068fd-f5cc-4e1a-946a-c9beb8b4d05a","7bdf6ed6-acf9-4a7b-84fe-7e4f96f9582a","France",421
161505,162599,"06026e76-f9a4-4fb9-877d-bcd33373cdab","7bdf6ed6-acf9-4a7b-84fe-7e4f96f9582a","France",421
162599,163204,"27e050a3-45e8-4076-9c25-32be9040da4e","7bdf6ed6-acf9-4a7b-84fe-7e4f96f9582a","France",421
163204,165018,"4995f6d3-50ed-427d-9cf2-4ea0b81a229c","7bdf6ed6-acf9-4a7b-84fe-7e4f96f9582a","France",421
165018,165333,"398e712a-fae6-451d-83c9-a7e500227e62","7bdf6ed6-acf9-4a7b-84fe-7e4f96f9582a","France",421
165333,166893,"65681129-f83c-4293-9ce3-9d1429367fd0","7bdf6ed6-acf9-4a7b-84fe-7e4f96f9582a","France",421
166893,167321,"035a43cf-cf88-4675-85e7-11eeb0b3641c","7bdf6ed6-acf9-4a7b-84fe-7e4f96f9582a","France",421
167321,168392,"aaf1dbcb-3748-4740-a2e0-58e7c1cb9f78","7bdf6ed6-acf9-4a7b-84fe-7e4f96f9582a","France",421
168392,169167,"bf743fbf-9be2-49a1-bf7e-0b53276e6529","7bdf6ed6-acf9-4a7b-84fe-7e4f96f9582a","France",421
169167,169881,"cd0a0a46-7676-4bf0-ad03-2e83bd565fee","7bdf6ed6-acf9-4a7b-84fe-7e4f96f9582a","France",421
169881,170649,"9577727a-fa45-4185-9778-4a56a41cf0f6","7bdf6ed6-acf9-4a7b-84fe-7e4f96f9582a","France",421
170649,171376,"073891b7-a928-4ff0-83e3-56f4d1a6315e","7bdf6ed6-acf9-4a7b-84fe-7e4f96f9582a","France",421
171376,172491,"cc933e0b-091f-4ef4-bfc8-11f2076d4396","7bdf6ed6-acf9-4a7b-84fe-7e4f96f9582a","France",421
172491,173363,"4ed0a862-3163-449b-bb48-ca8b9ce3add0","7bdf6ed6-acf9-4a7b-84fe-7e4f96f9582a","France",421
173363,173807,"473d2e90-02dd-483e-ad19-3966ec20050a","7bdf6ed6-acf9-4a7b-84fe-7e4f96f9582a","France",421
173807,174490,"03964ff9-d24f-4a0a-a492-3a177e16eb11","7bdf6ed6-acf9-4a7b-84fe-7e4f96f9582a","France",421
174490,174895,"e87291fb-8da5-4c7a-af30-4413737f2401","7bdf6ed6-acf9-4a7b-84fe-7e4f96f9582a","France",421
174895,176510,"915ec45f-204b-411d-8ed7-7fdecb385e39","7bdf6ed6-acf9-4a7b-84fe-7e4f96f9582a","France",421
176510,178544,"199d1269-1d8a-420a-a986-1f4f2ab4355f","cc2a8b56-732c-4e4c-a058-248783b68587","South Korea",489
178544,180103,"fd0537e8-3103-47f8-9998-44570bb8a45e","cc2a8b56-732c-4e4c-a058-248783b68587","South Korea",489
180103,181635,"e433aa11-cdb7-4733-88a9-7067cf52299b","cc2a8b56-732c-4e4c-a058-248783b68587","South Korea",489
181635,182680,"149c1889-4e83-4153-b763-54fb60e60d99","cc2a8b56-732c-4e4c-a058-248783b68587","South Korea",489
182680,183849,"14229a71-f44e-4149-9f3c-aa7415691eae","cc2a8b56-732c-4e4c-a058-248783b68587","South Korea",489
183849,185937,"a724528f-7fe6-4ad6-bba1-21cb02db2af5","cc2a8b56-732c-4e4c-a058-248783b68587","South Korea",489
185937,186295,"4f5ae77c-6112-401a-93d1-3bf44bd1ccbe","cc2a8b56-732c-4e4c-a058-248783b68587","South Korea",489
186295,187105,"4f147d0e-54ac-4b89-a269-aaa7819fb0ef","cc2a8b56-732c-4e4c-a058-248783b68587","South Korea",489
187105,189010,"c464d108-c77f-41e7-bcbc-d5855c9a7968","cc2a8b56-732c-4e4c-a058-248783b68587","South Korea",489
189010,189602,"b20e7a20-ca68-410c-8214-fbb92bfdfe17","cc2a8b56-732c-4e4c-a058-248783b68587","South Korea",489
189602,190643,"131f7620-d15d-4560-86ab-564145745b9b","cc2a8b56-732c-4e4c-a058-248783b68587","South Korea",489
190643,191033,"131ecf76-b806-4557-b2c0-183a418357ba","cc2a8b56-732c-4e4c-a058-248783b68587","South Korea",489
191033,191521,"9560482a-f0a3-4f68-a311-03d22aedbd05","cc2a8b56-732c-4e4c-a058-248783b68587","South Korea",489
191521,192405,"10e732f6-9a6a-474a-82e2-a4060fc8dffe","cc2a8b56-732c-4e4c-a058-248783b68587","South Korea",489
192405,194474,"646465ef-0ad6-44cc-bd31-de24e1487943","cc2a8b56-732c-4e4c-a058-248783b68587","South Korea",489
194474,195355,"aa2c1d96-ec88-4bcb-8d0e-e2b0c7632af1","cc2a8b56-732c-4e4c-a058-248783b68587","South Korea",489
195355,196130,"9610f0dd-ff9f-4bd4-b311-459a04f965ca","cc2a8b56-732c-4e4c-a058-248783b68587","South Korea",489
196130,197375,"df6523cd-3270-4298-8d6f-00aa8e9455e6","cc2a8b56-732c-4e4c-a058-248783b68587","South Korea",489
197375,199417,"54c68134-2c2a-4f2e-974b-32310830af0e","cc2a8b56-732c-4e4c-a058-248783b68587","South Korea",489
199417,200101,"055d198c-f8b0-47b7-9eb3-94fc57808f93","cc2a8b56-732c-4e4c-a058-248783b68587","South Korea",489
200101,200913,"cea293cd-b0b1-40ea-8e71-756b3956e8ad","cc2a8b56-732c-4e4c-a058-248783b68587","South Korea",489
200913,201664,"de86783a-ac86-419a-a230-dad6b421fba4","cc2a8b56-732c-4e4c-a058-248783b68587","South Korea",489
201664,202839,"919c7921-7cef-4620-a2fe-766180ed2fbb","cc2a8b56-732c-4e4c-a058-248783b68587","South Korea",489
202839,203051,"9f8068fd-f5cc-4e1a-946a-c9beb8b4d05a","cc2a8b56-732c-4e4c-a058-248783b68587","South Korea",489
203051,203789,"06026e76-f9a4-4fb9-877d-bcd33373cdab","cc2a8b56-732c-4e4c-a058-248783b68587","South Korea",489
203789,204165,"27e050a3-45e8-4076-9c25-32be9040da4e","cc2a8b56-732c-4e4c-a058-248783b68587","South Korea",489
204165,205479,"4995f6d3-50ed-427d-9cf2-4ea0b81a229c","cc2a8b56-732c-4e4c-a058-248783b68587","South Korea",489
205479,205862,"398e712a-fae6-451d-83c9-a7e500227e62","cc2a8b56-732c-4e4c-a058-248783b68587","South Korea",489
205862,207529,"65681129-f83c-4293-9ce3-9d1429367fd0","cc2a8b56-732c-4e4c-a058-248783b68587","South Korea",489
207529,209573,"035a43cf-cf88-4675-85e7-11eeb0b3641c","cc2a8b56-732c-4e4c-a058-248783b68587","South Korea",489
209573,210157,"aaf1dbcb-3748-4740-a2e0-58e7c1cb9f78","cc2a8b56-732c-4e4c-a058-248783b68587","South Korea",489
210157,210774,"bf743fbf-9be2-49a1-bf7e-0b53276e6529","cc2a8b56-732c-4e4c-a058-248783b68587","South Korea",489
210774,211501,"cd0a0a46-7676-4bf0-ad03-2e83bd565fee","cc2a8b56-732c-4e4c-a058-248783b68587","South Korea",489
211501,212228,"9577727a-fa45-4185-9778-4a56a41cf0f6","cc2a8b56-732c-4e4c-a058-248783b68587","South Korea",489
212228,213193,"073891b7-a928-4ff0-83e3-56f4d1a6315e","cc2a8b56-732c-4e4c-a058-248783b68587","South Korea",489
213193,214865,"cc933e0b-091f-4ef4-bfc8-11f2076d4396","cc2a8b56-732c-4e4c-a058-248783b68587","South Korea",489
214865,215413,"4ed0a862-3163-449b-bb48-ca8b9ce3add0","cc2a8b56-732c-4e4c-a058-248783b68587","South Korea",489
215413,215842,"473d2e90-02dd-483e-ad19-3966ec20050a","cc2a8b56-732c-4e4c-a058-248783b68587","South Korea",489
215842,216633,"03964ff9-d24f-4a0a-a492-3a177e16eb11","cc2a8b56-732c-4e4c-a058-248783b68587","South Korea",489
216633,217032,"e87291fb-8da5-4c7a-af30-4413737f2401","cc2a8b56-732c-4e4c-a058-248783b68587","South Korea",489
217032,219006,"915ec45f-204b-411d-8ed7-7fdecb385e39","cc2a8b56-732c-4e4c-a058-248783b68587","South Korea",489
219006,221053,"199d1269-1d8a-420a-a986-1f4f2ab4355f","dd13fcba-0ae1-43d3-9d32-1672ed84f151","USA",327
221053,222246,"fd0537e8-3103-47f8-9998-44570bb8a45e","dd13fcba-0ae1-43d3-9d32-1672ed84f151","USA",327
222246,222773,"e433aa11-cdb7-4733-88a9-7067cf52299b","dd13fcba-0ae1-43d3-9d32-1672ed84f151","USA",327
222773,223659,"149c1889-4e83-4153-b763-54fb60e60d99","dd13fcba-0ae1-43d3-9d32-1672ed84f151","USA",327
223659,225700,"14229a71-f44e-4149-9f3c-aa7415691eae","dd13fcba-0ae1-43d3-9d32-1672ed84f151","USA",327
225700,226436,"a724528f-7fe6-4ad6-bba1-21cb02db2af5","dd13fcba-0ae1-43d3-9d32-1672ed84f151","USA",327
226436,226734,"4f5ae77c-6112-401a-93d1-3bf44bd1ccbe","dd13fcba-0ae1-43d3-9d32-1672ed84f151","USA",327
226734,227278,"4f147d0e-54ac-4b89-a269-aaa7819fb0ef","dd13fcba-0ae1-43d3-9d32-1672ed84f151","USA",327
227278,228842,"c464d108-c77f-41e7-bcbc-d5855c9a7968","dd13fcba-0ae1-43d3-9d32-1672ed84f151","USA",327
228842,229418,"b20e7a20-ca68-410c-8214-fbb92bfdfe17","dd13fcba-0ae1-43d3-9d32-1672ed84f151","USA",327
229418,229869,"131f7620-d15d-4560-86ab-564145745b9b","dd13fcba-0ae1-43d3-9d32-1672ed84f151","USA",327
229869,230278,"131ecf76-b806-4557-b2c0-183a418357ba","dd13fcba-0ae1-43d3-9d32-1672ed84f151","USA",327
230278,230657,"9560482a-f0a3-4f68-a311-03d22aedbd05","dd13fcba-0ae1-43d3-9d32-1672ed84f151","USA",327
230657,231054,"10e732f6-9a6a-474a-82e2-a4060fc8dffe","dd13fcba-0ae1-43d3-9d32-1672ed84f151","USA",327
231054,233139,"646465ef-0ad6-44cc-bd31-de24e1487943","dd13fcba-0ae1-43d3-9d32-1672ed84f151","USA",327
233139,234333,"aa2c1d96-ec88-4bcb-8d0e-e2b0c7632af1","dd13fcba-0ae1-43d3-9d32-1672ed84f151","USA",327
234333,235133,"9610f0dd-ff9f-4bd4-b311-459a04f965ca","dd13fcba-0ae1-43d3-9d32-1672ed84f151","USA",327
235133,235861,"df6523cd-3270-4298-8d6f-00aa8e9455e6","dd13fcba-0ae1-43d3-9d32-1672ed84f151","USA",327
235861,236477,"54c68134-2c2a-4f2e-974b-32310830af0e","dd13fcba-0ae1-43d3-9d32-1672ed84f151","USA",327
236477,236826,"055d198c-f8b0-47b7-9eb3-94fc57808f93","dd13fcba-0ae1-43d3-9d32-1672ed84f151","USA",327
236826,237357,"cea293cd-b0b1-40ea-8e71-756b3956e8ad","dd13fcba-0ae1-43d3-9d32-1672ed84f151","USA",327
237357,237967,"de86783a-ac86-419a-a230-dad6b421fba4","dd13fcba-0ae1-43d3-9d32-1672ed84f151","USA",327
237967,239326,"919c7921-7cef-4620-a2fe-766180ed2fbb","dd13fcba-0ae1-43d3-9d32-1672ed84f151","USA",327
239326,240021,"9f8068fd-f5cc-4e1a-946a-c9beb8b4d05a","dd13fcba-0ae1-43d3-9d32-1672ed84f151","USA",327
240021,241033,"06026e76-f9a4-4fb9-877d-bcd33373cdab","dd13fcba-0ae1-43d3-9d32-1672ed84f151","USA",327
241033,242363,"27e050a3-45e8-4076-9c25-32be9040da4e","dd13fcba-0ae1-43d3-9d32-1672ed84f151","USA",327
242363,243232,"4995f6d3-50ed-427d-9cf2-4ea0b81a229c","dd13fcba-0ae1-43d3-9d32-1672ed84f151","USA",327
243232,243422,"398e712a-fae6-451d-83c9-a7e500227e62","dd13fcba-0ae1-43d3-9d32-1672ed84f151","USA",327
243422,244635,"65681129-f83c-4293-9ce3-9d1429367fd0","dd13fcba-0ae1-43d3-9d32-1672ed84f151","USA",327
244635,245416,"035a43cf-cf88-4675-85e7-11eeb0b3641c","dd13fcba-0ae1-43d3-9d32-1672ed84f151","USA",327
245416,245738,"aaf1dbcb-3748-4740-a2e0-58e7c1cb9f78","dd13fcba-0ae1-43d3-9d32-1672ed84f151","USA",327
245738,246786,"bf743fbf-9be2-49a1-bf7e-0b53276e6529","dd13fcba-0ae1-43d3-9d32-1672ed84f151","USA",327
246786,247394,"cd0a0a46-7676-4bf0-ad03-2e83bd565fee","dd13fcba-0ae1-43d3-9d32-1672ed84f151","USA",327
247394,247769,"9577727a-fa45-4185-9778-4a56a41cf0f6","dd13fcba-0ae1-43d3-9d32-1672ed84f151","USA",327
247769,249064,"073891b7-a928-4ff0-83e3-56f4d1a6315e","dd13fcba-0ae1-43d3-9d32-1672ed84f151","USA",327
249064,249966,"cc933e0b-091f-4ef4-bfc8-11f2076d4396","dd13fcba-0ae1-43d3-9d32-1672ed84f151","USA",327
249966,251089,"4ed0a862-3163-449b-bb48-ca8b9ce3add0","dd13fcba-0ae1-43d3-9d32-1672ed84f151","USA",327
251089,251566,"473d2e90-02dd-483e-ad19-3966ec20050a","dd13fcba-0ae1-43d3-9d32-1672ed84f151","USA",327
251566,251871,"03964ff9-d24f-4a0a-a492-3a177e16eb11","dd13fcba-0ae1-43d3-9d32-1672ed84f151","USA",327
251871,252455,"e87291fb-8da5-4c7a-af30-4413737f2401","dd13fcba-0ae1-43d3-9d32-1672ed84f151","USA",327
252455,253316,"915ec45f-204b-411d-8ed7-7fdecb385e39","dd13fcba-0ae1-43d3-9d32-1672ed84f151","USA",327
253316,254643,"199d1269-1d8a-420a-a986-1f4f2ab4355f","6afda059-04a5-4308-b776-a532ed142284","Italy",238
254643,255647,"fd0537e8-3103-47f8-9998-44570bb8a45e","6afda059-04a5-4308-b776-a532ed142284","Italy",238
255647,256734,"e433aa11-cdb7-4733-88a9-7067cf52299b","6afda059-04a5-4308-b776-a532ed142284","Italy",238
256734,257512,"149c1889-4e83-4153-b763-54fb60e60d99","6afda059-04a5-4308-b776-a532ed142284","Italy",238
257512,258276,"14229a71-f44e-4149-9f3c-aa7415691eae","6afda059-04a5-4308-b776-a532ed142284","Italy",238
258276,260365,"a724528f-7fe6-4ad6-bba1-21cb02db2af5","6afda059-04a5-4308-b776-a532ed142284","Italy",238
260365,260742,"4f5ae77c-6112-401a-93d1-3bf44bd1ccbe","6afda059-04a5-4308-b776-a532ed142284","Italy",238
260742,261518,"4f147d0e-54ac-4b89-a269-aaa7819fb0ef","6afda059-04a5-4308-b776-a532ed142284","Italy",238
261518,262923,"c464d108-c77f-41e7-bcbc-d5855c9a7968","6afda059-04a5-4308-b776-a532ed142284","Italy",238
262923,263362,"b20e7a20-ca68-410c-8214-fbb92bfdfe17","6afda059-04a5-4308-b776-a532ed142284","Italy",238
263362,264839,"131f7620-d15d-4560-86ab-564145745b9b","6afda059-04a5-4308-b776-a532ed142284","Italy",238
264839,265357,"131ecf76-b806-4557-b2c0-183a418357ba","6afda059-04a5-4308-b776-a532ed142284","Italy",238
265357,265850,"9560482a-f0a3-4f68-a311-03d22aedbd05","6afda059-04a5-4308-b776-a532ed142284","Italy",238
265850,267654,"10e732f6-9a6a-474a-82e2-a4060fc8dffe","6afda059-04a5-4308-b776-a532ed142284","Italy",238
267654,269104,"646465ef-0ad6-44cc-bd31-de24e1487943","6afda059-04a5-4308-b776-a532ed142284","Italy",238
269104,269724,"aa2c1d96-ec88-4bcb-8d0e-e2b0c7632af1","6afda059-04a5-4308-b776-a532ed142284","Italy",238
269724,270715,"9610f0dd-ff9f-4bd4-b311-459a04f965ca","6afda059-04a5-4308-b776-a532ed142284","Italy",238
270715,271945,"df6523cd-3270-4298-8d6f-00aa8e9455e6","6afda059-04a5-4308-b776-a532ed142284","Italy",238
271945,273459,"54c68134-2c2a-4f2e-974b-32310830af0e","6afda059-04a5-4308-b776-a532ed142284","Italy",238
273459,275512,"055d198c-f8b0-47b7-9eb3-94fc57808f93","6afda059-04a5-4308-b776-a532ed142284","Italy",238
275512,276101,"cea293cd-b0b1-40ea-8e71-756b3956e8ad","6afda059-04a5-4308-b776-a532ed142284","Italy",238
276101,276735,"de86783a-ac86-419a-a230-dad6b421fba4","6afda059-04a5-4308-b776-a532ed142284","Italy",238
276735,277361,"919c7921-7cef-4620-a2fe-766180ed2fbb","6afda059-04a5-4308-b776-a532ed142284","Italy",238
277361,277904,"9f8068fd-f5cc-4e1a-946a-c9beb8b4d05a","6afda059-04a5-4308-b776-a532ed142284","Italy",238
277904,279392,"06026e76-f9a4-4fb9-877d-bcd33373cdab","6afda059-04a5-4308-b776-a532ed142284","Italy",238
279392,280159,"27e050a3-45e8-4076-9c25-32be9040da4e","6afda059-04a5-4308-b776-a532ed142284","Italy",238
280159,280908,"4995f6d3-50ed-427d-9cf2-4ea0b81a229c","6afda059-04a5-4308-b776-a532ed142284","Italy",238
280908,281166,"398e712a-fae6-451d-83c9-a7e500227e62","6afda059-04a5-4308-b776-a532ed142284","Italy",238
281166,282558,"65681129-f83c-4293-9ce3-9d1429367fd0","6afda059-04a5-4308-b776-a532ed142284","Italy",238
282558,283340,"035a43cf-cf88-4675-85e7-11eeb0b3641c","6afda059-04a5-4308-b776-a532ed142284","Italy",238
283340,284431,"aaf1dbcb-3748-4740-a2e0-58e7c1cb9f78","6afda059-04a5-4308-b776-a532ed142284","Italy",238
284431,285962,"bf743fbf-9be2-49a1-bf7e-0b53276e6529","6afda059-04a5-4308-b776-a532ed142284","Italy",238
285962,287068,"cd0a0a46-7676-4bf0-ad03-2e83bd565fee","6afda059-04a5-4308-b776-a532ed142284","Italy",238
287068,287571,"9577727a-fa45-4185-9778-4a56a41cf0f6","6afda059-04a5-4308-b776-a532ed142284","Italy",238
287571,288538,"073891b7-a928-4ff0-83e3-56f4d1a6315e","6afda059-04a5-4308-b776-a532ed142284","Italy",238
288538,290130,"cc933e0b-091f-4ef4-bfc8-11f2076d4396","6afda059-04a5-4308-b776-a532ed142284","Italy",238
290130,290979,"4ed0a862-3163-449b-bb48-ca8b9ce3add0","6afda059-04a5-4308-b776-a532ed142284","Italy",238
290979,291608,"473d2e90-02dd-483e-ad19-3966ec20050a","6afda059-04a5-4308-b776-a532ed142284","Italy",238
291608,292092,"03964ff9-d24f-4a0a-a492-3a177e16eb11","6afda059-04a5-4308-b776-a532ed142284","Italy",238
292092,292536,"e87291fb-8da5-4c7a-af30-4413737f2401","6afda059-04a5-4308-b776-a532ed142284","Italy",238
292536,293845,"915ec45f-204b-411d-8ed7-7fdecb385e39","6afda059-04a5-4308-b776-a532ed142284","Italy",238
293845,295455,"199d1269-1d8a-420a-a986-1f4f2ab4355f","f61f9030-d814-495d-af95-0e643697de64","Brazil",352
295455,297006,"fd0537e8-3103-47f8-9998-44570bb8a45e","f61f9030-d814-495d-af95-0e643697de64","Brazil",352
297006,298639,"e433aa11-cdb7-4733-88a9-7067cf52299b","f61f9030-d814-495d-af95-0e643697de64","Brazil",352
298639,299735,"149c1889-4e83-4153-b763-54fb60e60d99","f61f9030-d814-495d-af95-0e643697de64","Brazil",352
299735,300984,"14229a71-f44e-4149-9f3c-aa7415691eae","f61f9030-d814-495d-af95-0e643697de64","Brazil",352
300984,302892,"a724528f-7fe6-4ad6-bba1-21cb02db2af5","f61f9030-d814-495d-af95-0e643697de64","Brazil",352
302892,303246,"4f5ae77c-6112-401a-93d1-3bf44bd1ccbe","f61f9030-d814-495d-af95-0e643697de64","Brazil",352
303246,303758,"4f147d0e-54ac-4b89-a269-aaa7819fb0ef","f61f9030-d814-495d-af95-0e643697de64","Brazil",352
303758,305299,"c464d108-c77f-41e7-bcbc-d5855c9a7968","f61f9030-d814-495d-af95-0e643697de64","Brazil",352
305299,305825,"b20e7a20-ca68-410c-8214-fbb92bfdfe17","f61f9030-d814-495d-af95-0e643697de64","Brazil",352
305825,307675,"131f7620-d15d-4560-86ab-564145745b9b","f61f9030-d814-495d-af95-0e643697de64","Brazil",352
307675,308234,"131ecf76-b806-4557-b2c0-183a418357ba","f61f9030-d814-495d-af95-0e643697de64","Brazil",352
308234,308579,"9560482a-f0a3-4f68-a311-03d22aedbd05","f61f9030-d814-495d-af95-0e643697de64","Brazil",352
308579,310617,"10e732f6-9a6a-474a-82e2-a4060fc8dffe","f61f9030-d814-495d-af95-0e643697de64","Brazil",352
310617,312699,"646465ef-0ad6-44cc-bd31-de24e1487943","f61f9030-d814-495d-af95-0e643697de64","Brazil",352
312699,313740,"aa2c1d96-ec88-4bcb-8d0e-e2b0c7632af1","f61f9030-d814-495d-af95-0e643697de64","Brazil",352
313740,314471,"9610f0dd-ff9f-4bd4-b311-459a04f965ca","f61f9030-d814-495d-af95-0e643697de64","Brazil",352
314471,315479,"df6523cd-3270-4298-8d6f-00aa8e9455e6","f61f9030-d814-495d-af95-0e643697de64","Brazil",352
315479,316004,"54c68134-2c2a-4f2e-974b-32310830af0e","f61f9030-d814-495d-af95-0e643697de64","Brazil",352
316004,317823,"055d198c-f8b0-47b7-9eb3-94fc57808f93","f61f9030-d814-495d-af95-0e643697de64","Brazil",352
317823,318711,"cea293cd-b0b1-40ea-8e71-756b3956e8ad","f61f9030-d814-495d-af95-0e643697de64","Brazil",352
318711,319630,"de86783a-ac86-419a-a230-dad6b421fba4","f61f9030-d814-495d-af95-0e643697de64","Brazil",352
319630,320516,"919c7921-7cef-4620-a2fe-766180ed2fbb","f61f9030-d814-495d-af95-0e643697de64","Brazil",352
320516,320996,"9f8068fd-f5cc-4e1a-946a-c9beb8b4d05a","f61f9030-d814-495d-af95-0e643697de64","Brazil",352
320996,322178,"06026e76-f9a4-4fb9-877d-bcd33373cdab","f61f9030-d814-495d-af95-0e643697de64","Brazil",352
322178,323283,"27e050a3-45e8-4076-9c25-32be9040da4e","f61f9030-d814-495d-af95-0e643697de64","Brazil",352
323283,324558,"4995f6d3-50ed-427d-9cf2-4ea0b81a229c","f61f9030-d814-495d-af95-0e643697de64","Brazil",352
324558,325317,"398e712a-fae6-451d-83c9-a7e500227e62","f61f9030-d814-495d-af95-0e643697de64","Brazil",352
325317,326491,"65681129-f83c-4293-9ce3-9d1429367fd0","f61f9030-d814-495d-af95-0e643697de64","Brazil",352
326491,328543,"035a43cf-cf88-4675-85e7-11eeb0b3641c","f61f9030-d814-495d-af95-0e643697de64","Brazil",352
328543,329814,"aaf1dbcb-3748-4740-a2e0-58e7c1cb9f78","f61f9030-d814-495d-af95-0e643697de64","Brazil",352
329814,330675,"bf743fbf-9be2-49a1-bf7e-0b53276e6529","f61f9030-d814-495d-af95-0e643697de64","Brazil",352
330675,331713,"cd0a0a46-7676-4bf0-ad03-2e83bd565fee","f61f9030-d814-495d-af95-0e643697de64","Brazil",352
331713,332144,"9577727a-fa45-4185-9778-4a56a41cf0f6","f61f9030-d814-495d-af95-0e643697de64","Brazil",352
332144,332758,"073891b7-a928-4ff0-83e3-56f4d1a6315e","f61f9030-d814-495d-af95-0e643697de64","Brazil",352
332758,333957,"cc933e0b-091f-4ef4-bfc8-11f2076d4396","f61f9030-d814-495d-af95-0e643697de64","Brazil",352
333957,335566,"4ed0a862-3163-449b-bb48-ca8b9ce3add0","f61f9030-d814-495d-af95-0e643697de64","Brazil",352
335566,336062,"473d2e90-02dd-483e-ad19-3966ec20050a","f61f9030-d814-495d-af95-0e643697de64","Brazil",352
336062,336680,"03964ff9-d24f-4a0a-a492-3a177e16eb11","f61f9030-d814-495d-af95-0e643697de64","Brazil",352
336680,337145,"e87291fb-8da5-4c7a-af30-4413737f2401","f61f9030-d814-495d-af95-0e643697de64","Brazil",352
337145,339133,"915ec45f-204b-411d-8ed7-7fdecb385e39","f61f9030-d814-495d-af95-0e643697de64","Brazil",352
339133,339761,"199d1269-1d8a-420a-a986-1f4f2ab4355f","5445f170-12c1-48fc-9563-3709dd2993b0","Greece",980
339761,340528,"fd0537e8-3103-47f8-9998-44570bb8a45e","5445f170-12c1-48fc-9563-3709dd2993b0","Greece",980
340528,342260,"e433aa11-cdb7-4733-88a9-7067cf52299b","5445f170-12c1-48fc-9563-3709dd2993b0","Greece",980
342260,342705,"149c1889-4e83-4153-b763-54fb60e60d99","5445f170-12c1-48fc-9563-3709dd2993b0","Greece",980
342705,344092,"14229a71-f44e-4149-9f3c-aa7415691eae","5445f170-12c1-48fc-9563-3709dd2993b0","Greece",980
344092,346182,"a724528f-7fe6-4ad6-bba1-21cb02db2af5","5445f170-12c1-48fc-9563-3709dd2993b0","Greece",980
346182,346627,"4f5ae77c-6112-401a-93d1-3bf44bd1ccbe","5445f170-12c1-48fc-9563-3709dd2993b0","Greece",980
346627,347122,"4f147d0e-54ac-4b89-a269-aaa7819fb0ef","5445f170-12c1-48fc-9563-3709dd2993b0","Greece",980
347122,348638,"c464d108-c77f-41e7-bcbc-d5855c9a7968","5445f170-12c1-48fc-9563-3709dd2993b0","Greece",980
348638,349161,"b20e7a20-ca68-410c-8214-fbb92bfdfe17","5445f170-12c1-48fc-9563-3709dd2993b0","Greece",980
349161,350634,"131f7620-d15d-4560-86ab-564145745b9b","5445f170-12c1-48fc-9563-3709dd2993b0","Greece",980
350634,350992,"131ecf76-b806-4557-b2c0-183a418357ba","5445f170-12c1-48fc-9563-3709dd2993b0","Greece",980
350992,351621,"9560482a-f0a3-4f68-a311-03d22aedbd05","5445f170-12c1-48fc-9563-3709dd2993b0","Greece",980
351621,353037,"10e732f6-9a6a-474a-82e2-a4060fc8dffe","5445f170-12c1-48fc-9563-3709dd2993b0","Greece",980
353037,354888,"646465ef-0ad6-44cc-bd31-de24e1487943","5445f170-12c1-48fc-9563-3709dd2993b0","Greece",980
354888,355288,"aa2c1d96-ec88-4bcb-8d0e-e2b0c7632af1","5445f170-12c1-48fc-9563-3709dd2993b0","Greece",980
355288,356039,"9610f0dd-ff9f-4bd4-b311-459a04f965ca","5445f170-12c1-48fc-9563-3709dd2993b0","Greece",980
356039,358061,"df6523cd-3270-4298-8d6f-00aa8e9455e6","5445f170-12c1-48fc-9563-3709dd2993b0","Greece",980
358061,359411,"54c68134-2c2a-4f2e-974b-32310830af0e","5445f170-12c1-48fc-9563-3709dd2993b0","Greece",980
359411,360972,"055d198c-f8b0-47b7-9eb3-94fc57808f93","5445f170-12c1-48fc-9563-3709dd2993b0","Greece",980
360972,361909,"cea293cd-b0b1-40ea-8e71-756b3956e8ad","5445f170-12c1-48fc-9563-3709dd2993b0","Greece",980
361909,362689,"de86783a-ac86-419a-a230-dad6b421fba4","5445f170-12c1-48fc-9563-3709dd2993b0","Greece",980
362689,363300,"919c7921-7cef-4620-a2fe-766180ed2fbb","5445f170-12c1-48fc-9563-3709dd2993b0","Greece",980
363300,364151,"9f8068fd-f5cc-4e1a-946a-c9beb8b4d05a","5445f170-12c1-48fc-9563-3709dd2993b0","Greece",980
364151,365444,"06026e76-f9a4-4fb9-877d-bcd33373cdab","5445f170-12c1-48fc-9563-3709dd2993b0","Greece",980
365444,366389,"27e050a3-45e8-4076-9c25-32be9040da4e","5445f170-12c1-48fc-9563-3709dd2993b0","Greece",980
366389,367349,"4995f6d3-50ed-427d-9cf2-4ea0b81a229c","5445f170-12c1-48fc-9563-3709dd2993b0","Greece",980
367349,368018,"398e712a-fae6-451d-83c9-a7e500227e62","5445f170-12c1-48fc-9563-3709dd2993b0","Greece",980
368018,368902,"65681129-f83c-4293-9ce3-9d1429367fd0","5445f170-12c1-48fc-9563-3709dd2993b0","Greece",980
368902,370449,"035a43cf-cf88-4675-85e7-11eeb0b3641c","5445f170-12c1-48fc-9563-3709dd2993b0","Greece",980
370449,371435,"aaf1dbcb-3748-4740-a2e0-58e7c1cb9f78","5445f170-12c1-48fc-9563-3709dd2993b0","Greece",980
371435,371869,"bf743fbf-9be2-49a1-bf7e-0b53276e6529","5445f170-12c1-48fc-9563-3709dd2993b0","Greece",980
371869,372807,"cd0a0a46-7676-4bf0-ad03-2e83bd565fee","5445f170-12c1-48fc-9563-3709dd2993b0","Greece",980
372807,372968,"9577727a-fa45-4185-9778-4a56a41cf0f6","5445f170-12c1-48fc-9563-3709dd2993b0","Greece",980
372968,373624,"073891b7-a928-4ff0-83e3-56f4d1a6315e","5445f170-12c1-48fc-9563-3709dd2993b0","Greece",980
373624,374895,"cc933e0b-091f-4ef4-bfc8-11f2076d4396","5445f170-12c1-48fc-9563-3709dd2993b0","Greece",980
374895,375963,"4ed0a862-3163-449b-bb48-ca8b9ce3add0","5445f170-12c1-48fc-9563-3709dd2993b0","Greece",980
375963,376681,"473d2e90-02dd-483e-ad19-3966ec20050a","5445f170-12c1-48fc-9563-3709dd2993b0","Greece",980
376681,377309,"03964ff9-d24f-4a0a-a492-3a177e16eb11","5445f170-12c1-48fc-9563-3709dd2993b0","Greece",980
377309,377821,"e87291fb-8da5-4c7a-af30-4413737f2401","5445f170-12c1-48fc-9563-3709dd2993b0","Greece",980
377821,379825,"915ec45f-204b-411d-8ed7-7fdecb385e39","5445f170-12c1-48fc-9563-3709dd2993b0","Greece",980
385835,386153,"38c90b27-ea8c-4111-a922-4e81390fefab","34359006-f70f-438e-85d0-420cf2fe6944","Ukraine",156
386153,386423,"4436282c-7d0f-4334-ba8d-80b7cfe2b849","34359006-f70f-438e-85d0-420cf2fe6944","Ukraine",156
386423,387295,"98a2ab99-afcb-447e-ae8d-4b96b374e4d7","34359006-f70f-438e-85d0-420cf2fe6944","Ukraine",156
387295,387728,"6caef30c-9e58-4bd8-bf6a-e3dcac4256f1","34359006-f70f-438e-85d0-420cf2fe6944","Ukraine",156
387728,388393,"c19419a4-de5b-4642-b925-120bf7999f25","34359006-f70f-438e-85d0-420cf2fe6944","Ukraine",156
388393,389691,"0cd83ffd-f258-4775-a358-c55074060d88","34359006-f70f-438e-85d0-420cf2fe6944","Ukraine",156
389691,389992,"5b5b9eb7-f06a-48a3-b3e8-675a7f2faf18","34359006-f70f-438e-85d0-420cf2fe6944","Ukraine",156
389992,390909,"38c90b27-ea8c-4111-a922-4e81390fefab","20f3c152-6ebf-49db-8e1a-00eebd99feb6","Finland",672
390909,391385,"4436282c-7d0f-4334-ba8d-80b7cfe2b849","20f3c152-6ebf-49db-8e1a-00eebd99feb6","Finland",672
391385,391922,"98a2ab99-afcb-447e-ae8d-4b96b374e4d7","20f3c152-6ebf-49db-8e1a-00eebd99feb6","Finland",672
391922,392225,"6caef30c-9e58-4bd8-bf6a-e3dcac4256f1","20f3c152-6ebf-49db-8e1a-00eebd99feb6","Finland",672
392225,393258,"c19419a4-de5b-4642-b925-120bf7999f25","20f3c152-6ebf-49db-8e1a-00eebd99feb6","Finland",672
393258,394270,"0cd83ffd-f258-4775-a358-c55074060d88","20f3c152-6ebf-49db-8e1a-00eebd99feb6","Finland",672
394270,394574,"5b5b9eb7-f06a-48a3-b3e8-675a7f2faf18","20f3c152-6ebf-49db-8e1a-00eebd99feb6","Finland",672
394574,395107,"38c90b27-ea8c-4111-a922-4e81390fefab","213479f7-39af-4b83-b0e9-4ba473d27429","Spain",756
395107,395656,"4436282c-7d0f-4334-ba8d-80b7cfe2b849","213479f7-39af-4b83-b0e9-4ba473d27429","Spain",756
395656,396541,"98a2ab99-afcb-447e-ae8d-4b96b374e4d7","213479f7-39af-4b83-b0e9-4ba473d27429","Spain",756
396541,396778,"6caef30c-9e58-4bd8-bf6a-e3dcac4256f1","213479f7-39af-4b83-b0e9-4ba473d27429","Spain",756
396778,397492,"c19419a4-de5b-4642-b925-120bf7999f25","213479f7-39af-4b83-b0e9-4ba473d27429","Spain",756
397492,399498,"0cd83ffd-f258-4775-a358-c55074060d88","213479f7-39af-4b83-b0e9-4ba473d27429","Spain",756
399498,399897,"5b5b9eb7-f06a-48a3-b3e8-675a7f2faf18","213479f7-39af-4b83-b0e9-4ba473d27429","Spain",756
399897,401196,"38c90b27-ea8c-4111-a922-4e81390fefab","7bdf6ed6-acf9-4a7b-84fe-7e4f96f9582a","France",421
401196,401440,"4436282c-7d0f-4334-ba8d-80b7cfe2b849","7bdf6ed6-acf9-4a7b-84fe-7e4f96f9582a","France",421
401440,402014,"98a2ab99-afcb-447e-ae8d-4b96b374e4d7","7bdf6ed6-acf9-4a7b-84fe-7e4f96f9582a","France",421
402014,402441,"6caef30c-9e58-4bd8-bf6a-e3dcac4256f1","7bdf6ed6-acf9-4a7b-84fe-7e4f96f9582a","France",421
402441,403110,"c19419a4-de5b-4642-b925-120bf7999f25","7bdf6ed6-acf9-4a7b-84fe-7e4f96f9582a","France",421
403110,403937,"0cd83ffd-f258-4775-a358-c55074060d88","7bdf6ed6-acf9-4a7b-84fe-7e4f96f9582a","France",421
403937,404194,"5b5b9eb7-f06a-48a3-b3e8-675a7f2faf18","7bdf6ed6-acf9-4a7b-84fe-7e4f96f9582a","France",421
404194,404787,"38c90b27-ea8c-4111-a922-4e81390fefab","cc2a8b56-732c-4e4c-a058-248783b68587","South Korea",489
404787,405164,"4436282c-7d0f-4334-ba8d-80b7cfe2b849","cc2a8b56-732c-4e4c-a058-248783b68587","South Korea",489
405164,406125,"98a2ab99-afcb-447e-ae8d-4b96b374e4d7","cc2a8b56-732c-4e4c-a058-248783b68587","South Korea",489
406125,406790,"6caef30c-9e58-4bd8-bf6a-e3dcac4256f1","cc2a8b56-732c-4e4c-a058-248783b68587","South Korea",489
406790,407513,"c19419a4-de5b-4642-b925-120bf7999f25","cc2a8b56-732c-4e4c-a058-248783b68587","South Korea",489
407513,408424,"0cd83ffd-f258-4775-a358-c55074060d88","cc2a8b56-732c-4e4c-a058-248783b68587","South Korea",489
408424,409198,"5b5b9eb7-f06a-48a3-b3e8-675a7f2faf18","cc2a8b56-732c-4e4c-a058-248783b68587","South Korea",489
409198,409719,"38c90b27-ea8c-4111-a922-4e81390fefab","dd13fcba-0ae1-43d3-9d32-1672ed84f151","USA",327
409719,410029,"4436282c-7d0f-4334-ba8d-80b7cfe2b849","dd13fcba-0ae1-43d3-9d32-1672ed84f151","USA",327
410029,410682,"98a2ab99-afcb-447e-ae8d-4b96b374e4d7","dd13fcba-0ae1-43d3-9d32-1672ed84f151","USA",327
410682,411197,"6caef30c-9e58-4bd8-bf6a-e3dcac4256f1","dd13fcba-0ae1-43d3-9d32-1672ed84f151","USA",327
411197,412674,"c19419a4-de5b-4642-b925-120bf7999f25","dd13fcba-0ae1-43d3-9d32-1672ed84f151","USA",327
412674,413814,"0cd83ffd-f258-4775-a358-c55074060d88","dd13fcba-0ae1-43d3-9d32-1672ed84f151","USA",327
413814,414027,"5b5b9eb7-f06a-48a3-b3e8-675a7f2faf18","dd13fcba-0ae1-43d3-9d32-1672ed84f151","USA",327
414027,414483,"38c90b27-ea8c-4111-a922-4e81390fefab","6afda059-04a5-4308-b776-a532ed142284","Italy",238
414483,414667,"4436282c-7d0f-4334-ba8d-80b7cfe2b849","6afda059-04a5-4308-b776-a532ed142284","Italy",238
414667,415932,"98a2ab99-afcb-447e-ae8d-4b96b374e4d7","6afda059-04a5-4308-b776-a532ed142284","Italy",238
415932,416414,"6caef30c-9e58-4bd8-bf6a-e3dcac4256f1","6afda059-04a5-4308-b776-a532ed142284","Italy",238
416414,417595,"c19419a4-de5b-4642-b925-120bf7999f25","6afda059-04a5-4308-b776-a532ed142284","Italy",238
417595,418958,"0cd83ffd-f258-4775-a358-c55074060d88","6afda059-04a5-4308-b776-a532ed142284","Italy",238
418958,419439,"5b5b9eb7-f06a-48a3-b3e8-675a7f2faf18","6afda059-04a5-4308-b776-a532ed142284","Italy",238
419439,419851,"38c90b27-ea8c-4111-a922-4e81390fefab","f61f9030-d814-495d-af95-0e643697de64","Brazil",352
419851,420049,"4436282c-7d0f-4334-ba8d-80b7cfe2b849","f61f9030-d814-495d-af95-0e643697de64","Brazil",352
420049,421188,"98a2ab99-afcb-447e-ae8d-4b96b374e4d7","f61f9030-d814-495d-af95-0e643697de64","Brazil",352
421188,422500,"6caef30c-9e58-4bd8-bf6a-e3dcac4256f1","f61f9030-d814-495d-af95-0e643697de64","Brazil",352
422500,423343,"c19419a4-de5b-4642-b925-120bf7999f25","f61f9030-d814-495d-af95-0e643697de64","Brazil",352
423343,424666,"0cd83ffd-f258-4775-a358-c55074060d88","f61f9030-d814-495d-af95-0e643697de64","Brazil",352
424666,425450,"5b5b9eb7-f06a-48a3-b3e8-675a7f2faf18","f61f9030-d814-495d-af95-0e643697de64","Brazil",352
425450,426397,"38c90b27-ea8c-4111-a922-4e81390fefab","5445f170-12c1-48fc-9563-3709dd2993b0","Greece",980
426397,426730,"4436282c-7d0f-4334-ba8d-80b7cfe2b849","5445f170-12c1-48fc-9563-3709dd2993b0","Greece",980
426730,427199,"98a2ab99-afcb-447e-ae8d-4b96b374e4d7","5445f170-12c1-48fc-9563-3709dd2993b0","Greece",980
427199,427591,"6caef30c-9e58-4bd8-bf6a-e3dcac4256f1","5445f170-12c1-48fc-9563-3709dd2993b0","Greece",980
427591,428807,"c19419a4-de5b-4642-b925-120bf7999f25","5445f170-12c1-48fc-9563-3709dd2993b0","Greece",980
428807,430404,"0cd83ffd-f258-4775-a358-c55074060d88","5445f170-12c1-48fc-9563-3709dd2993b0","Greece",980
430404,430753,"5b5b9eb7-f06a-48a3-b3e8-675a7f2faf18","5445f170-12c1-48fc-9563-3709dd2993b0","Greece",980
