"tester_id","id","item_id","num_stimulus","num1","num2","pays"
"131f7620-d15d-4560-86ab-564145745b9b",48,"34359006-f70f-438e-85d0-420cf2fe6944",156,30855,31989,"Ukraine"
"131f7620-d15d-4560-86ab-564145745b9b",48,"20f3c152-6ebf-49db-8e1a-00eebd99feb6",672,70669,72354,"Finland"
"131f7620-d15d-4560-86ab-564145745b9b",48,"213479f7-39af-4b83-b0e9-4ba473d27429",756,113467,114171,"Spain"
"131f7620-d15d-4560-86ab-564145745b9b",48,"7bdf6ed6-acf9-4a7b-84fe-7e4f96f9582a",421,149671,150185,"France"
"131f7620-d15d-4560-86ab-564145745b9b",48,"cc2a8b56-732c-4e4c-a058-248783b68587",489,189602,190643,"South Korea"
"131f7620-d15d-4560-86ab-564145745b9b",48,"dd13fcba-0ae1-43d3-9d32-1672ed84f151",327,229418,229869,"USA"
"131f7620-d15d-4560-86ab-564145745b9b",48,"6afda059-04a5-4308-b776-a532ed142284",238,263362,264839,"Italy"
"131f7620-d15d-4560-86ab-564145745b9b",48,"f61f9030-d814-495d-af95-0e643697de64",352,305825,307675,"Brazil"
"131f7620-d15d-4560-86ab-564145745b9b",48,"5445f170-12c1-48fc-9563-3709dd2993b0",980,349161,350634,"Greece"
"b20e7a20-ca68-410c-8214-fbb92bfdfe17",47,"34359006-f70f-438e-85d0-420cf2fe6944",156,30307,30855,"Ukraine"
"b20e7a20-ca68-410c-8214-fbb92bfdfe17",47,"20f3c152-6ebf-49db-8e1a-00eebd99feb6",672,70237,70669,"Finland"
"b20e7a20-ca68-410c-8214-fbb92bfdfe17",47,"213479f7-39af-4b83-b0e9-4ba473d27429",756,112362,113467,"Spain"
"b20e7a20-ca68-410c-8214-fbb92bfdfe17",47,"7bdf6ed6-acf9-4a7b-84fe-7e4f96f9582a",421,149355,149671,"France"
"b20e7a20-ca68-410c-8214-fbb92bfdfe17",47,"cc2a8b56-732c-4e4c-a058-248783b68587",489,189010,189602,"South Korea"
"b20e7a20-ca68-410c-8214-fbb92bfdfe17",47,"dd13fcba-0ae1-43d3-9d32-1672ed84f151",327,228842,229418,"USA"
"b20e7a20-ca68-410c-8214-fbb92bfdfe17",47,"6afda059-04a5-4308-b776-a532ed142284",238,262923,263362,"Italy"
"b20e7a20-ca68-410c-8214-fbb92bfdfe17",47,"f61f9030-d814-495d-af95-0e643697de64",352,305299,305825,"Brazil"
"c464d108-c77f-41e7-bcbc-d5855c9a7968",45,"34359006-f70f-438e-85d0-420cf2fe6944",156,28318,30307,"Ukraine"
"c464d108-c77f-41e7-bcbc-d5855c9a7968",45,"20f3c152-6ebf-49db-8e1a-00eebd99feb6",672,68120,70237,"Finland"
"c464d108-c77f-41e7-bcbc-d5855c9a7968",45,"213479f7-39af-4b83-b0e9-4ba473d27429",756,111868,112362,"Spain"
"c464d108-c77f-41e7-bcbc-d5855c9a7968",45,"7bdf6ed6-acf9-4a7b-84fe-7e4f96f9582a",421,148299,149355,"France"
"c464d108-c77f-41e7-bcbc-d5855c9a7968",45,"cc2a8b56-732c-4e4c-a058-248783b68587",489,187105,189010,"South Korea"
"c464d108-c77f-41e7-bcbc-d5855c9a7968",45,"dd13fcba-0ae1-43d3-9d32-1672ed84f151",327,227278,228842,"USA"
"c464d108-c77f-41e7-bcbc-d5855c9a7968",45,"6afda059-04a5-4308-b776-a532ed142284",238,261518,262923,"Italy"
"c464d108-c77f-41e7-bcbc-d5855c9a7968",45,"f61f9030-d814-495d-af95-0e643697de64",352,303758,305299,"Brazil"
"c464d108-c77f-41e7-bcbc-d5855c9a7968",45,"5445f170-12c1-48fc-9563-3709dd2993b0",980,347122,348638,"Greece"
"4f147d0e-54ac-4b89-a269-aaa7819fb0ef",46,"34359006-f70f-438e-85d0-420cf2fe6944",156,27448,28318,"Ukraine"
"4f147d0e-54ac-4b89-a269-aaa7819fb0ef",46,"20f3c152-6ebf-49db-8e1a-00eebd99feb6",672,67353,68120,"Finland"
"4f147d0e-54ac-4b89-a269-aaa7819fb0ef",46,"213479f7-39af-4b83-b0e9-4ba473d27429",756,111525,111868,"Spain"
"4f147d0e-54ac-4b89-a269-aaa7819fb0ef",46,"7bdf6ed6-acf9-4a7b-84fe-7e4f96f9582a",421,147648,148299,"France"
"4f147d0e-54ac-4b89-a269-aaa7819fb0ef",46,"cc2a8b56-732c-4e4c-a058-248783b68587",489,186295,187105,"South Korea"
"4f147d0e-54ac-4b89-a269-aaa7819fb0ef",46,"dd13fcba-0ae1-43d3-9d32-1672ed84f151",327,226734,227278,"USA"
"4f147d0e-54ac-4b89-a269-aaa7819fb0ef",46,"6afda059-04a5-4308-b776-a532ed142284",238,260742,261518,"Italy"
"4f147d0e-54ac-4b89-a269-aaa7819fb0ef",46,"f61f9030-d814-495d-af95-0e643697de64",352,303246,303758,"Brazil"
"4f147d0e-54ac-4b89-a269-aaa7819fb0ef",46,"5445f170-12c1-48fc-9563-3709dd2993b0",980,346627,347122,"Greece"
"4f5ae77c-6112-401a-93d1-3bf44bd1ccbe",44,"34359006-f70f-438e-85d0-420cf2fe6944",156,27206,27448,"Ukraine"
"4f5ae77c-6112-401a-93d1-3bf44bd1ccbe",44,"20f3c152-6ebf-49db-8e1a-00eebd99feb6",672,66928,67353,"Finland"
"4f5ae77c-6112-401a-93d1-3bf44bd1ccbe",44,"213479f7-39af-4b83-b0e9-4ba473d27429",756,111199,111525,"Spain"
"4f5ae77c-6112-401a-93d1-3bf44bd1ccbe",44,"7bdf6ed6-acf9-4a7b-84fe-7e4f96f9582a",421,147327,147648,"France"
"4f5ae77c-6112-401a-93d1-3bf44bd1ccbe",44,"cc2a8b56-732c-4e4c-a058-248783b68587",489,185937,186295,"South Korea"
"4f5ae77c-6112-401a-93d1-3bf44bd1ccbe",44,"dd13fcba-0ae1-43d3-9d32-1672ed84f151",327,226436,226734,"USA"
"4f5ae77c-6112-401a-93d1-3bf44bd1ccbe",44,"6afda059-04a5-4308-b776-a532ed142284",238,260365,260742,"Italy"
"4f5ae77c-6112-401a-93d1-3bf44bd1ccbe",44,"f61f9030-d814-495d-af95-0e643697de64",352,302892,303246,"Brazil"
"4f5ae77c-6112-401a-93d1-3bf44bd1ccbe",44,"5445f170-12c1-48fc-9563-3709dd2993b0",980,346182,346627,"Greece"
"a724528f-7fe6-4ad6-bba1-21cb02db2af5",43,"34359006-f70f-438e-85d0-420cf2fe6944",156,25117,27206,"Ukraine"
"a724528f-7fe6-4ad6-bba1-21cb02db2af5",43,"20f3c152-6ebf-49db-8e1a-00eebd99feb6",672,65511,66928,"Finland"
"a724528f-7fe6-4ad6-bba1-21cb02db2af5",43,"213479f7-39af-4b83-b0e9-4ba473d27429",756,109498,111199,"Spain"
"a724528f-7fe6-4ad6-bba1-21cb02db2af5",43,"7bdf6ed6-acf9-4a7b-84fe-7e4f96f9582a",421,145925,147327,"France"
"a724528f-7fe6-4ad6-bba1-21cb02db2af5",43,"cc2a8b56-732c-4e4c-a058-248783b68587",489,183849,185937,"South Korea"
"a724528f-7fe6-4ad6-bba1-21cb02db2af5",43,"dd13fcba-0ae1-43d3-9d32-1672ed84f151",327,225700,226436,"USA"
"a724528f-7fe6-4ad6-bba1-21cb02db2af5",43,"6afda059-04a5-4308-b776-a532ed142284",238,258276,260365,"Italy"
"a724528f-7fe6-4ad6-bba1-21cb02db2af5",43,"f61f9030-d814-495d-af95-0e643697de64",352,300984,302892,"Brazil"
"a724528f-7fe6-4ad6-bba1-21cb02db2af5",43,"5445f170-12c1-48fc-9563-3709dd2993b0",980,344092,346182,"Greece"
"14229a71-f44e-4149-9f3c-aa7415691eae",42,"34359006-f70f-438e-85d0-420cf2fe6944",156,24498,25117,"Ukraine"
"14229a71-f44e-4149-9f3c-aa7415691eae",42,"20f3c152-6ebf-49db-8e1a-00eebd99feb6",672,65152,65511,"Finland"
"14229a71-f44e-4149-9f3c-aa7415691eae",42,"213479f7-39af-4b83-b0e9-4ba473d27429",756,108520,109498,"Spain"
"14229a71-f44e-4149-9f3c-aa7415691eae",42,"7bdf6ed6-acf9-4a7b-84fe-7e4f96f9582a",421,144882,145925,"France"
"14229a71-f44e-4149-9f3c-aa7415691eae",42,"cc2a8b56-732c-4e4c-a058-248783b68587",489,182680,183849,"South Korea"
"14229a71-f44e-4149-9f3c-aa7415691eae",42,"dd13fcba-0ae1-43d3-9d32-1672ed84f151",327,223659,225700,"USA"
"14229a71-f44e-4149-9f3c-aa7415691eae",42,"6afda059-04a5-4308-b776-a532ed142284",238,257512,258276,"Italy"
"14229a71-f44e-4149-9f3c-aa7415691eae",42,"f61f9030-d814-495d-af95-0e643697de64",352,299735,300984,"Brazil"
"14229a71-f44e-4149-9f3c-aa7415691eae",42,"5445f170-12c1-48fc-9563-3709dd2993b0",980,342705,344092,"Greece"
"149c1889-4e83-4153-b763-54fb60e60d99",41,"34359006-f70f-438e-85d0-420cf2fe6944",156,22869,24498,"Ukraine"
"149c1889-4e83-4153-b763-54fb60e60d99",41,"20f3c152-6ebf-49db-8e1a-00eebd99feb6",672,63042,65152,"Finland"
"149c1889-4e83-4153-b763-54fb60e60d99",41,"213479f7-39af-4b83-b0e9-4ba473d27429",756,107811,108520,"Spain"
"149c1889-4e83-4153-b763-54fb60e60d99",41,"7bdf6ed6-acf9-4a7b-84fe-7e4f96f9582a",421,143618,144882,"France"
"149c1889-4e83-4153-b763-54fb60e60d99",41,"cc2a8b56-732c-4e4c-a058-248783b68587",489,181635,182680,"South Korea"
"149c1889-4e83-4153-b763-54fb60e60d99",41,"dd13fcba-0ae1-43d3-9d32-1672ed84f151",327,222773,223659,"USA"
"149c1889-4e83-4153-b763-54fb60e60d99",41,"6afda059-04a5-4308-b776-a532ed142284",238,256734,257512,"Italy"
"149c1889-4e83-4153-b763-54fb60e60d99",41,"f61f9030-d814-495d-af95-0e643697de64",352,298639,299735,"Brazil"
"149c1889-4e83-4153-b763-54fb60e60d99",41,"5445f170-12c1-48fc-9563-3709dd2993b0",980,342260,342705,"Greece"
"e433aa11-cdb7-4733-88a9-7067cf52299b",40,"34359006-f70f-438e-85d0-420cf2fe6944",156,20880,22869,"Ukraine"
"e433aa11-cdb7-4733-88a9-7067cf52299b",40,"7bdf6ed6-acf9-4a7b-84fe-7e4f96f9582a",421,142436,143618,"France"
"e433aa11-cdb7-4733-88a9-7067cf52299b",40,"cc2a8b56-732c-4e4c-a058-248783b68587",489,180103,181635,"South Korea"
"e433aa11-cdb7-4733-88a9-7067cf52299b",40,"6afda059-04a5-4308-b776-a532ed142284",238,255647,256734,"Italy"
"e433aa11-cdb7-4733-88a9-7067cf52299b",40,"f61f9030-d814-495d-af95-0e643697de64",352,297006,298639,"Brazil"
"fd0537e8-3103-47f8-9998-44570bb8a45e",39,"34359006-f70f-438e-85d0-420cf2fe6944",156,18940,20880,"Ukraine"
"fd0537e8-3103-47f8-9998-44570bb8a45e",39,"20f3c152-6ebf-49db-8e1a-00eebd99feb6",672,60527,61722,"Finland"
"fd0537e8-3103-47f8-9998-44570bb8a45e",39,"213479f7-39af-4b83-b0e9-4ba473d27429",756,104677,106765,"Spain"
"fd0537e8-3103-47f8-9998-44570bb8a45e",39,"7bdf6ed6-acf9-4a7b-84fe-7e4f96f9582a",421,141811,142436,"France"
"fd0537e8-3103-47f8-9998-44570bb8a45e",39,"cc2a8b56-732c-4e4c-a058-248783b68587",489,178544,180103,"South Korea"
"fd0537e8-3103-47f8-9998-44570bb8a45e",39,"dd13fcba-0ae1-43d3-9d32-1672ed84f151",327,221053,222246,"USA"
"fd0537e8-3103-47f8-9998-44570bb8a45e",39,"6afda059-04a5-4308-b776-a532ed142284",238,254643,255647,"Italy"
"fd0537e8-3103-47f8-9998-44570bb8a45e",39,"f61f9030-d814-495d-af95-0e643697de64",352,295455,297006,"Brazil"
"fd0537e8-3103-47f8-9998-44570bb8a45e",39,"5445f170-12c1-48fc-9563-3709dd2993b0",980,339761,340528,"Greece"
"199d1269-1d8a-420a-a986-1f4f2ab4355f",38,"34359006-f70f-438e-85d0-420cf2fe6944",156,18145,18940,"Ukraine"
"199d1269-1d8a-420a-a986-1f4f2ab4355f",38,"20f3c152-6ebf-49db-8e1a-00eebd99feb6",672,59373,60527,"Finland"
"199d1269-1d8a-420a-a986-1f4f2ab4355f",38,"213479f7-39af-4b83-b0e9-4ba473d27429",756,103590,104677,"Spain"
"199d1269-1d8a-420a-a986-1f4f2ab4355f",38,"7bdf6ed6-acf9-4a7b-84fe-7e4f96f9582a",421,141212,141811,"France"
"199d1269-1d8a-420a-a986-1f4f2ab4355f",38,"cc2a8b56-732c-4e4c-a058-248783b68587",489,176510,178544,"South Korea"
"199d1269-1d8a-420a-a986-1f4f2ab4355f",38,"dd13fcba-0ae1-43d3-9d32-1672ed84f151",327,219006,221053,"USA"
"199d1269-1d8a-420a-a986-1f4f2ab4355f",38,"6afda059-04a5-4308-b776-a532ed142284",238,253316,254643,"Italy"
"199d1269-1d8a-420a-a986-1f4f2ab4355f",38,"f61f9030-d814-495d-af95-0e643697de64",352,293845,295455,"Brazil"
"199d1269-1d8a-420a-a986-1f4f2ab4355f",38,"5445f170-12c1-48fc-9563-3709dd2993b0",980,339133,339761,"Greece"
"915ec45f-204b-411d-8ed7-7fdecb385e39",35,"34359006-f70f-438e-85d0-420cf2fe6944",156,57336,59373,"Ukraine"
"915ec45f-204b-411d-8ed7-7fdecb385e39",35,"20f3c152-6ebf-49db-8e1a-00eebd99feb6",672,101758,103590,"Finland"
"915ec45f-204b-411d-8ed7-7fdecb385e39",35,"213479f7-39af-4b83-b0e9-4ba473d27429",756,139218,141212,"Spain"
"915ec45f-204b-411d-8ed7-7fdecb385e39",35,"7bdf6ed6-acf9-4a7b-84fe-7e4f96f9582a",421,174895,176510,"France"
"915ec45f-204b-411d-8ed7-7fdecb385e39",35,"cc2a8b56-732c-4e4c-a058-248783b68587",489,217032,219006,"South Korea"
"915ec45f-204b-411d-8ed7-7fdecb385e39",35,"dd13fcba-0ae1-43d3-9d32-1672ed84f151",327,252455,253316,"USA"
"915ec45f-204b-411d-8ed7-7fdecb385e39",35,"6afda059-04a5-4308-b776-a532ed142284",238,292536,293845,"Italy"
"915ec45f-204b-411d-8ed7-7fdecb385e39",35,"f61f9030-d814-495d-af95-0e643697de64",352,337145,339133,"Brazil"
"915ec45f-204b-411d-8ed7-7fdecb385e39",35,"5445f170-12c1-48fc-9563-3709dd2993b0",980,377821,379825,"Greece"
"e87291fb-8da5-4c7a-af30-4413737f2401",29,"34359006-f70f-438e-85d0-420cf2fe6944",156,56860,57336,"Ukraine"
"e87291fb-8da5-4c7a-af30-4413737f2401",29,"20f3c152-6ebf-49db-8e1a-00eebd99feb6",672,101384,101758,"Finland"
"e87291fb-8da5-4c7a-af30-4413737f2401",29,"213479f7-39af-4b83-b0e9-4ba473d27429",756,138955,139218,"Spain"
"e87291fb-8da5-4c7a-af30-4413737f2401",29,"7bdf6ed6-acf9-4a7b-84fe-7e4f96f9582a",421,174490,174895,"France"
"e87291fb-8da5-4c7a-af30-4413737f2401",29,"cc2a8b56-732c-4e4c-a058-248783b68587",489,216633,217032,"South Korea"
"e87291fb-8da5-4c7a-af30-4413737f2401",29,"dd13fcba-0ae1-43d3-9d32-1672ed84f151",327,251871,252455,"USA"
"e87291fb-8da5-4c7a-af30-4413737f2401",29,"6afda059-04a5-4308-b776-a532ed142284",238,292092,292536,"Italy"
"e87291fb-8da5-4c7a-af30-4413737f2401",29,"f61f9030-d814-495d-af95-0e643697de64",352,336680,337145,"Brazil"
"e87291fb-8da5-4c7a-af30-4413737f2401",29,"5445f170-12c1-48fc-9563-3709dd2993b0",980,377309,377821,"Greece"
"03964ff9-d24f-4a0a-a492-3a177e16eb11",28,"34359006-f70f-438e-85d0-420cf2fe6944",156,56299,56860,"Ukraine"
"03964ff9-d24f-4a0a-a492-3a177e16eb11",28,"20f3c152-6ebf-49db-8e1a-00eebd99feb6",672,100692,101384,"Finland"
"03964ff9-d24f-4a0a-a492-3a177e16eb11",28,"213479f7-39af-4b83-b0e9-4ba473d27429",756,138494,138955,"Spain"
"03964ff9-d24f-4a0a-a492-3a177e16eb11",28,"7bdf6ed6-acf9-4a7b-84fe-7e4f96f9582a",421,173807,174490,"France"
"03964ff9-d24f-4a0a-a492-3a177e16eb11",28,"cc2a8b56-732c-4e4c-a058-248783b68587",489,215842,216633,"South Korea"
"03964ff9-d24f-4a0a-a492-3a177e16eb11",28,"dd13fcba-0ae1-43d3-9d32-1672ed84f151",327,251566,251871,"USA"
"03964ff9-d24f-4a0a-a492-3a177e16eb11",28,"6afda059-04a5-4308-b776-a532ed142284",238,291608,292092,"Italy"
"03964ff9-d24f-4a0a-a492-3a177e16eb11",28,"f61f9030-d814-495d-af95-0e643697de64",352,336062,336680,"Brazil"
"03964ff9-d24f-4a0a-a492-3a177e16eb11",28,"5445f170-12c1-48fc-9563-3709dd2993b0",980,376681,377309,"Greece"
"473d2e90-02dd-483e-ad19-3966ec20050a",27,"34359006-f70f-438e-85d0-420cf2fe6944",156,55833,56299,"Ukraine"
"473d2e90-02dd-483e-ad19-3966ec20050a",27,"20f3c152-6ebf-49db-8e1a-00eebd99feb6",672,99807,100692,"Finland"
"473d2e90-02dd-483e-ad19-3966ec20050a",27,"213479f7-39af-4b83-b0e9-4ba473d27429",756,137886,138494,"Spain"
"473d2e90-02dd-483e-ad19-3966ec20050a",27,"7bdf6ed6-acf9-4a7b-84fe-7e4f96f9582a",421,173363,173807,"France"
"473d2e90-02dd-483e-ad19-3966ec20050a",27,"cc2a8b56-732c-4e4c-a058-248783b68587",489,215413,215842,"South Korea"
"473d2e90-02dd-483e-ad19-3966ec20050a",27,"dd13fcba-0ae1-43d3-9d32-1672ed84f151",327,251089,251566,"USA"
"473d2e90-02dd-483e-ad19-3966ec20050a",27,"6afda059-04a5-4308-b776-a532ed142284",238,290979,291608,"Italy"
"473d2e90-02dd-483e-ad19-3966ec20050a",27,"f61f9030-d814-495d-af95-0e643697de64",352,335566,336062,"Brazil"
"473d2e90-02dd-483e-ad19-3966ec20050a",27,"5445f170-12c1-48fc-9563-3709dd2993b0",980,375963,376681,"Greece"
"4ed0a862-3163-449b-bb48-ca8b9ce3add0",26,"34359006-f70f-438e-85d0-420cf2fe6944",156,54100,55833,"Ukraine"
"4ed0a862-3163-449b-bb48-ca8b9ce3add0",26,"20f3c152-6ebf-49db-8e1a-00eebd99feb6",672,98211,99807,"Finland"
"4ed0a862-3163-449b-bb48-ca8b9ce3add0",26,"213479f7-39af-4b83-b0e9-4ba473d27429",756,137200,137886,"Spain"
"4ed0a862-3163-449b-bb48-ca8b9ce3add0",26,"7bdf6ed6-acf9-4a7b-84fe-7e4f96f9582a",421,172491,173363,"France"
"4ed0a862-3163-449b-bb48-ca8b9ce3add0",26,"cc2a8b56-732c-4e4c-a058-248783b68587",489,214865,215413,"South Korea"
"4ed0a862-3163-449b-bb48-ca8b9ce3add0",26,"dd13fcba-0ae1-43d3-9d32-1672ed84f151",327,249966,251089,"USA"
"4ed0a862-3163-449b-bb48-ca8b9ce3add0",26,"6afda059-04a5-4308-b776-a532ed142284",238,290130,290979,"Italy"
"4ed0a862-3163-449b-bb48-ca8b9ce3add0",26,"f61f9030-d814-495d-af95-0e643697de64",352,333957,335566,"Brazil"
"4ed0a862-3163-449b-bb48-ca8b9ce3add0",26,"5445f170-12c1-48fc-9563-3709dd2993b0",980,374895,375963,"Greece"
"cc933e0b-091f-4ef4-bfc8-11f2076d4396",25,"34359006-f70f-438e-85d0-420cf2fe6944",156,53073,54100,"Ukraine"
"cc933e0b-091f-4ef4-bfc8-11f2076d4396",25,"20f3c152-6ebf-49db-8e1a-00eebd99feb6",672,97474,98211,"Finland"
"cc933e0b-091f-4ef4-bfc8-11f2076d4396",25,"213479f7-39af-4b83-b0e9-4ba473d27429",756,136142,137200,"Spain"
"cc933e0b-091f-4ef4-bfc8-11f2076d4396",25,"7bdf6ed6-acf9-4a7b-84fe-7e4f96f9582a",421,171376,172491,"France"
"cc933e0b-091f-4ef4-bfc8-11f2076d4396",25,"cc2a8b56-732c-4e4c-a058-248783b68587",489,213193,214865,"South Korea"
"cc933e0b-091f-4ef4-bfc8-11f2076d4396",25,"dd13fcba-0ae1-43d3-9d32-1672ed84f151",327,249064,249966,"USA"
"cc933e0b-091f-4ef4-bfc8-11f2076d4396",25,"6afda059-04a5-4308-b776-a532ed142284",238,288538,290130,"Italy"
"cc933e0b-091f-4ef4-bfc8-11f2076d4396",25,"f61f9030-d814-495d-af95-0e643697de64",352,332758,333957,"Brazil"
"cc933e0b-091f-4ef4-bfc8-11f2076d4396",25,"5445f170-12c1-48fc-9563-3709dd2993b0",980,373624,374895,"Greece"
"073891b7-a928-4ff0-83e3-56f4d1a6315e",24,"34359006-f70f-438e-85d0-420cf2fe6944",156,52346,53073,"Ukraine"
"073891b7-a928-4ff0-83e3-56f4d1a6315e",24,"20f3c152-6ebf-49db-8e1a-00eebd99feb6",672,96578,97474,"Finland"
"073891b7-a928-4ff0-83e3-56f4d1a6315e",24,"213479f7-39af-4b83-b0e9-4ba473d27429",756,135547,136142,"Spain"
"073891b7-a928-4ff0-83e3-56f4d1a6315e",24,"7bdf6ed6-acf9-4a7b-84fe-7e4f96f9582a",421,170649,171376,"France"
"073891b7-a928-4ff0-83e3-56f4d1a6315e",24,"cc2a8b56-732c-4e4c-a058-248783b68587",489,212228,213193,"South Korea"
"073891b7-a928-4ff0-83e3-56f4d1a6315e",24,"dd13fcba-0ae1-43d3-9d32-1672ed84f151",327,247769,249064,"USA"
"073891b7-a928-4ff0-83e3-56f4d1a6315e",24,"6afda059-04a5-4308-b776-a532ed142284",238,287571,288538,"Italy"
"073891b7-a928-4ff0-83e3-56f4d1a6315e",24,"f61f9030-d814-495d-af95-0e643697de64",352,332144,332758,"Brazil"
"9577727a-fa45-4185-9778-4a56a41cf0f6",22,"34359006-f70f-438e-85d0-420cf2fe6944",156,51930,52346,"Ukraine"
"9577727a-fa45-4185-9778-4a56a41cf0f6",22,"20f3c152-6ebf-49db-8e1a-00eebd99feb6",672,95385,96578,"Finland"
"9577727a-fa45-4185-9778-4a56a41cf0f6",22,"213479f7-39af-4b83-b0e9-4ba473d27429",756,134911,135547,"Spain"
"9577727a-fa45-4185-9778-4a56a41cf0f6",22,"7bdf6ed6-acf9-4a7b-84fe-7e4f96f9582a",421,169881,170649,"France"
"9577727a-fa45-4185-9778-4a56a41cf0f6",22,"cc2a8b56-732c-4e4c-a058-248783b68587",489,211501,212228,"South Korea"
"9577727a-fa45-4185-9778-4a56a41cf0f6",22,"dd13fcba-0ae1-43d3-9d32-1672ed84f151",327,247394,247769,"USA"
"9577727a-fa45-4185-9778-4a56a41cf0f6",22,"6afda059-04a5-4308-b776-a532ed142284",238,287068,287571,"Italy"
"9577727a-fa45-4185-9778-4a56a41cf0f6",22,"f61f9030-d814-495d-af95-0e643697de64",352,331713,332144,"Brazil"
"9577727a-fa45-4185-9778-4a56a41cf0f6",22,"5445f170-12c1-48fc-9563-3709dd2993b0",980,372807,372968,"Greece"
"cd0a0a46-7676-4bf0-ad03-2e83bd565fee",23,"34359006-f70f-438e-85d0-420cf2fe6944",156,51595,51930,"Ukraine"
"cd0a0a46-7676-4bf0-ad03-2e83bd565fee",23,"20f3c152-6ebf-49db-8e1a-00eebd99feb6",672,94021,95385,"Finland"
"cd0a0a46-7676-4bf0-ad03-2e83bd565fee",23,"213479f7-39af-4b83-b0e9-4ba473d27429",756,134190,134911,"Spain"
"cd0a0a46-7676-4bf0-ad03-2e83bd565fee",23,"7bdf6ed6-acf9-4a7b-84fe-7e4f96f9582a",421,169167,169881,"France"
"cd0a0a46-7676-4bf0-ad03-2e83bd565fee",23,"cc2a8b56-732c-4e4c-a058-248783b68587",489,210774,211501,"South Korea"
"cd0a0a46-7676-4bf0-ad03-2e83bd565fee",23,"dd13fcba-0ae1-43d3-9d32-1672ed84f151",327,246786,247394,"USA"
"cd0a0a46-7676-4bf0-ad03-2e83bd565fee",23,"6afda059-04a5-4308-b776-a532ed142284",238,285962,287068,"Italy"
"cd0a0a46-7676-4bf0-ad03-2e83bd565fee",23,"f61f9030-d814-495d-af95-0e643697de64",352,330675,331713,"Brazil"
"cd0a0a46-7676-4bf0-ad03-2e83bd565fee",23,"5445f170-12c1-48fc-9563-3709dd2993b0",980,371869,372807,"Greece"
"bf743fbf-9be2-49a1-bf7e-0b53276e6529",21,"34359006-f70f-438e-85d0-420cf2fe6944",156,51143,51595,"Ukraine"
"bf743fbf-9be2-49a1-bf7e-0b53276e6529",21,"20f3c152-6ebf-49db-8e1a-00eebd99feb6",672,93529,94021,"Finland"
"bf743fbf-9be2-49a1-bf7e-0b53276e6529",21,"213479f7-39af-4b83-b0e9-4ba473d27429",756,133590,134190,"Spain"
"bf743fbf-9be2-49a1-bf7e-0b53276e6529",21,"7bdf6ed6-acf9-4a7b-84fe-7e4f96f9582a",421,168392,169167,"France"
"bf743fbf-9be2-49a1-bf7e-0b53276e6529",21,"cc2a8b56-732c-4e4c-a058-248783b68587",489,210157,210774,"South Korea"
"bf743fbf-9be2-49a1-bf7e-0b53276e6529",21,"dd13fcba-0ae1-43d3-9d32-1672ed84f151",327,245738,246786,"USA"
"bf743fbf-9be2-49a1-bf7e-0b53276e6529",21,"6afda059-04a5-4308-b776-a532ed142284",238,284431,285962,"Italy"
"bf743fbf-9be2-49a1-bf7e-0b53276e6529",21,"f61f9030-d814-495d-af95-0e643697de64",352,329814,330675,"Brazil"
"bf743fbf-9be2-49a1-bf7e-0b53276e6529",21,"5445f170-12c1-48fc-9563-3709dd2993b0",980,371435,371869,"Greece"
"aaf1dbcb-3748-4740-a2e0-58e7c1cb9f78",20,"34359006-f70f-438e-85d0-420cf2fe6944",156,50748,51143,"Ukraine"
"aaf1dbcb-3748-4740-a2e0-58e7c1cb9f78",20,"20f3c152-6ebf-49db-8e1a-00eebd99feb6",672,92665,93529,"Finland"
"aaf1dbcb-3748-4740-a2e0-58e7c1cb9f78",20,"213479f7-39af-4b83-b0e9-4ba473d27429",756,132758,133590,"Spain"
"aaf1dbcb-3748-4740-a2e0-58e7c1cb9f78",20,"7bdf6ed6-acf9-4a7b-84fe-7e4f96f9582a",421,167321,168392,"France"
"aaf1dbcb-3748-4740-a2e0-58e7c1cb9f78",20,"cc2a8b56-732c-4e4c-a058-248783b68587",489,209573,210157,"South Korea"
"aaf1dbcb-3748-4740-a2e0-58e7c1cb9f78",20,"dd13fcba-0ae1-43d3-9d32-1672ed84f151",327,245416,245738,"USA"
"aaf1dbcb-3748-4740-a2e0-58e7c1cb9f78",20,"6afda059-04a5-4308-b776-a532ed142284",238,283340,284431,"Italy"
"aaf1dbcb-3748-4740-a2e0-58e7c1cb9f78",20,"f61f9030-d814-495d-af95-0e643697de64",352,328543,329814,"Brazil"
"aaf1dbcb-3748-4740-a2e0-58e7c1cb9f78",20,"5445f170-12c1-48fc-9563-3709dd2993b0",980,370449,371435,"Greece"
"035a43cf-cf88-4675-85e7-11eeb0b3641c",18,"34359006-f70f-438e-85d0-420cf2fe6944",156,48739,50748,"Ukraine"
"035a43cf-cf88-4675-85e7-11eeb0b3641c",18,"20f3c152-6ebf-49db-8e1a-00eebd99feb6",672,91800,92665,"Finland"
"035a43cf-cf88-4675-85e7-11eeb0b3641c",18,"213479f7-39af-4b83-b0e9-4ba473d27429",756,131446,132758,"Spain"
"035a43cf-cf88-4675-85e7-11eeb0b3641c",18,"7bdf6ed6-acf9-4a7b-84fe-7e4f96f9582a",421,166893,167321,"France"
"035a43cf-cf88-4675-85e7-11eeb0b3641c",18,"cc2a8b56-732c-4e4c-a058-248783b68587",489,207529,209573,"South Korea"
"035a43cf-cf88-4675-85e7-11eeb0b3641c",18,"dd13fcba-0ae1-43d3-9d32-1672ed84f151",327,244635,245416,"USA"
"035a43cf-cf88-4675-85e7-11eeb0b3641c",18,"6afda059-04a5-4308-b776-a532ed142284",238,282558,283340,"Italy"
"035a43cf-cf88-4675-85e7-11eeb0b3641c",18,"f61f9030-d814-495d-af95-0e643697de64",352,326491,328543,"Brazil"
"035a43cf-cf88-4675-85e7-11eeb0b3641c",18,"5445f170-12c1-48fc-9563-3709dd2993b0",980,368902,370449,"Greece"
"65681129-f83c-4293-9ce3-9d1429367fd0",19,"34359006-f70f-438e-85d0-420cf2fe6944",156,47124,48739,"Ukraine"
"65681129-f83c-4293-9ce3-9d1429367fd0",19,"20f3c152-6ebf-49db-8e1a-00eebd99feb6",672,90280,91800,"Finland"
"65681129-f83c-4293-9ce3-9d1429367fd0",19,"213479f7-39af-4b83-b0e9-4ba473d27429",756,130912,131446,"Spain"
"65681129-f83c-4293-9ce3-9d1429367fd0",19,"7bdf6ed6-acf9-4a7b-84fe-7e4f96f9582a",421,165333,166893,"France"
"65681129-f83c-4293-9ce3-9d1429367fd0",19,"cc2a8b56-732c-4e4c-a058-248783b68587",489,205862,207529,"South Korea"
"65681129-f83c-4293-9ce3-9d1429367fd0",19,"dd13fcba-0ae1-43d3-9d32-1672ed84f151",327,243422,244635,"USA"
"65681129-f83c-4293-9ce3-9d1429367fd0",19,"6afda059-04a5-4308-b776-a532ed142284",238,281166,282558,"Italy"
"65681129-f83c-4293-9ce3-9d1429367fd0",19,"f61f9030-d814-495d-af95-0e643697de64",352,325317,326491,"Brazil"
"65681129-f83c-4293-9ce3-9d1429367fd0",19,"5445f170-12c1-48fc-9563-3709dd2993b0",980,368018,368902,"Greece"
"398e712a-fae6-451d-83c9-a7e500227e62",17,"34359006-f70f-438e-85d0-420cf2fe6944",156,46948,47124,"Ukraine"
"398e712a-fae6-451d-83c9-a7e500227e62",17,"20f3c152-6ebf-49db-8e1a-00eebd99feb6",672,89868,90280,"Finland"
"398e712a-fae6-451d-83c9-a7e500227e62",17,"213479f7-39af-4b83-b0e9-4ba473d27429",756,130332,130912,"Spain"
"398e712a-fae6-451d-83c9-a7e500227e62",17,"7bdf6ed6-acf9-4a7b-84fe-7e4f96f9582a",421,165018,165333,"France"
"398e712a-fae6-451d-83c9-a7e500227e62",17,"cc2a8b56-732c-4e4c-a058-248783b68587",489,205479,205862,"South Korea"
"398e712a-fae6-451d-83c9-a7e500227e62",17,"dd13fcba-0ae1-43d3-9d32-1672ed84f151",327,243232,243422,"USA"
"398e712a-fae6-451d-83c9-a7e500227e62",17,"6afda059-04a5-4308-b776-a532ed142284",238,280908,281166,"Italy"
"398e712a-fae6-451d-83c9-a7e500227e62",17,"f61f9030-d814-495d-af95-0e643697de64",352,324558,325317,"Brazil"
"398e712a-fae6-451d-83c9-a7e500227e62",17,"5445f170-12c1-48fc-9563-3709dd2993b0",980,367349,368018,"Greece"
"4995f6d3-50ed-427d-9cf2-4ea0b81a229c",15,"34359006-f70f-438e-85d0-420cf2fe6944",156,46366,46948,"Ukraine"
"4995f6d3-50ed-427d-9cf2-4ea0b81a229c",15,"20f3c152-6ebf-49db-8e1a-00eebd99feb6",672,88956,89868,"Finland"
"4995f6d3-50ed-427d-9cf2-4ea0b81a229c",15,"213479f7-39af-4b83-b0e9-4ba473d27429",756,129231,130332,"Spain"
"4995f6d3-50ed-427d-9cf2-4ea0b81a229c",15,"7bdf6ed6-acf9-4a7b-84fe-7e4f96f9582a",421,163204,165018,"France"
"4995f6d3-50ed-427d-9cf2-4ea0b81a229c",15,"cc2a8b56-732c-4e4c-a058-248783b68587",489,204165,205479,"South Korea"
"4995f6d3-50ed-427d-9cf2-4ea0b81a229c",15,"dd13fcba-0ae1-43d3-9d32-1672ed84f151",327,242363,243232,"USA"
"4995f6d3-50ed-427d-9cf2-4ea0b81a229c",15,"6afda059-04a5-4308-b776-a532ed142284",238,280159,280908,"Italy"
"4995f6d3-50ed-427d-9cf2-4ea0b81a229c",15,"f61f9030-d814-495d-af95-0e643697de64",352,323283,324558,"Brazil"
"4995f6d3-50ed-427d-9cf2-4ea0b81a229c",15,"5445f170-12c1-48fc-9563-3709dd2993b0",980,366389,367349,"Greece"
"27e050a3-45e8-4076-9c25-32be9040da4e",16,"34359006-f70f-438e-85d0-420cf2fe6944",156,45448,46366,"Ukraine"
"27e050a3-45e8-4076-9c25-32be9040da4e",16,"20f3c152-6ebf-49db-8e1a-00eebd99feb6",672,88533,88956,"Finland"
"27e050a3-45e8-4076-9c25-32be9040da4e",16,"213479f7-39af-4b83-b0e9-4ba473d27429",756,128346,129231,"Spain"
"27e050a3-45e8-4076-9c25-32be9040da4e",16,"7bdf6ed6-acf9-4a7b-84fe-7e4f96f9582a",421,162599,163204,"France"
"27e050a3-45e8-4076-9c25-32be9040da4e",16,"cc2a8b56-732c-4e4c-a058-248783b68587",489,203789,204165,"South Korea"
"27e050a3-45e8-4076-9c25-32be9040da4e",16,"dd13fcba-0ae1-43d3-9d32-1672ed84f151",327,241033,242363,"USA"
"27e050a3-45e8-4076-9c25-32be9040da4e",16,"6afda059-04a5-4308-b776-a532ed142284",238,279392,280159,"Italy"
"27e050a3-45e8-4076-9c25-32be9040da4e",16,"f61f9030-d814-495d-af95-0e643697de64",352,322178,323283,"Brazil"
"27e050a3-45e8-4076-9c25-32be9040da4e",16,"5445f170-12c1-48fc-9563-3709dd2993b0",980,365444,366389,"Greece"
"06026e76-f9a4-4fb9-877d-bcd33373cdab",13,"34359006-f70f-438e-85d0-420cf2fe6944",156,43418,45448,"Ukraine"
"06026e76-f9a4-4fb9-877d-bcd33373cdab",13,"20f3c152-6ebf-49db-8e1a-00eebd99feb6",672,87307,88533,"Finland"
"06026e76-f9a4-4fb9-877d-bcd33373cdab",13,"213479f7-39af-4b83-b0e9-4ba473d27429",756,126869,128346,"Spain"
"06026e76-f9a4-4fb9-877d-bcd33373cdab",13,"cc2a8b56-732c-4e4c-a058-248783b68587",489,203051,203789,"South Korea"
"06026e76-f9a4-4fb9-877d-bcd33373cdab",13,"dd13fcba-0ae1-43d3-9d32-1672ed84f151",327,240021,241033,"USA"
"06026e76-f9a4-4fb9-877d-bcd33373cdab",13,"5445f170-12c1-48fc-9563-3709dd2993b0",980,364151,365444,"Greece"
"9f8068fd-f5cc-4e1a-946a-c9beb8b4d05a",14,"34359006-f70f-438e-85d0-420cf2fe6944",156,42886,43418,"Ukraine"
"9f8068fd-f5cc-4e1a-946a-c9beb8b4d05a",14,"20f3c152-6ebf-49db-8e1a-00eebd99feb6",672,86835,87307,"Finland"
"9f8068fd-f5cc-4e1a-946a-c9beb8b4d05a",14,"213479f7-39af-4b83-b0e9-4ba473d27429",756,126277,126869,"Spain"
"9f8068fd-f5cc-4e1a-946a-c9beb8b4d05a",14,"7bdf6ed6-acf9-4a7b-84fe-7e4f96f9582a",421,161025,161505,"France"
"9f8068fd-f5cc-4e1a-946a-c9beb8b4d05a",14,"cc2a8b56-732c-4e4c-a058-248783b68587",489,202839,203051,"South Korea"
"9f8068fd-f5cc-4e1a-946a-c9beb8b4d05a",14,"dd13fcba-0ae1-43d3-9d32-1672ed84f151",327,239326,240021,"USA"
"9f8068fd-f5cc-4e1a-946a-c9beb8b4d05a",14,"6afda059-04a5-4308-b776-a532ed142284",238,277361,277904,"Italy"
"9f8068fd-f5cc-4e1a-946a-c9beb8b4d05a",14,"f61f9030-d814-495d-af95-0e643697de64",352,320516,320996,"Brazil"
"9f8068fd-f5cc-4e1a-946a-c9beb8b4d05a",14,"5445f170-12c1-48fc-9563-3709dd2993b0",980,363300,364151,"Greece"
"de86783a-ac86-419a-a230-dad6b421fba4",11,"34359006-f70f-438e-85d0-420cf2fe6944",156,41534,42098,"Ukraine"
"de86783a-ac86-419a-a230-dad6b421fba4",11,"20f3c152-6ebf-49db-8e1a-00eebd99feb6",672,84658,86295,"Finland"
"de86783a-ac86-419a-a230-dad6b421fba4",11,"213479f7-39af-4b83-b0e9-4ba473d27429",756,124738,125334,"Spain"
"de86783a-ac86-419a-a230-dad6b421fba4",11,"7bdf6ed6-acf9-4a7b-84fe-7e4f96f9582a",421,159102,160082,"France"
"de86783a-ac86-419a-a230-dad6b421fba4",11,"cc2a8b56-732c-4e4c-a058-248783b68587",489,200913,201664,"South Korea"
"de86783a-ac86-419a-a230-dad6b421fba4",11,"dd13fcba-0ae1-43d3-9d32-1672ed84f151",327,237357,237967,"USA"
"de86783a-ac86-419a-a230-dad6b421fba4",11,"6afda059-04a5-4308-b776-a532ed142284",238,276101,276735,"Italy"
"de86783a-ac86-419a-a230-dad6b421fba4",11,"f61f9030-d814-495d-af95-0e643697de64",352,318711,319630,"Brazil"
"de86783a-ac86-419a-a230-dad6b421fba4",11,"5445f170-12c1-48fc-9563-3709dd2993b0",980,361909,362689,"Greece"
"cea293cd-b0b1-40ea-8e71-756b3956e8ad",10,"34359006-f70f-438e-85d0-420cf2fe6944",156,40398,41534,"Ukraine"
"cea293cd-b0b1-40ea-8e71-756b3956e8ad",10,"20f3c152-6ebf-49db-8e1a-00eebd99feb6",672,83074,84658,"Finland"
"cea293cd-b0b1-40ea-8e71-756b3956e8ad",10,"213479f7-39af-4b83-b0e9-4ba473d27429",756,123580,124738,"Spain"
"cea293cd-b0b1-40ea-8e71-756b3956e8ad",10,"7bdf6ed6-acf9-4a7b-84fe-7e4f96f9582a",421,158669,159102,"France"
"cea293cd-b0b1-40ea-8e71-756b3956e8ad",10,"cc2a8b56-732c-4e4c-a058-248783b68587",489,200101,200913,"South Korea"
"cea293cd-b0b1-40ea-8e71-756b3956e8ad",10,"dd13fcba-0ae1-43d3-9d32-1672ed84f151",327,236826,237357,"USA"
"cea293cd-b0b1-40ea-8e71-756b3956e8ad",10,"6afda059-04a5-4308-b776-a532ed142284",238,275512,276101,"Italy"
"cea293cd-b0b1-40ea-8e71-756b3956e8ad",10,"f61f9030-d814-495d-af95-0e643697de64",352,317823,318711,"Brazil"
"cea293cd-b0b1-40ea-8e71-756b3956e8ad",10,"5445f170-12c1-48fc-9563-3709dd2993b0",980,360972,361909,"Greece"
"055d198c-f8b0-47b7-9eb3-94fc57808f93",9,"34359006-f70f-438e-85d0-420cf2fe6944",156,39718,40398,"Ukraine"
"055d198c-f8b0-47b7-9eb3-94fc57808f93",9,"20f3c152-6ebf-49db-8e1a-00eebd99feb6",672,82357,83074,"Finland"
"055d198c-f8b0-47b7-9eb3-94fc57808f93",9,"213479f7-39af-4b83-b0e9-4ba473d27429",756,122861,123580,"Spain"
"055d198c-f8b0-47b7-9eb3-94fc57808f93",9,"7bdf6ed6-acf9-4a7b-84fe-7e4f96f9582a",421,157408,158669,"France"
"055d198c-f8b0-47b7-9eb3-94fc57808f93",9,"cc2a8b56-732c-4e4c-a058-248783b68587",489,199417,200101,"South Korea"
"055d198c-f8b0-47b7-9eb3-94fc57808f93",9,"dd13fcba-0ae1-43d3-9d32-1672ed84f151",327,236477,236826,"USA"
"055d198c-f8b0-47b7-9eb3-94fc57808f93",9,"6afda059-04a5-4308-b776-a532ed142284",238,273459,275512,"Italy"
"055d198c-f8b0-47b7-9eb3-94fc57808f93",9,"f61f9030-d814-495d-af95-0e643697de64",352,316004,317823,"Brazil"
"055d198c-f8b0-47b7-9eb3-94fc57808f93",9,"5445f170-12c1-48fc-9563-3709dd2993b0",980,359411,360972,"Greece"
"54c68134-2c2a-4f2e-974b-32310830af0e",8,"34359006-f70f-438e-85d0-420cf2fe6944",156,38579,39718,"Ukraine"
"54c68134-2c2a-4f2e-974b-32310830af0e",8,"20f3c152-6ebf-49db-8e1a-00eebd99feb6",672,80812,82357,"Finland"
"54c68134-2c2a-4f2e-974b-32310830af0e",8,"213479f7-39af-4b83-b0e9-4ba473d27429",756,122166,122861,"Spain"
"54c68134-2c2a-4f2e-974b-32310830af0e",8,"7bdf6ed6-acf9-4a7b-84fe-7e4f96f9582a",421,157057,157408,"France"
"54c68134-2c2a-4f2e-974b-32310830af0e",8,"cc2a8b56-732c-4e4c-a058-248783b68587",489,197375,199417,"South Korea"
"54c68134-2c2a-4f2e-974b-32310830af0e",8,"dd13fcba-0ae1-43d3-9d32-1672ed84f151",327,235861,236477,"USA"
"54c68134-2c2a-4f2e-974b-32310830af0e",8,"6afda059-04a5-4308-b776-a532ed142284",238,271945,273459,"Italy"
"54c68134-2c2a-4f2e-974b-32310830af0e",8,"5445f170-12c1-48fc-9563-3709dd2993b0",980,358061,359411,"Greece"
"df6523cd-3270-4298-8d6f-00aa8e9455e6",7,"34359006-f70f-438e-85d0-420cf2fe6944",156,37274,38579,"Ukraine"
"df6523cd-3270-4298-8d6f-00aa8e9455e6",7,"20f3c152-6ebf-49db-8e1a-00eebd99feb6",672,79211,80812,"Finland"
"df6523cd-3270-4298-8d6f-00aa8e9455e6",7,"213479f7-39af-4b83-b0e9-4ba473d27429",756,120134,122166,"Spain"
"df6523cd-3270-4298-8d6f-00aa8e9455e6",7,"7bdf6ed6-acf9-4a7b-84fe-7e4f96f9582a",421,156254,157057,"France"
"df6523cd-3270-4298-8d6f-00aa8e9455e6",7,"cc2a8b56-732c-4e4c-a058-248783b68587",489,196130,197375,"South Korea"
"df6523cd-3270-4298-8d6f-00aa8e9455e6",7,"dd13fcba-0ae1-43d3-9d32-1672ed84f151",327,235133,235861,"USA"
"df6523cd-3270-4298-8d6f-00aa8e9455e6",7,"6afda059-04a5-4308-b776-a532ed142284",238,270715,271945,"Italy"
"df6523cd-3270-4298-8d6f-00aa8e9455e6",7,"f61f9030-d814-495d-af95-0e643697de64",352,314471,315479,"Brazil"
"df6523cd-3270-4298-8d6f-00aa8e9455e6",7,"5445f170-12c1-48fc-9563-3709dd2993b0",980,356039,358061,"Greece"
"9610f0dd-ff9f-4bd4-b311-459a04f965ca",5,"34359006-f70f-438e-85d0-420cf2fe6944",156,36723,37274,"Ukraine"
"9610f0dd-ff9f-4bd4-b311-459a04f965ca",5,"20f3c152-6ebf-49db-8e1a-00eebd99feb6",672,77826,79211,"Finland"
"9610f0dd-ff9f-4bd4-b311-459a04f965ca",5,"213479f7-39af-4b83-b0e9-4ba473d27429",756,119624,120134,"Spain"
"9610f0dd-ff9f-4bd4-b311-459a04f965ca",5,"7bdf6ed6-acf9-4a7b-84fe-7e4f96f9582a",421,155706,156254,"France"
"9610f0dd-ff9f-4bd4-b311-459a04f965ca",5,"cc2a8b56-732c-4e4c-a058-248783b68587",489,195355,196130,"South Korea"
"9610f0dd-ff9f-4bd4-b311-459a04f965ca",5,"dd13fcba-0ae1-43d3-9d32-1672ed84f151",327,234333,235133,"USA"
"9610f0dd-ff9f-4bd4-b311-459a04f965ca",5,"6afda059-04a5-4308-b776-a532ed142284",238,269724,270715,"Italy"
"9610f0dd-ff9f-4bd4-b311-459a04f965ca",5,"f61f9030-d814-495d-af95-0e643697de64",352,313740,314471,"Brazil"
"9610f0dd-ff9f-4bd4-b311-459a04f965ca",5,"5445f170-12c1-48fc-9563-3709dd2993b0",980,355288,356039,"Greece"
"aa2c1d96-ec88-4bcb-8d0e-e2b0c7632af1",6,"34359006-f70f-438e-85d0-420cf2fe6944",156,35796,36723,"Ukraine"
"aa2c1d96-ec88-4bcb-8d0e-e2b0c7632af1",6,"20f3c152-6ebf-49db-8e1a-00eebd99feb6",672,76317,77826,"Finland"
"aa2c1d96-ec88-4bcb-8d0e-e2b0c7632af1",6,"213479f7-39af-4b83-b0e9-4ba473d27429",756,118670,119624,"Spain"
"aa2c1d96-ec88-4bcb-8d0e-e2b0c7632af1",6,"7bdf6ed6-acf9-4a7b-84fe-7e4f96f9582a",421,154632,155706,"France"
"aa2c1d96-ec88-4bcb-8d0e-e2b0c7632af1",6,"cc2a8b56-732c-4e4c-a058-248783b68587",489,194474,195355,"South Korea"
"aa2c1d96-ec88-4bcb-8d0e-e2b0c7632af1",6,"dd13fcba-0ae1-43d3-9d32-1672ed84f151",327,233139,234333,"USA"
"aa2c1d96-ec88-4bcb-8d0e-e2b0c7632af1",6,"6afda059-04a5-4308-b776-a532ed142284",238,269104,269724,"Italy"
"aa2c1d96-ec88-4bcb-8d0e-e2b0c7632af1",6,"f61f9030-d814-495d-af95-0e643697de64",352,312699,313740,"Brazil"
"aa2c1d96-ec88-4bcb-8d0e-e2b0c7632af1",6,"5445f170-12c1-48fc-9563-3709dd2993b0",980,354888,355288,"Greece"
"646465ef-0ad6-44cc-bd31-de24e1487943",4,"34359006-f70f-438e-85d0-420cf2fe6944",156,34736,35796,"Ukraine"
"646465ef-0ad6-44cc-bd31-de24e1487943",4,"20f3c152-6ebf-49db-8e1a-00eebd99feb6",672,75339,76317,"Finland"
"646465ef-0ad6-44cc-bd31-de24e1487943",4,"213479f7-39af-4b83-b0e9-4ba473d27429",756,116569,118670,"Spain"
"646465ef-0ad6-44cc-bd31-de24e1487943",4,"7bdf6ed6-acf9-4a7b-84fe-7e4f96f9582a",421,152557,154632,"France"
"646465ef-0ad6-44cc-bd31-de24e1487943",4,"cc2a8b56-732c-4e4c-a058-248783b68587",489,192405,194474,"South Korea"
"646465ef-0ad6-44cc-bd31-de24e1487943",4,"dd13fcba-0ae1-43d3-9d32-1672ed84f151",327,231054,233139,"USA"
"646465ef-0ad6-44cc-bd31-de24e1487943",4,"6afda059-04a5-4308-b776-a532ed142284",238,267654,269104,"Italy"
"646465ef-0ad6-44cc-bd31-de24e1487943",4,"f61f9030-d814-495d-af95-0e643697de64",352,310617,312699,"Brazil"
"646465ef-0ad6-44cc-bd31-de24e1487943",4,"5445f170-12c1-48fc-9563-3709dd2993b0",980,353037,354888,"Greece"
"10e732f6-9a6a-474a-82e2-a4060fc8dffe",3,"34359006-f70f-438e-85d0-420cf2fe6944",156,32999,34736,"Ukraine"
"10e732f6-9a6a-474a-82e2-a4060fc8dffe",3,"20f3c152-6ebf-49db-8e1a-00eebd99feb6",672,74003,75339,"Finland"
"10e732f6-9a6a-474a-82e2-a4060fc8dffe",3,"213479f7-39af-4b83-b0e9-4ba473d27429",756,115261,116569,"Spain"
"10e732f6-9a6a-474a-82e2-a4060fc8dffe",3,"7bdf6ed6-acf9-4a7b-84fe-7e4f96f9582a",421,151454,152557,"France"
"10e732f6-9a6a-474a-82e2-a4060fc8dffe",3,"cc2a8b56-732c-4e4c-a058-248783b68587",489,191521,192405,"South Korea"
"10e732f6-9a6a-474a-82e2-a4060fc8dffe",3,"dd13fcba-0ae1-43d3-9d32-1672ed84f151",327,230657,231054,"USA"
"10e732f6-9a6a-474a-82e2-a4060fc8dffe",3,"6afda059-04a5-4308-b776-a532ed142284",238,265850,267654,"Italy"
"10e732f6-9a6a-474a-82e2-a4060fc8dffe",3,"f61f9030-d814-495d-af95-0e643697de64",352,308579,310617,"Brazil"
"10e732f6-9a6a-474a-82e2-a4060fc8dffe",3,"5445f170-12c1-48fc-9563-3709dd2993b0",980,351621,353037,"Greece"
"131ecf76-b806-4557-b2c0-183a418357ba",2,"34359006-f70f-438e-85d0-420cf2fe6944",156,31989,32160,"Ukraine"
"131ecf76-b806-4557-b2c0-183a418357ba",2,"20f3c152-6ebf-49db-8e1a-00eebd99feb6",672,72354,73345,"Finland"
"131ecf76-b806-4557-b2c0-183a418357ba",2,"213479f7-39af-4b83-b0e9-4ba473d27429",756,114171,114611,"Spain"
"131ecf76-b806-4557-b2c0-183a418357ba",2,"7bdf6ed6-acf9-4a7b-84fe-7e4f96f9582a",421,150185,150883,"France"
"131ecf76-b806-4557-b2c0-183a418357ba",2,"cc2a8b56-732c-4e4c-a058-248783b68587",489,190643,191033,"South Korea"
"131ecf76-b806-4557-b2c0-183a418357ba",2,"dd13fcba-0ae1-43d3-9d32-1672ed84f151",327,229869,230278,"USA"
"131ecf76-b806-4557-b2c0-183a418357ba",2,"6afda059-04a5-4308-b776-a532ed142284",238,264839,265357,"Italy"
"131ecf76-b806-4557-b2c0-183a418357ba",2,"f61f9030-d814-495d-af95-0e643697de64",352,307675,308234,"Brazil"
"131ecf76-b806-4557-b2c0-183a418357ba",2,"5445f170-12c1-48fc-9563-3709dd2993b0",980,350634,350992,"Greece"
"38c90b27-ea8c-4111-a922-4e81390fefab",37,"34359006-f70f-438e-85d0-420cf2fe6944",156,385835,386153,"Ukraine"
"38c90b27-ea8c-4111-a922-4e81390fefab",37,"20f3c152-6ebf-49db-8e1a-00eebd99feb6",672,389992,390909,"Finland"
"38c90b27-ea8c-4111-a922-4e81390fefab",37,"213479f7-39af-4b83-b0e9-4ba473d27429",756,394574,395107,"Spain"
"38c90b27-ea8c-4111-a922-4e81390fefab",37,"7bdf6ed6-acf9-4a7b-84fe-7e4f96f9582a",421,399897,401196,"France"
"38c90b27-ea8c-4111-a922-4e81390fefab",37,"cc2a8b56-732c-4e4c-a058-248783b68587",489,404194,404787,"South Korea"
"38c90b27-ea8c-4111-a922-4e81390fefab",37,"dd13fcba-0ae1-43d3-9d32-1672ed84f151",327,409198,409719,"USA"
"38c90b27-ea8c-4111-a922-4e81390fefab",37,"6afda059-04a5-4308-b776-a532ed142284",238,414027,414483,"Italy"
"38c90b27-ea8c-4111-a922-4e81390fefab",37,"f61f9030-d814-495d-af95-0e643697de64",352,419439,419851,"Brazil"
"38c90b27-ea8c-4111-a922-4e81390fefab",37,"5445f170-12c1-48fc-9563-3709dd2993b0",980,425450,426397,"Greece"
"5b5b9eb7-f06a-48a3-b3e8-675a7f2faf18",36,"34359006-f70f-438e-85d0-420cf2fe6944",156,389691,389992,"Ukraine"
"5b5b9eb7-f06a-48a3-b3e8-675a7f2faf18",36,"20f3c152-6ebf-49db-8e1a-00eebd99feb6",672,394270,394574,"Finland"
"5b5b9eb7-f06a-48a3-b3e8-675a7f2faf18",36,"213479f7-39af-4b83-b0e9-4ba473d27429",756,399498,399897,"Spain"
"5b5b9eb7-f06a-48a3-b3e8-675a7f2faf18",36,"7bdf6ed6-acf9-4a7b-84fe-7e4f96f9582a",421,403937,404194,"France"
"5b5b9eb7-f06a-48a3-b3e8-675a7f2faf18",36,"cc2a8b56-732c-4e4c-a058-248783b68587",489,408424,409198,"South Korea"
"5b5b9eb7-f06a-48a3-b3e8-675a7f2faf18",36,"dd13fcba-0ae1-43d3-9d32-1672ed84f151",327,413814,414027,"USA"
"5b5b9eb7-f06a-48a3-b3e8-675a7f2faf18",36,"6afda059-04a5-4308-b776-a532ed142284",238,418958,419439,"Italy"
"5b5b9eb7-f06a-48a3-b3e8-675a7f2faf18",36,"f61f9030-d814-495d-af95-0e643697de64",352,424666,425450,"Brazil"
"0cd83ffd-f258-4775-a358-c55074060d88",34,"20f3c152-6ebf-49db-8e1a-00eebd99feb6",672,393258,394270,"Finland"
"0cd83ffd-f258-4775-a358-c55074060d88",34,"213479f7-39af-4b83-b0e9-4ba473d27429",756,397492,399498,"Spain"
"0cd83ffd-f258-4775-a358-c55074060d88",34,"7bdf6ed6-acf9-4a7b-84fe-7e4f96f9582a",421,403110,403937,"France"
"0cd83ffd-f258-4775-a358-c55074060d88",34,"cc2a8b56-732c-4e4c-a058-248783b68587",489,407513,408424,"South Korea"
"0cd83ffd-f258-4775-a358-c55074060d88",34,"dd13fcba-0ae1-43d3-9d32-1672ed84f151",327,412674,413814,"USA"
"0cd83ffd-f258-4775-a358-c55074060d88",34,"6afda059-04a5-4308-b776-a532ed142284",238,417595,418958,"Italy"
"0cd83ffd-f258-4775-a358-c55074060d88",34,"f61f9030-d814-495d-af95-0e643697de64",352,423343,424666,"Brazil"
"0cd83ffd-f258-4775-a358-c55074060d88",34,"5445f170-12c1-48fc-9563-3709dd2993b0",980,428807,430404,"Greece"
"c19419a4-de5b-4642-b925-120bf7999f25",33,"34359006-f70f-438e-85d0-420cf2fe6944",156,387728,388393,"Ukraine"
"c19419a4-de5b-4642-b925-120bf7999f25",33,"20f3c152-6ebf-49db-8e1a-00eebd99feb6",672,392225,393258,"Finland"
"c19419a4-de5b-4642-b925-120bf7999f25",33,"213479f7-39af-4b83-b0e9-4ba473d27429",756,396778,397492,"Spain"
"c19419a4-de5b-4642-b925-120bf7999f25",33,"7bdf6ed6-acf9-4a7b-84fe-7e4f96f9582a",421,402441,403110,"France"
"c19419a4-de5b-4642-b925-120bf7999f25",33,"cc2a8b56-732c-4e4c-a058-248783b68587",489,406790,407513,"South Korea"
"c19419a4-de5b-4642-b925-120bf7999f25",33,"dd13fcba-0ae1-43d3-9d32-1672ed84f151",327,411197,412674,"USA"
"c19419a4-de5b-4642-b925-120bf7999f25",33,"6afda059-04a5-4308-b776-a532ed142284",238,416414,417595,"Italy"
"c19419a4-de5b-4642-b925-120bf7999f25",33,"f61f9030-d814-495d-af95-0e643697de64",352,422500,423343,"Brazil"
"c19419a4-de5b-4642-b925-120bf7999f25",33,"5445f170-12c1-48fc-9563-3709dd2993b0",980,427591,428807,"Greece"
"6caef30c-9e58-4bd8-bf6a-e3dcac4256f1",32,"34359006-f70f-438e-85d0-420cf2fe6944",156,387295,387728,"Ukraine"
"6caef30c-9e58-4bd8-bf6a-e3dcac4256f1",32,"20f3c152-6ebf-49db-8e1a-00eebd99feb6",672,391922,392225,"Finland"
"6caef30c-9e58-4bd8-bf6a-e3dcac4256f1",32,"213479f7-39af-4b83-b0e9-4ba473d27429",756,396541,396778,"Spain"
"6caef30c-9e58-4bd8-bf6a-e3dcac4256f1",32,"7bdf6ed6-acf9-4a7b-84fe-7e4f96f9582a",421,402014,402441,"France"
"6caef30c-9e58-4bd8-bf6a-e3dcac4256f1",32,"cc2a8b56-732c-4e4c-a058-248783b68587",489,406125,406790,"South Korea"
"6caef30c-9e58-4bd8-bf6a-e3dcac4256f1",32,"dd13fcba-0ae1-43d3-9d32-1672ed84f151",327,410682,411197,"USA"
"6caef30c-9e58-4bd8-bf6a-e3dcac4256f1",32,"6afda059-04a5-4308-b776-a532ed142284",238,415932,416414,"Italy"
"6caef30c-9e58-4bd8-bf6a-e3dcac4256f1",32,"f61f9030-d814-495d-af95-0e643697de64",352,421188,422500,"Brazil"
"6caef30c-9e58-4bd8-bf6a-e3dcac4256f1",32,"5445f170-12c1-48fc-9563-3709dd2993b0",980,427199,427591,"Greece"
"98a2ab99-afcb-447e-ae8d-4b96b374e4d7",31,"34359006-f70f-438e-85d0-420cf2fe6944",156,386423,387295,"Ukraine"
"98a2ab99-afcb-447e-ae8d-4b96b374e4d7",31,"20f3c152-6ebf-49db-8e1a-00eebd99feb6",672,391385,391922,"Finland"
"98a2ab99-afcb-447e-ae8d-4b96b374e4d7",31,"213479f7-39af-4b83-b0e9-4ba473d27429",756,395656,396541,"Spain"
"98a2ab99-afcb-447e-ae8d-4b96b374e4d7",31,"7bdf6ed6-acf9-4a7b-84fe-7e4f96f9582a",421,401440,402014,"France"
"98a2ab99-afcb-447e-ae8d-4b96b374e4d7",31,"cc2a8b56-732c-4e4c-a058-248783b68587",489,405164,406125,"South Korea"
"98a2ab99-afcb-447e-ae8d-4b96b374e4d7",31,"dd13fcba-0ae1-43d3-9d32-1672ed84f151",327,410029,410682,"USA"
"98a2ab99-afcb-447e-ae8d-4b96b374e4d7",31,"6afda059-04a5-4308-b776-a532ed142284",238,414667,415932,"Italy"
"98a2ab99-afcb-447e-ae8d-4b96b374e4d7",31,"f61f9030-d814-495d-af95-0e643697de64",352,420049,421188,"Brazil"
"98a2ab99-afcb-447e-ae8d-4b96b374e4d7",31,"5445f170-12c1-48fc-9563-3709dd2993b0",980,426730,427199,"Greece"
"4436282c-7d0f-4334-ba8d-80b7cfe2b849",30,"34359006-f70f-438e-85d0-420cf2fe6944",156,386153,386423,"Ukraine"
"4436282c-7d0f-4334-ba8d-80b7cfe2b849",30,"20f3c152-6ebf-49db-8e1a-00eebd99feb6",672,390909,391385,"Finland"
"4436282c-7d0f-4334-ba8d-80b7cfe2b849",30,"213479f7-39af-4b83-b0e9-4ba473d27429",756,395107,395656,"Spain"
"4436282c-7d0f-4334-ba8d-80b7cfe2b849",30,"7bdf6ed6-acf9-4a7b-84fe-7e4f96f9582a",421,401196,401440,"France"
"4436282c-7d0f-4334-ba8d-80b7cfe2b849",30,"cc2a8b56-732c-4e4c-a058-248783b68587",489,404787,405164,"South Korea"
"4436282c-7d0f-4334-ba8d-80b7cfe2b849",30,"dd13fcba-0ae1-43d3-9d32-1672ed84f151",327,409719,410029,"USA"
"4436282c-7d0f-4334-ba8d-80b7cfe2b849",30,"6afda059-04a5-4308-b776-a532ed142284",238,414483,414667,"Italy"
"4436282c-7d0f-4334-ba8d-80b7cfe2b849",30,"f61f9030-d814-495d-af95-0e643697de64",352,419851,420049,"Brazil"
"4436282c-7d0f-4334-ba8d-80b7cfe2b849",30,"5445f170-12c1-48fc-9563-3709dd2993b0",980,426397,426730,"Greece"
