"id","num_stimulus","legumes_fix","feculents_fix","proteines_fix","fruits_fix","legumes_tps","feculents_tps","proteines_tps","fruits_tps","classe","tester_id","item_id","pays","tot_fix","pct_feculents_fix","pct_proteines_fix","pct_legumes_fix","pct_fruits_fix","tot_tps","pct_feculents_tps","pct_proteines_tps","pct_legumes_tps","pct_fruits_tps"
38,156,0,5,2,0,0,1322,499,0,"PresqueEquilibre","199d1269-1d8a-420a-a986-1f4f2ab4355f","34359006-f70f-438e-85d0-420cf2fe6944","Ukraine",7,71.4285714285714,28.5714285714286,0,0,1821,72.5974739154311,27.4025260845689,0,0
39,156,5,5,2,0,1342,3077,1891,0,"PresqueEquilibre","fd0537e8-3103-47f8-9998-44570bb8a45e","34359006-f70f-438e-85d0-420cf2fe6944","Ukraine",12,41.6666666666667,16.6666666666667,41.6666666666667,0,6310,48.7638668779715,29.9683042789223,21.2678288431062,0
40,156,11,4,2,0,3111,1376,913,0,"Equilibre","e433aa11-cdb7-4733-88a9-7067cf52299b","34359006-f70f-438e-85d0-420cf2fe6944","Ukraine",17,23.5294117647059,11.7647058823529,64.7058823529412,0,5400,25.4814814814815,16.9074074074074,57.6111111111111,0
41,156,5,6,2,0,652,2539,665,0,"PresqueEquilibre","149c1889-4e83-4153-b763-54fb60e60d99","34359006-f70f-438e-85d0-420cf2fe6944","Ukraine",13,46.1538461538462,15.3846153846154,38.4615384615385,0,3856,65.8454356846473,17.2458506224066,16.9087136929461,0
42,156,0,5,2,0,0,1757,998,0,"PasEquilibre","14229a71-f44e-4149-9f3c-aa7415691eae","34359006-f70f-438e-85d0-420cf2fe6944","Ukraine",7,71.4285714285714,28.5714285714286,0,0,2755,63.7749546279492,36.2250453720508,0,0
43,156,8,9,4,0,1771,2736,956,0,"PasEquilibre","a724528f-7fe6-4ad6-bba1-21cb02db2af5","34359006-f70f-438e-85d0-420cf2fe6944","Ukraine",21,42.8571428571429,19.047619047619,38.0952380952381,0,5463,50.0823723228995,17.4995423759839,32.4180853011166,0
44,156,3,0,0,0,709,0,0,0,"PasEquilibre","4f5ae77c-6112-401a-93d1-3bf44bd1ccbe","34359006-f70f-438e-85d0-420cf2fe6944","Ukraine",3,0,0,100,0,709,0,0,100,0
46,156,2,5,3,0,538,1373,912,0,"Equilibre","4f147d0e-54ac-4b89-a269-aaa7819fb0ef","34359006-f70f-438e-85d0-420cf2fe6944","Ukraine",10,50,30,20,0,2823,48.6362026213248,32.3060573857598,19.0577399929153,0
45,156,6,7,3,0,1043,3502,2255,0,"PresqueEquilibre","c464d108-c77f-41e7-bcbc-d5855c9a7968","34359006-f70f-438e-85d0-420cf2fe6944","Ukraine",16,43.75,18.75,37.5,0,6800,51.5,33.1617647058824,15.3382352941176,0
47,156,1,3,1,0,368,1160,609,0,"PasEquilibre","b20e7a20-ca68-410c-8214-fbb92bfdfe17","34359006-f70f-438e-85d0-420cf2fe6944","Ukraine",5,60,20,20,0,2137,54.2817033224146,28.4978942442677,17.2204024333177,0
48,156,3,4,1,0,1286,1345,208,0,"Equilibre","131f7620-d15d-4560-86ab-564145745b9b","34359006-f70f-438e-85d0-420cf2fe6944","Ukraine",8,50,12.5,37.5,0,2839,47.3758365621698,7.32652342374075,45.2976400140895,0
2,156,1,2,1,0,226,195,180,0,"PasEquilibre","131ecf76-b806-4557-b2c0-183a418357ba","34359006-f70f-438e-85d0-420cf2fe6944","Ukraine",4,50,25,25,0,601,32.4459234608985,29.9500831946755,37.603993344426,0
3,156,3,5,3,0,2694,2011,1465,0,"PresqueEquilibre","10e732f6-9a6a-474a-82e2-a4060fc8dffe","34359006-f70f-438e-85d0-420cf2fe6944","Ukraine",11,45.4545454545455,27.2727272727273,27.2727272727273,0,6170,32.5931928687196,23.7439222042139,43.6628849270665,0
4,156,2,4,1,0,402,1264,145,0,"Equilibre","646465ef-0ad6-44cc-bd31-de24e1487943","34359006-f70f-438e-85d0-420cf2fe6944","Ukraine",7,57.1428571428571,14.2857142857143,28.5714285714286,0,1811,69.7956929872998,8.00662617338487,22.1976808393153,0
6,156,4,1,0,0,1984,249,0,0,"PasEquilibre","aa2c1d96-ec88-4bcb-8d0e-e2b0c7632af1","34359006-f70f-438e-85d0-420cf2fe6944","Ukraine",5,20,0,80,0,2233,11.1509180474698,0,88.8490819525302,0
5,156,2,1,0,0,614,212,0,0,"Equilibre","9610f0dd-ff9f-4bd4-b311-459a04f965ca","34359006-f70f-438e-85d0-420cf2fe6944","Ukraine",3,33.3333333333333,0,66.6666666666667,0,826,25.6658595641646,0,74.3341404358354,0
7,156,0,8,2,0,0,3308,1077,0,"PresqueEquilibre","df6523cd-3270-4298-8d6f-00aa8e9455e6","34359006-f70f-438e-85d0-420cf2fe6944","Ukraine",10,80,20,0,0,4385,75.4389965792474,24.5610034207526,0,0
8,156,4,3,2,0,1773,991,460,0,"PasEquilibre","54c68134-2c2a-4f2e-974b-32310830af0e","34359006-f70f-438e-85d0-420cf2fe6944","Ukraine",9,33.3333333333333,22.2222222222222,44.4444444444444,0,3224,30.7382133995037,14.2679900744417,54.9937965260546,0
9,156,1,8,0,0,117,1734,0,0,"PasEquilibre","055d198c-f8b0-47b7-9eb3-94fc57808f93","34359006-f70f-438e-85d0-420cf2fe6944","Ukraine",9,88.8888888888889,0,11.1111111111111,0,1851,93.6790923824959,0,6.32090761750405,0
10,156,4,4,1,0,1559,1240,260,0,"PresqueEquilibre","cea293cd-b0b1-40ea-8e71-756b3956e8ad","34359006-f70f-438e-85d0-420cf2fe6944","Ukraine",9,44.4444444444444,11.1111111111111,44.4444444444444,0,3059,40.5361229159856,8.4995096436744,50.96436744034,0
11,156,1,3,1,0,910,573,338,0,"PresqueEquilibre","de86783a-ac86-419a-a230-dad6b421fba4","34359006-f70f-438e-85d0-420cf2fe6944","Ukraine",5,60,20,20,0,1821,31.4662273476112,18.5612300933553,49.9725425590335,0
14,156,2,3,2,0,484,530,258,0,"Equilibre","9f8068fd-f5cc-4e1a-946a-c9beb8b4d05a","34359006-f70f-438e-85d0-420cf2fe6944","Ukraine",7,42.8571428571429,28.5714285714286,28.5714285714286,0,1272,41.6666666666667,20.2830188679245,38.0503144654088,0
13,156,7,14,4,0,1299,3798,1748,0,"PresqueEquilibre","06026e76-f9a4-4fb9-877d-bcd33373cdab","34359006-f70f-438e-85d0-420cf2fe6944","Ukraine",25,56,16,28,0,6845,55.4857560262966,25.5368882395909,18.9773557341125,0
16,156,1,4,1,0,290,1577,162,0,"PresqueEquilibre","27e050a3-45e8-4076-9c25-32be9040da4e","34359006-f70f-438e-85d0-420cf2fe6944","Ukraine",6,66.6666666666667,16.6666666666667,16.6666666666667,0,2029,77.7230162641695,7.98422868408083,14.2927550517496,0
15,156,1,5,2,0,274,1114,657,0,"PresqueEquilibre","4995f6d3-50ed-427d-9cf2-4ea0b81a229c","34359006-f70f-438e-85d0-420cf2fe6944","Ukraine",8,62.5,25,12.5,0,2045,54.4743276283619,32.1271393643032,13.398533007335,0
17,156,0,1,1,0,0,349,349,0,"PasEquilibre","398e712a-fae6-451d-83c9-a7e500227e62","34359006-f70f-438e-85d0-420cf2fe6944","Ukraine",2,50,50,0,0,698,50,50,0,0
19,156,1,9,3,0,17,3892,1124,0,"PresqueEquilibre","65681129-f83c-4293-9ce3-9d1429367fd0","34359006-f70f-438e-85d0-420cf2fe6944","Ukraine",13,69.2307692307692,23.0769230769231,7.69230769230769,0,5033,77.3296244784423,22.3326048082655,0.337770713292271,0
18,156,4,7,3,0,2493,3352,2009,0,"PresqueEquilibre","035a43cf-cf88-4675-85e7-11eeb0b3641c","34359006-f70f-438e-85d0-420cf2fe6944","Ukraine",14,50,21.4285714285714,28.5714285714286,0,7854,42.6788897377133,25.5793226381462,31.7417876241406,0
20,156,1,3,0,0,445,616,0,0,"PasEquilibre","aaf1dbcb-3748-4740-a2e0-58e7c1cb9f78","34359006-f70f-438e-85d0-420cf2fe6944","Ukraine",4,75,0,25,0,1061,58.0584354382658,0,41.9415645617342,0
21,156,1,3,1,0,638,427,198,0,"PresqueEquilibre","bf743fbf-9be2-49a1-bf7e-0b53276e6529","34359006-f70f-438e-85d0-420cf2fe6944","Ukraine",5,60,20,20,0,1263,33.8083927157561,15.6769596199525,50.5146476642914,0
23,156,1,2,1,0,239,661,402,0,"PasEquilibre","cd0a0a46-7676-4bf0-ad03-2e83bd565fee","34359006-f70f-438e-85d0-420cf2fe6944","Ukraine",4,50,25,25,0,1302,50.7680491551459,30.8755760368664,18.3563748079877,0
22,156,1,0,0,0,1153,0,0,0,"Equilibre","9577727a-fa45-4185-9778-4a56a41cf0f6","34359006-f70f-438e-85d0-420cf2fe6944","Ukraine",1,0,0,100,0,1153,0,0,100,0
24,156,0,4,1,0,0,2060,855,0,"Equilibre","073891b7-a928-4ff0-83e3-56f4d1a6315e","34359006-f70f-438e-85d0-420cf2fe6944","Ukraine",5,80,20,0,0,2915,70.6689536878216,29.3310463121784,0,0
25,156,4,7,2,0,1106,1358,746,0,"Equilibre","cc933e0b-091f-4ef4-bfc8-11f2076d4396","34359006-f70f-438e-85d0-420cf2fe6944","Ukraine",13,53.8461538461538,15.3846153846154,30.7692307692308,0,3210,42.3052959501558,23.2398753894081,34.4548286604361,0
26,156,2,8,4,0,791,3384,882,0,"PresqueEquilibre","4ed0a862-3163-449b-bb48-ca8b9ce3add0","34359006-f70f-438e-85d0-420cf2fe6944","Ukraine",14,57.1428571428571,28.5714285714286,14.2857142857143,0,5057,66.917144552106,17.4411706545383,15.6416847933557,0
27,156,1,2,1,0,798,378,345,0,"PresqueEquilibre","473d2e90-02dd-483e-ad19-3966ec20050a","34359006-f70f-438e-85d0-420cf2fe6944","Ukraine",4,50,25,25,0,1521,24.8520710059172,22.6824457593688,52.465483234714,0
28,156,2,3,1,0,535,823,158,0,"PresqueEquilibre","03964ff9-d24f-4a0a-a492-3a177e16eb11","34359006-f70f-438e-85d0-420cf2fe6944","Ukraine",6,50,16.6666666666667,33.3333333333333,0,1516,54.287598944591,10.4221635883905,35.2902374670185,0
29,156,1,2,1,0,491,907,874,0,"PresqueEquilibre","e87291fb-8da5-4c7a-af30-4413737f2401","34359006-f70f-438e-85d0-420cf2fe6944","Ukraine",4,50,25,25,0,2272,39.9207746478873,38.4683098591549,21.6109154929577,0
35,156,3,5,1,0,1434,2968,248,0,"Equilibre","915ec45f-204b-411d-8ed7-7fdecb385e39","34359006-f70f-438e-85d0-420cf2fe6944","Ukraine",9,55.5555555555556,11.1111111111111,33.3333333333333,0,4650,63.8279569892473,5.33333333333333,30.8387096774194,0
37,156,2,1,0,0,686,130,0,0,"PasEquilibre","38c90b27-ea8c-4111-a922-4e81390fefab","34359006-f70f-438e-85d0-420cf2fe6944","Ukraine",3,33.3333333333333,0,66.6666666666667,0,816,15.9313725490196,0,84.0686274509804,0
30,156,0,2,1,0,0,461,124,0,"PasEquilibre","4436282c-7d0f-4334-ba8d-80b7cfe2b849","34359006-f70f-438e-85d0-420cf2fe6944","Ukraine",3,66.6666666666667,33.3333333333333,0,0,585,78.8034188034188,21.1965811965812,0,0
31,156,2,3,1,0,247,1527,1345,0,"PasEquilibre","98a2ab99-afcb-447e-ae8d-4b96b374e4d7","34359006-f70f-438e-85d0-420cf2fe6944","Ukraine",6,50,16.6666666666667,33.3333333333333,0,3119,48.9579993587688,43.1227957678743,7.91920487335685,0
32,156,1,0,0,0,780,0,0,0,"PresqueEquilibre","6caef30c-9e58-4bd8-bf6a-e3dcac4256f1","34359006-f70f-438e-85d0-420cf2fe6944","Ukraine",1,0,0,100,0,780,0,0,100,0
33,156,2,5,1,0,233,1384,273,0,"PasEquilibre","c19419a4-de5b-4642-b925-120bf7999f25","34359006-f70f-438e-85d0-420cf2fe6944","Ukraine",8,62.5,12.5,25,0,1890,73.2275132275132,14.4444444444444,12.3280423280423,0
36,156,1,1,1,0,300,231,231,0,"PasEquilibre","5b5b9eb7-f06a-48a3-b3e8-675a7f2faf18","34359006-f70f-438e-85d0-420cf2fe6944","Ukraine",3,33.3333333333333,33.3333333333333,33.3333333333333,0,762,30.3149606299213,30.3149606299213,39.3700787401575,0
38,672,5,3,0,1,2230,933,0,295,"PresqueEquilibre","199d1269-1d8a-420a-a986-1f4f2ab4355f","20f3c152-6ebf-49db-8e1a-00eebd99feb6","Finland",9,33.3333333333333,0,55.5555555555556,11.1111111111111,3458,26.9809138230191,0,64.4881434355119,8.53094274146906
39,672,7,3,0,0,1601,491,0,0,"PresqueEquilibre","fd0537e8-3103-47f8-9998-44570bb8a45e","20f3c152-6ebf-49db-8e1a-00eebd99feb6","Finland",10,30,0,70,0,2092,23.4703632887189,0,76.5296367112811,0
41,672,9,8,0,5,2492,3264,0,2848,"PresqueEquilibre","149c1889-4e83-4153-b763-54fb60e60d99","20f3c152-6ebf-49db-8e1a-00eebd99feb6","Finland",22,36.3636363636364,0,40.9090909090909,22.7272727272727,8604,37.9358437935844,0,28.9632728963273,33.1008833100883
42,672,1,1,0,1,31,414,0,414,"PasEquilibre","14229a71-f44e-4149-9f3c-aa7415691eae","20f3c152-6ebf-49db-8e1a-00eebd99feb6","Finland",3,33.3333333333333,0,33.3333333333333,33.3333333333333,859,48.1955762514552,0,3.60884749708964,48.1955762514552
43,672,8,4,0,2,1844,2157,0,1425,"Equilibre","a724528f-7fe6-4ad6-bba1-21cb02db2af5","20f3c152-6ebf-49db-8e1a-00eebd99feb6","Finland",14,28.5714285714286,0,57.1428571428571,14.2857142857143,5426,39.7530409141172,0,33.984518982676,26.2624401032068
44,672,2,3,0,3,622,565,0,565,"Equilibre","4f5ae77c-6112-401a-93d1-3bf44bd1ccbe","20f3c152-6ebf-49db-8e1a-00eebd99feb6","Finland",8,37.5,0,25,37.5,1752,32.2488584474886,0,35.5022831050228,32.2488584474886
46,672,5,4,0,2,857,922,0,694,"PresqueEquilibre","4f147d0e-54ac-4b89-a269-aaa7819fb0ef","20f3c152-6ebf-49db-8e1a-00eebd99feb6","Finland",11,36.3636363636364,0,45.4545454545455,18.1818181818182,2473,37.2826526486049,0,34.6542660735948,28.0630812778002
45,672,13,7,0,5,3012,2047,0,1106,"PresqueEquilibre","c464d108-c77f-41e7-bcbc-d5855c9a7968","20f3c152-6ebf-49db-8e1a-00eebd99feb6","Finland",25,28,0,52,20,6165,33.2035685320357,0,48.8564476885645,17.9399837793998
47,672,0,1,0,1,0,1265,0,1265,"PresqueEquilibre","b20e7a20-ca68-410c-8214-fbb92bfdfe17","20f3c152-6ebf-49db-8e1a-00eebd99feb6","Finland",2,50,0,0,50,2530,50,0,0,50
48,672,5,3,0,1,2052,1332,0,514,"PresqueEquilibre","131f7620-d15d-4560-86ab-564145745b9b","20f3c152-6ebf-49db-8e1a-00eebd99feb6","Finland",9,33.3333333333333,0,55.5555555555556,11.1111111111111,3898,34.1713699332991,0,52.6423807080554,13.1862493586455
2,672,2,3,0,2,368,2366,0,2126,"PresqueEquilibre","131ecf76-b806-4557-b2c0-183a418357ba","20f3c152-6ebf-49db-8e1a-00eebd99feb6","Finland",7,42.8571428571429,0,28.5714285714286,28.5714285714286,4860,48.6831275720165,0,7.57201646090535,43.7448559670782
3,672,6,2,0,1,2106,1739,0,340,"PresqueEquilibre","10e732f6-9a6a-474a-82e2-a4060fc8dffe","20f3c152-6ebf-49db-8e1a-00eebd99feb6","Finland",9,22.2222222222222,0,66.6666666666667,11.1111111111111,4185,41.5531660692951,0,50.3225806451613,8.12425328554361
4,672,5,4,0,2,995,1723,0,586,"PasEquilibre","646465ef-0ad6-44cc-bd31-de24e1487943","20f3c152-6ebf-49db-8e1a-00eebd99feb6","Finland",11,36.3636363636364,0,45.4545454545455,18.1818181818182,3304,52.1489104116223,0,30.1150121065375,17.7360774818402
6,672,8,6,0,4,2766,1525,0,1318,"PresqueEquilibre","aa2c1d96-ec88-4bcb-8d0e-e2b0c7632af1","20f3c152-6ebf-49db-8e1a-00eebd99feb6","Finland",18,33.3333333333333,0,44.4444444444444,22.2222222222222,5609,27.1884471385274,0,49.3136031378142,23.4979497236584
5,672,5,5,0,3,2168,1456,0,1020,"Equilibre","9610f0dd-ff9f-4bd4-b311-459a04f965ca","20f3c152-6ebf-49db-8e1a-00eebd99feb6","Finland",13,38.4615384615385,0,38.4615384615385,23.0769230769231,4644,31.3522825150732,0,46.6838931955211,21.9638242894057
7,672,9,7,0,2,2134,2095,0,422,"PresqueEquilibre","df6523cd-3270-4298-8d6f-00aa8e9455e6","20f3c152-6ebf-49db-8e1a-00eebd99feb6","Finland",18,38.8888888888889,0,50,11.1111111111111,4651,45.044076542679,0,45.8826058912062,9.07331756611481
8,672,4,3,0,2,1150,2924,0,2368,"PresqueEquilibre","54c68134-2c2a-4f2e-974b-32310830af0e","20f3c152-6ebf-49db-8e1a-00eebd99feb6","Finland",9,33.3333333333333,0,44.4444444444444,22.2222222222222,6442,45.3896305495188,0,17.8515988823347,36.7587705681465
9,672,4,4,0,1,1212,856,0,279,"PresqueEquilibre","055d198c-f8b0-47b7-9eb3-94fc57808f93","20f3c152-6ebf-49db-8e1a-00eebd99feb6","Finland",9,44.4444444444444,0,44.4444444444444,11.1111111111111,2347,36.4720920323818,0,51.6403919897742,11.8875159778441
10,672,6,5,0,3,3041,1251,0,961,"PresqueEquilibre","cea293cd-b0b1-40ea-8e71-756b3956e8ad","20f3c152-6ebf-49db-8e1a-00eebd99feb6","Finland",14,35.7142857142857,0,42.8571428571429,21.4285714285714,5253,23.8149628783552,0,57.8907291071769,18.2943080144679
11,672,4,5,0,3,1472,2605,0,2559,"PasEquilibre","de86783a-ac86-419a-a230-dad6b421fba4","20f3c152-6ebf-49db-8e1a-00eebd99feb6","Finland",12,41.6666666666667,0,33.3333333333333,25,6636,39.2555756479807,0,22.1820373719108,38.5623869801085
14,672,3,2,0,1,890,373,0,144,"PresqueEquilibre","9f8068fd-f5cc-4e1a-946a-c9beb8b4d05a","20f3c152-6ebf-49db-8e1a-00eebd99feb6","Finland",6,33.3333333333333,0,50,16.6666666666667,1407,26.5103056147832,0,63.2551528073916,10.2345415778252
13,672,7,4,0,3,1333,1280,0,933,"PresqueEquilibre","06026e76-f9a4-4fb9-877d-bcd33373cdab","20f3c152-6ebf-49db-8e1a-00eebd99feb6","Finland",14,28.5714285714286,0,50,21.4285714285714,3546,36.0970107163001,0,37.5916525662719,26.3113367174281
16,672,1,1,0,0,501,680,0,0,"Equilibre","27e050a3-45e8-4076-9c25-32be9040da4e","20f3c152-6ebf-49db-8e1a-00eebd99feb6","Finland",2,50,0,50,0,1181,57.5783234546994,0,42.4216765453006,0
15,672,4,3,0,2,1492,729,0,423,"PresqueEquilibre","4995f6d3-50ed-427d-9cf2-4ea0b81a229c","20f3c152-6ebf-49db-8e1a-00eebd99feb6","Finland",9,33.3333333333333,0,44.4444444444444,22.2222222222222,2644,27.571860816944,0,56.4296520423601,15.9984871406959
17,672,1,1,0,1,261,570,0,570,"Equilibre","398e712a-fae6-451d-83c9-a7e500227e62","20f3c152-6ebf-49db-8e1a-00eebd99feb6","Finland",3,33.3333333333333,0,33.3333333333333,33.3333333333333,1401,40.6852248394004,0,18.6295503211991,40.6852248394004
19,672,6,5,0,5,2224,758,0,758,"PresqueEquilibre","65681129-f83c-4293-9ce3-9d1429367fd0","20f3c152-6ebf-49db-8e1a-00eebd99feb6","Finland",16,31.25,0,37.5,31.25,3740,20.2673796791444,0,59.4652406417112,20.2673796791444
18,672,10,3,0,1,1871,548,0,132,"PasEquilibre","035a43cf-cf88-4675-85e7-11eeb0b3641c","20f3c152-6ebf-49db-8e1a-00eebd99feb6","Finland",14,21.4285714285714,0,71.4285714285714,7.14285714285714,2551,21.4817718541748,0,73.343786750294,5.17444139553116
20,672,4,4,0,1,1400,899,0,290,"PasEquilibre","aaf1dbcb-3748-4740-a2e0-58e7c1cb9f78","20f3c152-6ebf-49db-8e1a-00eebd99feb6","Finland",9,44.4444444444444,0,44.4444444444444,11.1111111111111,2589,34.7238315952105,0,54.0749324063345,11.201235998455
21,672,2,2,0,0,839,303,0,0,"Equilibre","bf743fbf-9be2-49a1-bf7e-0b53276e6529","20f3c152-6ebf-49db-8e1a-00eebd99feb6","Finland",4,50,0,50,0,1142,26.5323992994746,0,73.4676007005254,0
23,672,6,3,0,1,2881,918,0,505,"PresqueEquilibre","cd0a0a46-7676-4bf0-ad03-2e83bd565fee","20f3c152-6ebf-49db-8e1a-00eebd99feb6","Finland",10,30,0,60,10,4304,21.3289962825279,0,66.9377323420074,11.7332713754647
22,672,4,4,0,1,1345,1765,0,904,"PasEquilibre","9577727a-fa45-4185-9778-4a56a41cf0f6","20f3c152-6ebf-49db-8e1a-00eebd99feb6","Finland",9,44.4444444444444,0,44.4444444444444,11.1111111111111,4014,43.971101145989,0,33.5077229696064,22.5211758844046
24,672,3,2,0,2,1200,1219,0,1219,"PresqueEquilibre","073891b7-a928-4ff0-83e3-56f4d1a6315e","20f3c152-6ebf-49db-8e1a-00eebd99feb6","Finland",7,28.5714285714286,0,42.8571428571429,28.5714285714286,3638,33.5074216602529,0,32.9851566794942,33.5074216602529
25,672,6,6,0,4,1193,659,0,314,"PasEquilibre","cc933e0b-091f-4ef4-bfc8-11f2076d4396","20f3c152-6ebf-49db-8e1a-00eebd99feb6","Finland",16,37.5,0,37.5,25,2166,30.4247460757156,0,55.078485687904,14.4967682363804
26,672,10,5,0,3,2201,2093,0,1226,"PasEquilibre","4ed0a862-3163-449b-bb48-ca8b9ce3add0","20f3c152-6ebf-49db-8e1a-00eebd99feb6","Finland",18,27.7777777777778,0,55.5555555555556,16.6666666666667,5520,37.9166666666667,0,39.8731884057971,22.2101449275362
27,672,3,3,0,2,1051,1412,0,1246,"Equilibre","473d2e90-02dd-483e-ad19-3966ec20050a","20f3c152-6ebf-49db-8e1a-00eebd99feb6","Finland",8,37.5,0,37.5,25,3709,38.0695605284443,0,28.3364788352656,33.5939606362901
28,672,4,0,0,0,2060,0,0,0,"PresqueEquilibre","03964ff9-d24f-4a0a-a492-3a177e16eb11","20f3c152-6ebf-49db-8e1a-00eebd99feb6","Finland",4,0,0,100,0,2060,0,0,100,0
29,672,1,1,0,1,370,668,0,668,"PasEquilibre","e87291fb-8da5-4c7a-af30-4413737f2401","20f3c152-6ebf-49db-8e1a-00eebd99feb6","Finland",3,33.3333333333333,0,33.3333333333333,33.3333333333333,1706,39.1559202813599,0,21.6881594372802,39.1559202813599
35,672,7,4,0,3,3373,1744,0,1427,"PresqueEquilibre","915ec45f-204b-411d-8ed7-7fdecb385e39","20f3c152-6ebf-49db-8e1a-00eebd99feb6","Finland",14,28.5714285714286,0,50,21.4285714285714,6544,26.6503667481663,0,51.5433985330073,21.8062347188264
37,672,1,2,0,2,16,1667,0,1667,"Equilibre","38c90b27-ea8c-4111-a922-4e81390fefab","20f3c152-6ebf-49db-8e1a-00eebd99feb6","Finland",5,40,0,20,40,3350,49.7611940298507,0,0.477611940298507,49.7611940298507
30,672,1,3,0,1,49,844,0,192,"PresqueEquilibre","4436282c-7d0f-4334-ba8d-80b7cfe2b849","20f3c152-6ebf-49db-8e1a-00eebd99feb6","Finland",5,60,0,20,20,1085,77.7880184331797,0,4.51612903225806,17.6958525345622
31,672,2,2,0,1,1253,235,0,219,"PasEquilibre","98a2ab99-afcb-447e-ae8d-4b96b374e4d7","20f3c152-6ebf-49db-8e1a-00eebd99feb6","Finland",5,40,0,40,20,1707,13.7668424135911,0,73.4036321031049,12.829525483304
32,672,2,1,0,0,781,17,0,0,"Equilibre","6caef30c-9e58-4bd8-bf6a-e3dcac4256f1","20f3c152-6ebf-49db-8e1a-00eebd99feb6","Finland",3,33.3333333333333,0,66.6666666666667,0,798,2.13032581453634,0,97.8696741854637,0
33,672,7,4,0,2,2329,379,0,216,"PasEquilibre","c19419a4-de5b-4642-b925-120bf7999f25","20f3c152-6ebf-49db-8e1a-00eebd99feb6","Finland",13,30.7692307692308,0,53.8461538461538,15.3846153846154,2924,12.9616963064295,0,79.6511627906977,7.38714090287278
34,672,7,5,0,1,746,1451,0,296,"PresqueEquilibre","0cd83ffd-f258-4775-a358-c55074060d88","20f3c152-6ebf-49db-8e1a-00eebd99feb6","Finland",13,38.4615384615385,0,53.8461538461538,7.69230769230769,2493,58.2029683112716,0,29.923786602487,11.8732450862415
36,672,4,1,0,1,540,61,0,61,"Equilibre","5b5b9eb7-f06a-48a3-b3e8-675a7f2faf18","20f3c152-6ebf-49db-8e1a-00eebd99feb6","Finland",6,16.6666666666667,0,66.6666666666667,16.6666666666667,662,9.21450151057402,0,81.570996978852,9.21450151057402
38,756,1,7,4,1,52,2622,1643,225,"Equilibre","199d1269-1d8a-420a-a986-1f4f2ab4355f","213479f7-39af-4b83-b0e9-4ba473d27429","Spain",13,53.8461538461538,30.7692307692308,7.69230769230769,7.69230769230769,4542,57.7278731836196,36.1734918538089,1.14487010127697,4.95376486129458
39,756,3,8,3,2,500,2557,1231,339,"Equilibre","fd0537e8-3103-47f8-9998-44570bb8a45e","213479f7-39af-4b83-b0e9-4ba473d27429","Spain",16,50,18.75,18.75,12.5,4627,55.2625891506376,26.6047114761184,10.8061378863194,7.32656148692457
41,756,3,3,2,0,925,797,678,0,"Equilibre","149c1889-4e83-4153-b763-54fb60e60d99","213479f7-39af-4b83-b0e9-4ba473d27429","Spain",8,37.5,25,37.5,0,2400,33.2083333333333,28.25,38.5416666666667,0
42,756,2,3,2,1,1193,1284,938,164,"Equilibre","14229a71-f44e-4149-9f3c-aa7415691eae","213479f7-39af-4b83-b0e9-4ba473d27429","Spain",8,37.5,25,25,12.5,3579,35.8759430008382,26.2084381112042,33.3333333333333,4.5822855546242
43,756,1,7,3,0,164,4153,1443,0,"PresqueEquilibre","a724528f-7fe6-4ad6-bba1-21cb02db2af5","213479f7-39af-4b83-b0e9-4ba473d27429","Spain",11,63.6363636363636,27.2727272727273,9.09090909090909,0,5760,72.1006944444444,25.0520833333333,2.84722222222222,0
44,756,1,1,0,1,456,441,0,34,"Equilibre","4f5ae77c-6112-401a-93d1-3bf44bd1ccbe","213479f7-39af-4b83-b0e9-4ba473d27429","Spain",3,33.3333333333333,0,33.3333333333333,33.3333333333333,931,47.3684210526316,0,48.9795918367347,3.65198711063373
46,756,0,1,1,0,0,991,991,0,"Equilibre","4f147d0e-54ac-4b89-a269-aaa7819fb0ef","213479f7-39af-4b83-b0e9-4ba473d27429","Spain",2,50,50,0,0,1982,50,50,0,0
45,756,3,2,0,1,579,177,0,302,"Equilibre","c464d108-c77f-41e7-bcbc-d5855c9a7968","213479f7-39af-4b83-b0e9-4ba473d27429","Spain",6,33.3333333333333,0,50,16.6666666666667,1058,16.7296786389414,0,54.7258979206049,28.5444234404537
47,756,3,9,6,0,755,1904,927,0,"Equilibre","b20e7a20-ca68-410c-8214-fbb92bfdfe17","213479f7-39af-4b83-b0e9-4ba473d27429","Spain",18,50,33.3333333333333,16.6666666666667,0,3586,53.0953708867819,25.8505298382599,21.0540992749582,0
48,756,1,3,2,0,638,868,609,0,"Equilibre","131f7620-d15d-4560-86ab-564145745b9b","213479f7-39af-4b83-b0e9-4ba473d27429","Spain",6,50,33.3333333333333,16.6666666666667,0,2115,41.0401891252955,28.7943262411348,30.1654846335697,0
2,756,1,4,3,0,223,983,801,0,"PresqueEquilibre","131ecf76-b806-4557-b2c0-183a418357ba","213479f7-39af-4b83-b0e9-4ba473d27429","Spain",8,50,37.5,12.5,0,2007,48.9785749875436,39.9103139013453,11.1111111111111,0
3,756,2,4,4,0,716,2115,2115,0,"Equilibre","10e732f6-9a6a-474a-82e2-a4060fc8dffe","213479f7-39af-4b83-b0e9-4ba473d27429","Spain",10,40,40,20,0,4946,42.7618277395875,42.7618277395875,14.4763445208249,0
4,756,3,7,3,0,469,3762,1505,0,"Equilibre","646465ef-0ad6-44cc-bd31-de24e1487943","213479f7-39af-4b83-b0e9-4ba473d27429","Spain",13,53.8461538461538,23.0769230769231,23.0769230769231,0,5736,65.5857740585774,26.2377963737796,8.17642956764296,0
6,756,0,5,2,2,0,2475,1660,100,"Equilibre","aa2c1d96-ec88-4bcb-8d0e-e2b0c7632af1","213479f7-39af-4b83-b0e9-4ba473d27429","Spain",9,55.5555555555556,22.2222222222222,0,22.2222222222222,4235,58.4415584415584,39.1971664698937,0,2.36127508854782
5,756,1,3,2,0,34,1224,742,0,"Equilibre","9610f0dd-ff9f-4bd4-b311-459a04f965ca","213479f7-39af-4b83-b0e9-4ba473d27429","Spain",6,50,33.3333333333333,16.6666666666667,0,2000,61.2,37.1,1.7,0
7,756,4,6,4,0,1612,3029,2427,0,"Equilibre","df6523cd-3270-4298-8d6f-00aa8e9455e6","213479f7-39af-4b83-b0e9-4ba473d27429","Spain",14,42.8571428571429,28.5714285714286,28.5714285714286,0,7068,42.8551216751556,34.3378607809847,22.8070175438596,0
8,756,1,4,2,0,314,1722,941,0,"Equilibre","54c68134-2c2a-4f2e-974b-32310830af0e","213479f7-39af-4b83-b0e9-4ba473d27429","Spain",7,57.1428571428571,28.5714285714286,14.2857142857143,0,2977,57.843466577091,31.6090023513604,10.5475310715485,0
9,756,5,2,2,1,904,605,605,194,"Equilibre","055d198c-f8b0-47b7-9eb3-94fc57808f93","213479f7-39af-4b83-b0e9-4ba473d27429","Spain",10,20,20,50,10,2308,26.2131715771231,26.2131715771231,39.1681109185442,8.4055459272097
10,756,6,2,1,0,1208,2011,1418,0,"Equilibre","cea293cd-b0b1-40ea-8e71-756b3956e8ad","213479f7-39af-4b83-b0e9-4ba473d27429","Spain",9,22.2222222222222,11.1111111111111,66.6666666666667,0,4637,43.3685572568471,30.5801164546043,26.0513262885486,0
11,756,3,0,0,1,1392,0,0,354,"PresqueEquilibre","de86783a-ac86-419a-a230-dad6b421fba4","213479f7-39af-4b83-b0e9-4ba473d27429","Spain",4,0,0,75,25,1746,0,0,79.7250859106529,20.2749140893471
14,756,3,4,2,2,503,855,309,274,"PresqueEquilibre","9f8068fd-f5cc-4e1a-946a-c9beb8b4d05a","213479f7-39af-4b83-b0e9-4ba473d27429","Spain",11,36.3636363636364,18.1818181818182,27.2727272727273,18.1818181818182,1941,44.0494590417311,15.919629057187,25.9144770736734,14.1164348274086
13,756,6,6,4,2,1231,2046,1450,430,"PresqueEquilibre","06026e76-f9a4-4fb9-877d-bcd33373cdab","213479f7-39af-4b83-b0e9-4ba473d27429","Spain",18,33.3333333333333,22.2222222222222,33.3333333333333,11.1111111111111,5157,39.674229203025,28.1171223579601,23.8704673259647,8.33818111305022
16,756,3,3,3,0,1621,632,632,0,"PresqueEquilibre","27e050a3-45e8-4076-9c25-32be9040da4e","213479f7-39af-4b83-b0e9-4ba473d27429","Spain",9,33.3333333333333,33.3333333333333,33.3333333333333,0,2885,21.9064124783362,21.9064124783362,56.1871750433276,0
15,756,3,7,4,0,419,1653,424,0,"Equilibre","4995f6d3-50ed-427d-9cf2-4ea0b81a229c","213479f7-39af-4b83-b0e9-4ba473d27429","Spain",14,50,28.5714285714286,21.4285714285714,0,2496,66.2259615384615,16.9871794871795,16.786858974359,0
17,756,3,2,1,0,423,1168,932,0,"Equilibre","398e712a-fae6-451d-83c9-a7e500227e62","213479f7-39af-4b83-b0e9-4ba473d27429","Spain",6,33.3333333333333,16.6666666666667,50,0,2523,46.2940943321443,36.940150614348,16.7657550535077,0
19,756,2,2,0,0,192,469,0,0,"Equilibre","65681129-f83c-4293-9ce3-9d1429367fd0","213479f7-39af-4b83-b0e9-4ba473d27429","Spain",4,50,0,50,0,661,70.9531013615734,0,29.0468986384266,0
18,756,4,7,4,2,911,2225,1648,462,"Equilibre","035a43cf-cf88-4675-85e7-11eeb0b3641c","213479f7-39af-4b83-b0e9-4ba473d27429","Spain",17,41.1764705882353,23.5294117647059,23.5294117647059,11.7647058823529,5246,42.413267251239,31.4144109797941,17.365611894777,8.80670987418986
20,756,3,4,2,0,1024,1143,774,0,"PresqueEquilibre","aaf1dbcb-3748-4740-a2e0-58e7c1cb9f78","213479f7-39af-4b83-b0e9-4ba473d27429","Spain",9,44.4444444444444,22.2222222222222,33.3333333333333,0,2941,38.8643318599116,26.3175790547433,34.8180890853451,0
21,756,3,2,2,1,345,940,940,319,"Equilibre","bf743fbf-9be2-49a1-bf7e-0b53276e6529","213479f7-39af-4b83-b0e9-4ba473d27429","Spain",8,25,25,37.5,12.5,2544,36.9496855345912,36.9496855345912,13.561320754717,12.5393081761006
23,756,3,1,1,0,1159,882,882,0,"PresqueEquilibre","cd0a0a46-7676-4bf0-ad03-2e83bd565fee","213479f7-39af-4b83-b0e9-4ba473d27429","Spain",5,20,20,60,0,2923,30.1744782757441,30.1744782757441,39.6510434485118,0
22,756,1,2,2,0,276,974,974,0,"PresqueEquilibre","9577727a-fa45-4185-9778-4a56a41cf0f6","213479f7-39af-4b83-b0e9-4ba473d27429","Spain",5,40,40,20,0,2224,43.794964028777,43.794964028777,12.410071942446,0
24,756,3,2,2,0,490,807,807,0,"Equilibre","073891b7-a928-4ff0-83e3-56f4d1a6315e","213479f7-39af-4b83-b0e9-4ba473d27429","Spain",7,28.5714285714286,28.5714285714286,42.8571428571429,0,2104,38.3555133079848,38.3555133079848,23.2889733840304,0
25,756,3,5,3,1,801,1871,1587,15,"Equilibre","cc933e0b-091f-4ef4-bfc8-11f2076d4396","213479f7-39af-4b83-b0e9-4ba473d27429","Spain",12,41.6666666666667,25,25,8.33333333333333,4274,43.7763219466542,37.1314927468414,18.7412260177819,0.350959288722508
26,756,0,3,1,1,0,1752,502,199,"Equilibre","4ed0a862-3163-449b-bb48-ca8b9ce3add0","213479f7-39af-4b83-b0e9-4ba473d27429","Spain",5,60,20,0,20,2453,71.4227476559315,20.4647370566653,0,8.11251528740318
27,756,1,2,1,1,380,500,32,501,"Equilibre","473d2e90-02dd-483e-ad19-3966ec20050a","213479f7-39af-4b83-b0e9-4ba473d27429","Spain",5,40,20,20,20,1413,35.3857041755131,2.26468506723284,26.8931351733899,35.4564755838641
28,756,1,1,1,0,103,1245,1245,0,"Equilibre","03964ff9-d24f-4a0a-a492-3a177e16eb11","213479f7-39af-4b83-b0e9-4ba473d27429","Spain",3,33.3333333333333,33.3333333333333,33.3333333333333,0,2593,48.0138835325877,48.0138835325877,3.97223293482453,0
29,756,1,1,0,1,125,353,0,220,"Equilibre","e87291fb-8da5-4c7a-af30-4413737f2401","213479f7-39af-4b83-b0e9-4ba473d27429","Spain",3,33.3333333333333,0,33.3333333333333,33.3333333333333,698,50.5730659025788,0,17.9083094555874,31.5186246418338
35,756,5,5,3,0,1525,4164,2768,0,"Equilibre","915ec45f-204b-411d-8ed7-7fdecb385e39","213479f7-39af-4b83-b0e9-4ba473d27429","Spain",13,38.4615384615385,23.0769230769231,38.4615384615385,0,8457,49.2373181979425,32.7302826061251,18.0323991959324,0
37,756,0,3,0,2,0,1041,0,500,"Equilibre","38c90b27-ea8c-4111-a922-4e81390fefab","213479f7-39af-4b83-b0e9-4ba473d27429","Spain",5,60,0,0,40,1541,67.5535366645036,0,0,32.4464633354964
30,756,1,1,1,0,728,493,493,0,"Equilibre","4436282c-7d0f-4334-ba8d-80b7cfe2b849","213479f7-39af-4b83-b0e9-4ba473d27429","Spain",3,33.3333333333333,33.3333333333333,33.3333333333333,0,1714,28.7631271878646,28.7631271878646,42.4737456242707,0
31,756,3,5,4,0,366,904,396,0,"Equilibre","98a2ab99-afcb-447e-ae8d-4b96b374e4d7","213479f7-39af-4b83-b0e9-4ba473d27429","Spain",12,41.6666666666667,33.3333333333333,25,0,1666,54.2617046818727,23.7695078031212,21.968787515006,0
32,756,0,1,0,0,0,380,0,0,"Equilibre","6caef30c-9e58-4bd8-bf6a-e3dcac4256f1","213479f7-39af-4b83-b0e9-4ba473d27429","Spain",1,100,0,0,0,380,100,0,0,0
33,756,3,5,4,0,782,1252,1078,0,"PresqueEquilibre","c19419a4-de5b-4642-b925-120bf7999f25","213479f7-39af-4b83-b0e9-4ba473d27429","Spain",12,41.6666666666667,33.3333333333333,25,0,3112,40.2313624678663,34.6401028277635,25.1285347043702,0
34,756,5,9,6,3,854,3217,2304,640,"PresqueEquilibre","0cd83ffd-f258-4775-a358-c55074060d88","213479f7-39af-4b83-b0e9-4ba473d27429","Spain",23,39.1304347826087,26.0869565217391,21.7391304347826,13.0434782608696,7015,45.8588738417676,32.8439059158945,12.1739130434783,9.12330719885959
36,756,2,2,1,0,503,254,14,0,"Equilibre","5b5b9eb7-f06a-48a3-b3e8-675a7f2faf18","213479f7-39af-4b83-b0e9-4ba473d27429","Spain",5,40,20,40,0,771,32.9442282749676,1.81582360570687,65.2399481193255,0
38,421,3,0,1,2,455,0,1142,1395,"Equilibre","199d1269-1d8a-420a-a986-1f4f2ab4355f","7bdf6ed6-acf9-4a7b-84fe-7e4f96f9582a","France",6,0,16.6666666666667,50,33.3333333333333,2992,0,38.168449197861,15.2072192513369,46.6243315508021
39,421,1,0,1,1,125,0,300,300,"Equilibre","fd0537e8-3103-47f8-9998-44570bb8a45e","7bdf6ed6-acf9-4a7b-84fe-7e4f96f9582a","France",3,0,33.3333333333333,33.3333333333333,33.3333333333333,725,0,41.3793103448276,17.2413793103448,41.3793103448276
40,421,1,0,2,2,221,0,75,75,"PresqueEquilibre","e433aa11-cdb7-4733-88a9-7067cf52299b","7bdf6ed6-acf9-4a7b-84fe-7e4f96f9582a","France",5,0,40,20,40,371,0,20.2156334231806,59.5687331536388,20.2156334231806
41,421,4,0,2,5,1675,0,566,1302,"Equilibre","149c1889-4e83-4153-b763-54fb60e60d99","7bdf6ed6-acf9-4a7b-84fe-7e4f96f9582a","France",11,0,18.1818181818182,36.3636363636364,45.4545454545455,3543,0,15.9751622918431,47.2763195032458,36.7485182049111
42,421,1,0,5,3,357,0,1883,1229,"PresqueEquilibre","14229a71-f44e-4149-9f3c-aa7415691eae","7bdf6ed6-acf9-4a7b-84fe-7e4f96f9582a","France",9,0,55.5555555555556,11.1111111111111,33.3333333333333,3469,0,54.2807725569328,10.2911501873739,35.4280772556933
43,421,4,0,5,5,1309,0,1729,1935,"PresqueEquilibre","a724528f-7fe6-4ad6-bba1-21cb02db2af5","7bdf6ed6-acf9-4a7b-84fe-7e4f96f9582a","France",14,0,35.7142857142857,28.5714285714286,35.7142857142857,4973,0,34.7677458274683,26.3221395535894,38.9101146189423
44,421,1,0,2,2,32,0,310,493,"PasEquilibre","4f5ae77c-6112-401a-93d1-3bf44bd1ccbe","7bdf6ed6-acf9-4a7b-84fe-7e4f96f9582a","France",5,0,40,20,40,835,0,37.125748502994,3.83233532934132,59.0419161676647
46,421,3,0,4,5,618,0,974,882,"PresqueEquilibre","4f147d0e-54ac-4b89-a269-aaa7819fb0ef","7bdf6ed6-acf9-4a7b-84fe-7e4f96f9582a","France",12,0,33.3333333333333,25,41.6666666666667,2474,0,39.3694421988682,24.9797898140663,35.6507679870655
45,421,1,0,3,3,129,0,2066,2066,"PresqueEquilibre","c464d108-c77f-41e7-bcbc-d5855c9a7968","7bdf6ed6-acf9-4a7b-84fe-7e4f96f9582a","France",7,0,42.8571428571429,14.2857142857143,42.8571428571429,4261,0,48.486270828444,3.02745834311195,48.486270828444
47,421,2,0,1,1,258,0,288,288,"Equilibre","b20e7a20-ca68-410c-8214-fbb92bfdfe17","7bdf6ed6-acf9-4a7b-84fe-7e4f96f9582a","France",4,0,25,50,25,834,0,34.5323741007194,30.9352517985612,34.5323741007194
48,421,2,0,4,4,108,0,837,540,"PasEquilibre","131f7620-d15d-4560-86ab-564145745b9b","7bdf6ed6-acf9-4a7b-84fe-7e4f96f9582a","France",10,0,40,20,40,1485,0,56.3636363636364,7.27272727272727,36.3636363636364
2,421,2,0,2,3,953,0,822,976,"PresqueEquilibre","131ecf76-b806-4557-b2c0-183a418357ba","7bdf6ed6-acf9-4a7b-84fe-7e4f96f9582a","France",7,0,28.5714285714286,28.5714285714286,42.8571428571429,2751,0,29.8800436205016,34.6419483824064,35.478007997092
3,421,2,0,4,3,528,0,2642,1731,"PasEquilibre","10e732f6-9a6a-474a-82e2-a4060fc8dffe","7bdf6ed6-acf9-4a7b-84fe-7e4f96f9582a","France",9,0,44.4444444444444,22.2222222222222,33.3333333333333,4901,0,53.9073658437054,10.7733115690675,35.3193225872271
4,421,4,0,3,1,3827,0,1668,353,"PresqueEquilibre","646465ef-0ad6-44cc-bd31-de24e1487943","7bdf6ed6-acf9-4a7b-84fe-7e4f96f9582a","France",8,0,37.5,50,12.5,5848,0,28.5225718194254,65.4411764705882,6.03625170998632
6,421,1,0,2,2,610,0,2361,1941,"PresqueEquilibre","aa2c1d96-ec88-4bcb-8d0e-e2b0c7632af1","7bdf6ed6-acf9-4a7b-84fe-7e4f96f9582a","France",5,0,40,20,40,4912,0,48.0659609120521,12.4185667752443,39.5154723127036
5,421,1,0,2,3,574,0,510,664,"Equilibre","9610f0dd-ff9f-4bd4-b311-459a04f965ca","7bdf6ed6-acf9-4a7b-84fe-7e4f96f9582a","France",6,0,33.3333333333333,16.6666666666667,50,1748,0,29.1762013729977,32.837528604119,37.9862700228833
7,421,1,0,4,2,433,0,1910,1326,"PresqueEquilibre","df6523cd-3270-4298-8d6f-00aa8e9455e6","7bdf6ed6-acf9-4a7b-84fe-7e4f96f9582a","France",7,0,57.1428571428571,14.2857142857143,28.5714285714286,3669,0,52.0577814118288,11.8015808122104,36.1406377759608
8,421,1,0,0,1,345,0,0,375,"Equilibre","54c68134-2c2a-4f2e-974b-32310830af0e","7bdf6ed6-acf9-4a7b-84fe-7e4f96f9582a","France",2,0,0,50,50,720,0,0,47.9166666666667,52.0833333333333
9,421,7,0,2,5,1382,0,726,1281,"PasEquilibre","055d198c-f8b0-47b7-9eb3-94fc57808f93","7bdf6ed6-acf9-4a7b-84fe-7e4f96f9582a","France",14,0,14.2857142857143,50,35.7142857142857,3389,0,21.4222484508705,40.7789908527589,37.7987606963706
10,421,1,0,2,1,33,0,1146,397,"PresqueEquilibre","cea293cd-b0b1-40ea-8e71-756b3956e8ad","7bdf6ed6-acf9-4a7b-84fe-7e4f96f9582a","France",4,0,50,25,25,1576,0,72.7157360406091,2.09390862944162,25.1903553299492
11,421,2,0,4,4,568,0,1517,1479,"Equilibre","de86783a-ac86-419a-a230-dad6b421fba4","7bdf6ed6-acf9-4a7b-84fe-7e4f96f9582a","France",10,0,40,20,40,3564,0,42.5645342312009,15.9371492704826,41.4983164983165
14,421,1,0,2,2,133,0,935,1260,"PresqueEquilibre","9f8068fd-f5cc-4e1a-946a-c9beb8b4d05a","7bdf6ed6-acf9-4a7b-84fe-7e4f96f9582a","France",5,0,40,20,40,2328,0,40.1632302405498,5.71305841924399,54.1237113402062
16,421,0,0,3,2,0,0,1762,938,"Equilibre","27e050a3-45e8-4076-9c25-32be9040da4e","7bdf6ed6-acf9-4a7b-84fe-7e4f96f9582a","France",5,0,60,0,40,2700,0,65.2592592592593,0,34.7407407407407
15,421,3,0,6,5,1213,0,1991,1883,"PresqueEquilibre","4995f6d3-50ed-427d-9cf2-4ea0b81a229c","7bdf6ed6-acf9-4a7b-84fe-7e4f96f9582a","France",14,0,42.8571428571429,21.4285714285714,35.7142857142857,5087,0,39.138981718105,23.8450953410655,37.0159229408296
17,421,0,0,1,0,0,0,848,0,"PresqueEquilibre","398e712a-fae6-451d-83c9-a7e500227e62","7bdf6ed6-acf9-4a7b-84fe-7e4f96f9582a","France",1,0,100,0,0,848,0,100,0,0
19,421,3,0,6,5,1031,0,1644,1327,"PresqueEquilibre","65681129-f83c-4293-9ce3-9d1429367fd0","7bdf6ed6-acf9-4a7b-84fe-7e4f96f9582a","France",14,0,42.8571428571429,21.4285714285714,35.7142857142857,4002,0,41.0794602698651,25.7621189405297,33.1584207896052
18,421,3,0,2,2,431,0,527,526,"PasEquilibre","035a43cf-cf88-4675-85e7-11eeb0b3641c","7bdf6ed6-acf9-4a7b-84fe-7e4f96f9582a","France",7,0,28.5714285714286,42.8571428571429,28.5714285714286,1484,0,35.5121293800539,29.0431266846361,35.44474393531
20,421,4,0,6,5,609,0,1461,1350,"PresqueEquilibre","aaf1dbcb-3748-4740-a2e0-58e7c1cb9f78","7bdf6ed6-acf9-4a7b-84fe-7e4f96f9582a","France",15,0,40,26.6666666666667,33.3333333333333,3420,0,42.719298245614,17.8070175438597,39.4736842105263
21,421,0,0,5,2,0,0,1586,1136,"Equilibre","bf743fbf-9be2-49a1-bf7e-0b53276e6529","7bdf6ed6-acf9-4a7b-84fe-7e4f96f9582a","France",7,0,71.4285714285714,0,28.5714285714286,2722,0,58.2659808963997,0,41.7340191036003
23,421,1,0,3,2,276,0,1495,618,"PresqueEquilibre","cd0a0a46-7676-4bf0-ad03-2e83bd565fee","7bdf6ed6-acf9-4a7b-84fe-7e4f96f9582a","France",6,0,50,16.6666666666667,33.3333333333333,2389,0,62.5784847216409,11.5529510255337,25.8685642528255
22,421,1,0,1,1,221,0,932,932,"PasEquilibre","9577727a-fa45-4185-9778-4a56a41cf0f6","7bdf6ed6-acf9-4a7b-84fe-7e4f96f9582a","France",3,0,33.3333333333333,33.3333333333333,33.3333333333333,2085,0,44.7002398081535,10.599520383693,44.7002398081535
24,421,3,0,2,2,957,0,693,782,"Equilibre","073891b7-a928-4ff0-83e3-56f4d1a6315e","7bdf6ed6-acf9-4a7b-84fe-7e4f96f9582a","France",7,0,28.5714285714286,42.8571428571429,28.5714285714286,2432,0,28.4950657894737,39.3503289473684,32.1546052631579
25,421,1,0,6,3,88,0,3147,1777,"Equilibre","cc933e0b-091f-4ef4-bfc8-11f2076d4396","7bdf6ed6-acf9-4a7b-84fe-7e4f96f9582a","France",10,0,60,10,30,5012,0,62.7893056664006,1.75578611332801,35.4549082202713
26,421,3,0,3,4,645,0,854,1002,"PresqueEquilibre","4ed0a862-3163-449b-bb48-ca8b9ce3add0","7bdf6ed6-acf9-4a7b-84fe-7e4f96f9582a","France",10,0,30,30,40,2501,0,34.1463414634146,25.7896841263495,40.0639744102359
27,421,0,0,3,1,0,0,1191,220,"PresqueEquilibre","473d2e90-02dd-483e-ad19-3966ec20050a","7bdf6ed6-acf9-4a7b-84fe-7e4f96f9582a","France",4,0,75,0,25,1411,0,84.4082211197732,0,15.5917788802268
28,421,0,0,2,2,0,0,412,412,"PasEquilibre","03964ff9-d24f-4a0a-a492-3a177e16eb11","7bdf6ed6-acf9-4a7b-84fe-7e4f96f9582a","France",4,0,50,0,50,824,0,50,0,50
29,421,1,0,1,0,158,0,970,0,"PresqueEquilibre","e87291fb-8da5-4c7a-af30-4413737f2401","7bdf6ed6-acf9-4a7b-84fe-7e4f96f9582a","France",2,0,50,50,0,1128,0,85.9929078014184,14.0070921985816,0
35,421,8,0,5,4,2306,0,2171,2096,"PasEquilibre","915ec45f-204b-411d-8ed7-7fdecb385e39","7bdf6ed6-acf9-4a7b-84fe-7e4f96f9582a","France",17,0,29.4117647058824,47.0588235294118,23.5294117647059,6573,0,33.0290582686749,35.0829149551194,31.8880267762057
37,421,2,0,4,3,943,0,2603,2247,"Equilibre","38c90b27-ea8c-4111-a922-4e81390fefab","7bdf6ed6-acf9-4a7b-84fe-7e4f96f9582a","France",9,0,44.4444444444444,22.2222222222222,33.3333333333333,5793,0,44.9335404798895,16.2782668738132,38.7881926462973
30,421,1,0,1,1,233,0,442,442,"PasEquilibre","4436282c-7d0f-4334-ba8d-80b7cfe2b849","7bdf6ed6-acf9-4a7b-84fe-7e4f96f9582a","France",3,0,33.3333333333333,33.3333333333333,33.3333333333333,1117,0,39.5702775290958,20.8594449418084,39.5702775290958
31,421,2,0,4,4,138,0,1156,741,"PasEquilibre","98a2ab99-afcb-447e-ae8d-4b96b374e4d7","7bdf6ed6-acf9-4a7b-84fe-7e4f96f9582a","France",10,0,40,20,40,2035,0,56.8058968058968,6.78132678132678,36.4127764127764
32,421,1,0,2,2,300,0,899,899,"Equilibre","6caef30c-9e58-4bd8-bf6a-e3dcac4256f1","7bdf6ed6-acf9-4a7b-84fe-7e4f96f9582a","France",5,0,40,20,40,2098,0,42.8503336510963,14.2993326978074,42.8503336510963
33,421,2,0,1,2,942,0,492,649,"PasEquilibre","c19419a4-de5b-4642-b925-120bf7999f25","7bdf6ed6-acf9-4a7b-84fe-7e4f96f9582a","France",5,0,20,40,40,2083,0,23.6197791646663,45.2232357177148,31.1569851176188
34,421,3,0,2,2,830,0,656,656,"PresqueEquilibre","0cd83ffd-f258-4775-a358-c55074060d88","7bdf6ed6-acf9-4a7b-84fe-7e4f96f9582a","France",7,0,28.5714285714286,42.8571428571429,28.5714285714286,2142,0,30.62558356676,38.7488328664799,30.62558356676
36,421,1,0,3,2,34,0,430,204,"PasEquilibre","5b5b9eb7-f06a-48a3-b3e8-675a7f2faf18","7bdf6ed6-acf9-4a7b-84fe-7e4f96f9582a","France",6,0,50,16.6666666666667,33.3333333333333,668,0,64.3712574850299,5.08982035928144,30.5389221556886
38,489,9,6,7,0,3027,1957,2262,0,"Equilibre","199d1269-1d8a-420a-a986-1f4f2ab4355f","cc2a8b56-732c-4e4c-a058-248783b68587","South Korea",22,27.2727272727273,31.8181818181818,40.9090909090909,0,7246,27.0080044162296,31.2172232956114,41.774772288159,0
39,489,3,4,5,0,1369,1654,1847,0,"PresqueEquilibre","fd0537e8-3103-47f8-9998-44570bb8a45e","cc2a8b56-732c-4e4c-a058-248783b68587","South Korea",12,33.3333333333333,41.6666666666667,25,0,4870,33.9630390143737,37.9260780287474,28.1108829568789,0
40,489,5,2,2,0,2014,1358,1358,0,"Equilibre","e433aa11-cdb7-4733-88a9-7067cf52299b","cc2a8b56-732c-4e4c-a058-248783b68587","South Korea",9,22.2222222222222,22.2222222222222,55.5555555555556,0,4730,28.7103594080338,28.7103594080338,42.5792811839324,0
41,489,3,2,3,0,1010,1184,1394,0,"Equilibre","149c1889-4e83-4153-b763-54fb60e60d99","cc2a8b56-732c-4e4c-a058-248783b68587","South Korea",8,25,37.5,37.5,0,3588,32.9988851727982,38.8517279821628,28.149386845039,0
42,489,5,2,4,0,1510,659,1021,0,"Equilibre","14229a71-f44e-4149-9f3c-aa7415691eae","cc2a8b56-732c-4e4c-a058-248783b68587","South Korea",11,18.1818181818182,36.3636363636364,45.4545454545455,0,3190,20.6583072100313,32.0062695924765,47.3354231974922,0
43,489,5,4,4,0,3053,2708,2708,0,"PresqueEquilibre","a724528f-7fe6-4ad6-bba1-21cb02db2af5","cc2a8b56-732c-4e4c-a058-248783b68587","South Korea",13,30.7692307692308,30.7692307692308,38.4615384615385,0,8469,31.9754398394143,31.9754398394143,36.0491203211713,0
44,489,1,1,2,0,128,789,913,0,"Equilibre","4f5ae77c-6112-401a-93d1-3bf44bd1ccbe","cc2a8b56-732c-4e4c-a058-248783b68587","South Korea",4,25,50,25,0,1830,43.1147540983607,49.8907103825137,6.99453551912568,0
46,489,4,2,2,0,2013,252,252,0,"Equilibre","4f147d0e-54ac-4b89-a269-aaa7819fb0ef","cc2a8b56-732c-4e4c-a058-248783b68587","South Korea",8,25,25,50,0,2517,10.0119189511323,10.0119189511323,79.9761620977354,0
45,489,9,3,4,0,2854,1276,1527,0,"Equilibre","c464d108-c77f-41e7-bcbc-d5855c9a7968","cc2a8b56-732c-4e4c-a058-248783b68587","South Korea",16,18.75,25,56.25,0,5657,22.5561251546756,26.9931058865123,50.4507689588121,0
47,489,3,1,2,0,570,319,464,0,"PresqueEquilibre","b20e7a20-ca68-410c-8214-fbb92bfdfe17","cc2a8b56-732c-4e4c-a058-248783b68587","South Korea",6,16.6666666666667,33.3333333333333,50,0,1353,23.5772357723577,34.2941611234294,42.1286031042129,0
48,489,2,3,4,0,1059,1000,1113,0,"PresqueEquilibre","131f7620-d15d-4560-86ab-564145745b9b","cc2a8b56-732c-4e4c-a058-248783b68587","South Korea",9,33.3333333333333,44.4444444444444,22.2222222222222,0,3172,31.5258511979823,35.0882723833544,33.3858764186633,0
2,489,0,0,1,0,0,0,526,0,"Equilibre","131ecf76-b806-4557-b2c0-183a418357ba","cc2a8b56-732c-4e4c-a058-248783b68587","South Korea",1,0,100,0,0,526,0,100,0,0
3,489,2,1,3,0,248,559,1057,0,"Equilibre","10e732f6-9a6a-474a-82e2-a4060fc8dffe","cc2a8b56-732c-4e4c-a058-248783b68587","South Korea",6,16.6666666666667,50,33.3333333333333,0,1864,29.9892703862661,56.706008583691,13.3047210300429,0
4,489,9,3,3,0,2372,1302,1302,0,"PasEquilibre","646465ef-0ad6-44cc-bd31-de24e1487943","cc2a8b56-732c-4e4c-a058-248783b68587","South Korea",15,20,20,60,0,4976,26.1655948553055,26.1655948553055,47.6688102893891,0
6,489,3,2,3,0,1443,982,1061,0,"Equilibre","aa2c1d96-ec88-4bcb-8d0e-e2b0c7632af1","cc2a8b56-732c-4e4c-a058-248783b68587","South Korea",8,25,37.5,37.5,0,3486,28.1698221457258,30.4360298336202,41.394148020654,0
5,489,5,1,1,0,1498,431,431,0,"Equilibre","9610f0dd-ff9f-4bd4-b311-459a04f965ca","cc2a8b56-732c-4e4c-a058-248783b68587","South Korea",7,14.2857142857143,14.2857142857143,71.4285714285714,0,2360,18.2627118644068,18.2627118644068,63.4745762711864,0
7,489,2,3,8,0,403,1487,2508,0,"Equilibre","df6523cd-3270-4298-8d6f-00aa8e9455e6","cc2a8b56-732c-4e4c-a058-248783b68587","South Korea",13,23.0769230769231,61.5384615384615,15.3846153846154,0,4398,33.8108231014097,57.0259208731242,9.16325602546612,0
8,489,0,4,8,0,0,2547,4119,0,"PresqueEquilibre","54c68134-2c2a-4f2e-974b-32310830af0e","cc2a8b56-732c-4e4c-a058-248783b68587","South Korea",12,33.3333333333333,66.6666666666667,0,0,6666,38.2088208820882,61.7911791179118,0,0
9,489,2,3,4,0,421,1248,1476,0,"Equilibre","055d198c-f8b0-47b7-9eb3-94fc57808f93","cc2a8b56-732c-4e4c-a058-248783b68587","South Korea",9,33.3333333333333,44.4444444444444,22.2222222222222,0,3145,39.6820349761526,46.9316375198728,13.3863275039746,0
10,489,4,2,4,0,953,317,1072,0,"PresqueEquilibre","cea293cd-b0b1-40ea-8e71-756b3956e8ad","cc2a8b56-732c-4e4c-a058-248783b68587","South Korea",10,20,40,40,0,2342,13.535439795047,45.7728437233134,40.6917164816396,0
11,489,2,2,2,0,1925,131,131,0,"Equilibre","de86783a-ac86-419a-a230-dad6b421fba4","cc2a8b56-732c-4e4c-a058-248783b68587","South Korea",6,33.3333333333333,33.3333333333333,33.3333333333333,0,2187,5.98994055784179,5.98994055784179,88.0201188843164,0
14,489,0,1,1,0,0,175,175,0,"PresqueEquilibre","9f8068fd-f5cc-4e1a-946a-c9beb8b4d05a","cc2a8b56-732c-4e4c-a058-248783b68587","South Korea",2,50,50,0,0,350,50,50,0,0
13,489,2,1,1,0,594,704,704,0,"Equilibre","06026e76-f9a4-4fb9-877d-bcd33373cdab","cc2a8b56-732c-4e4c-a058-248783b68587","South Korea",4,25,25,50,0,2002,35.1648351648352,35.1648351648352,29.6703296703297,0
16,489,4,1,1,0,761,16,16,0,"Equilibre","27e050a3-45e8-4076-9c25-32be9040da4e","cc2a8b56-732c-4e4c-a058-248783b68587","South Korea",6,16.6666666666667,16.6666666666667,66.6666666666667,0,793,2.01765447667087,2.01765447667087,95.9646910466583,0
15,489,12,3,4,0,1745,848,991,0,"Equilibre","4995f6d3-50ed-427d-9cf2-4ea0b81a229c","cc2a8b56-732c-4e4c-a058-248783b68587","South Korea",19,15.7894736842105,21.0526315789474,63.1578947368421,0,3584,23.6607142857143,27.6506696428571,48.6886160714286,0
17,489,1,2,4,0,182,689,885,0,"PresqueEquilibre","398e712a-fae6-451d-83c9-a7e500227e62","cc2a8b56-732c-4e4c-a058-248783b68587","South Korea",7,28.5714285714286,57.1428571428571,14.2857142857143,0,1756,39.2369020501139,50.3986332574032,10.3644646924829,0
19,489,0,5,9,0,0,1583,3876,0,"Equilibre","65681129-f83c-4293-9ce3-9d1429367fd0","cc2a8b56-732c-4e4c-a058-248783b68587","South Korea",14,35.7142857142857,64.2857142857143,0,0,5459,28.9979849789339,71.0020150210661,0,0
18,489,9,5,7,0,2722,2671,3077,0,"PresqueEquilibre","035a43cf-cf88-4675-85e7-11eeb0b3641c","cc2a8b56-732c-4e4c-a058-248783b68587","South Korea",21,23.8095238095238,33.3333333333333,42.8571428571429,0,8470,31.5348288075561,36.3282172373081,32.1369539551358,0
20,489,2,1,2,0,442,361,389,0,"Equilibre","aaf1dbcb-3748-4740-a2e0-58e7c1cb9f78","cc2a8b56-732c-4e4c-a058-248783b68587","South Korea",5,20,40,40,0,1192,30.2852348993289,32.6342281879195,37.0805369127517,0
21,489,0,3,3,0,0,1036,1036,0,"Equilibre","bf743fbf-9be2-49a1-bf7e-0b53276e6529","cc2a8b56-732c-4e4c-a058-248783b68587","South Korea",6,50,50,0,0,2072,50,50,0,0
23,489,1,1,1,0,534,1394,1394,0,"Equilibre","cd0a0a46-7676-4bf0-ad03-2e83bd565fee","cc2a8b56-732c-4e4c-a058-248783b68587","South Korea",3,33.3333333333333,33.3333333333333,33.3333333333333,0,3322,41.9626730885009,41.9626730885009,16.0746538229982,0
22,489,0,1,2,0,0,1656,2079,0,"Equilibre","9577727a-fa45-4185-9778-4a56a41cf0f6","cc2a8b56-732c-4e4c-a058-248783b68587","South Korea",3,33.3333333333333,66.6666666666667,0,0,3735,44.3373493975904,55.6626506024096,0,0
24,489,1,1,1,0,32,2716,2716,0,"Equilibre","073891b7-a928-4ff0-83e3-56f4d1a6315e","cc2a8b56-732c-4e4c-a058-248783b68587","South Korea",3,33.3333333333333,33.3333333333333,33.3333333333333,0,5464,49.7071742313324,49.7071742313324,0.585651537335286,0
25,489,2,5,7,0,441,3403,3837,0,"PresqueEquilibre","cc933e0b-091f-4ef4-bfc8-11f2076d4396","cc2a8b56-732c-4e4c-a058-248783b68587","South Korea",14,35.7142857142857,50,14.2857142857143,0,7681,44.3041270667882,49.9544330165343,5.74143991667752,0
26,489,1,1,2,0,78,759,1147,0,"Equilibre","4ed0a862-3163-449b-bb48-ca8b9ce3add0","cc2a8b56-732c-4e4c-a058-248783b68587","South Korea",4,25,50,25,0,1984,38.2560483870968,57.8125,3.93145161290323,0
27,489,1,1,3,0,118,536,1140,0,"Equilibre","473d2e90-02dd-483e-ad19-3966ec20050a","cc2a8b56-732c-4e4c-a058-248783b68587","South Korea",5,20,60,20,0,1794,29.8773690078038,63.5451505016722,6.57748049052397,0
28,489,5,1,1,0,1828,353,353,0,"PresqueEquilibre","03964ff9-d24f-4a0a-a492-3a177e16eb11","cc2a8b56-732c-4e4c-a058-248783b68587","South Korea",7,14.2857142857143,14.2857142857143,71.4285714285714,0,2534,13.930544593528,13.930544593528,72.138910812944,0
29,489,3,1,2,0,74,576,726,0,"Equilibre","e87291fb-8da5-4c7a-af30-4413737f2401","cc2a8b56-732c-4e4c-a058-248783b68587","South Korea",6,16.6666666666667,33.3333333333333,50,0,1376,41.8604651162791,52.7616279069767,5.37790697674419,0
35,489,6,4,5,0,892,3836,4648,0,"Equilibre","915ec45f-204b-411d-8ed7-7fdecb385e39","cc2a8b56-732c-4e4c-a058-248783b68587","South Korea",15,26.6666666666667,33.3333333333333,40,0,9376,40.9129692832765,49.5733788395904,9.51365187713311,0
37,489,3,0,0,0,1328,0,0,0,"Equilibre","38c90b27-ea8c-4111-a922-4e81390fefab","cc2a8b56-732c-4e4c-a058-248783b68587","South Korea",3,0,0,100,0,1328,0,0,100,0
30,489,1,1,1,0,706,266,266,0,"Equilibre","4436282c-7d0f-4334-ba8d-80b7cfe2b849","cc2a8b56-732c-4e4c-a058-248783b68587","South Korea",3,33.3333333333333,33.3333333333333,33.3333333333333,0,1238,21.486268174475,21.486268174475,57.0274636510501,0
31,489,1,2,3,0,702,392,1717,0,"Equilibre","98a2ab99-afcb-447e-ae8d-4b96b374e4d7","cc2a8b56-732c-4e4c-a058-248783b68587","South Korea",6,33.3333333333333,50,16.6666666666667,0,2811,13.9452152258983,61.0814656705799,24.9733191035219,0
32,489,1,2,2,0,288,1173,1173,0,"Equilibre","6caef30c-9e58-4bd8-bf6a-e3dcac4256f1","cc2a8b56-732c-4e4c-a058-248783b68587","South Korea",5,40,40,20,0,2634,44.5330296127563,44.5330296127563,10.9339407744875,0
33,489,1,1,2,0,287,1184,1731,0,"PresqueEquilibre","c19419a4-de5b-4642-b925-120bf7999f25","cc2a8b56-732c-4e4c-a058-248783b68587","South Korea",4,25,50,25,0,3202,36.9768894440974,54.0599625234229,8.9631480324797,0
34,489,4,2,4,0,525,695,1590,0,"Equilibre","0cd83ffd-f258-4775-a358-c55074060d88","cc2a8b56-732c-4e4c-a058-248783b68587","South Korea",10,20,40,40,0,2810,24.7330960854093,56.5836298932384,18.6832740213523,0
36,489,1,2,3,0,140,1663,1915,0,"PresqueEquilibre","5b5b9eb7-f06a-48a3-b3e8-675a7f2faf18","cc2a8b56-732c-4e4c-a058-248783b68587","South Korea",6,33.3333333333333,50,16.6666666666667,0,3718,44.7283485745024,51.5061861215707,3.76546530392684,0
38,327,1,8,4,0,218,2305,831,0,"PresqueEquilibre","199d1269-1d8a-420a-a986-1f4f2ab4355f","dd13fcba-0ae1-43d3-9d32-1672ed84f151","USA",13,61.5384615384615,30.7692307692308,7.69230769230769,0,3354,68.7239117471676,24.7763864042934,6.49970184853906,0
39,327,0,1,4,1,0,31,1901,647,"PasEquilibre","fd0537e8-3103-47f8-9998-44570bb8a45e","dd13fcba-0ae1-43d3-9d32-1672ed84f151","USA",6,16.6666666666667,66.6666666666667,0,16.6666666666667,2579,1.20201628538193,73.7107405971307,0,25.0872431174874
41,327,3,5,1,1,340,1228,223,177,"PresqueEquilibre","149c1889-4e83-4153-b763-54fb60e60d99","dd13fcba-0ae1-43d3-9d32-1672ed84f151","USA",10,50,10,30,10,1968,62.3983739837398,11.3313008130081,17.2764227642276,8.99390243902439
42,327,3,4,3,0,1511,1030,2445,0,"PresqueEquilibre","14229a71-f44e-4149-9f3c-aa7415691eae","dd13fcba-0ae1-43d3-9d32-1672ed84f151","USA",10,40,30,30,0,4986,20.6578419574809,49.0373044524669,30.3048535900521,0
43,327,1,2,2,1,229,1094,306,437,"PasEquilibre","a724528f-7fe6-4ad6-bba1-21cb02db2af5","dd13fcba-0ae1-43d3-9d32-1672ed84f151","USA",6,33.3333333333333,33.3333333333333,16.6666666666667,16.6666666666667,2066,52.9525653436592,14.811229428848,11.0842207163601,21.1519845111326
44,327,1,0,1,0,347,0,294,0,"PasEquilibre","4f5ae77c-6112-401a-93d1-3bf44bd1ccbe","dd13fcba-0ae1-43d3-9d32-1672ed84f151","USA",2,0,50,50,0,641,0,45.8658346333853,54.1341653666147,0
46,327,2,3,1,0,398,545,529,0,"PasEquilibre","4f147d0e-54ac-4b89-a269-aaa7819fb0ef","dd13fcba-0ae1-43d3-9d32-1672ed84f151","USA",6,50,16.6666666666667,33.3333333333333,0,1472,37.0244565217391,35.9375,27.0380434782609,0
45,327,0,4,4,1,0,1528,2350,167,"PresqueEquilibre","c464d108-c77f-41e7-bcbc-d5855c9a7968","dd13fcba-0ae1-43d3-9d32-1672ed84f151","USA",9,44.4444444444444,44.4444444444444,0,11.1111111111111,4045,37.7750309023486,58.0964153275649,0,4.12855377008653
47,327,1,2,1,0,189,599,779,0,"PasEquilibre","b20e7a20-ca68-410c-8214-fbb92bfdfe17","dd13fcba-0ae1-43d3-9d32-1672ed84f151","USA",4,50,25,25,0,1567,38.2259093809828,49.7128270580727,12.0612635609445,0
48,327,0,1,2,0,0,117,937,0,"PasEquilibre","131f7620-d15d-4560-86ab-564145745b9b","dd13fcba-0ae1-43d3-9d32-1672ed84f151","USA",3,33.3333333333333,66.6666666666667,0,0,1054,11.1005692599621,88.899430740038,0,0
2,327,0,0,1,0,0,0,1088,0,"PasEquilibre","131ecf76-b806-4557-b2c0-183a418357ba","dd13fcba-0ae1-43d3-9d32-1672ed84f151","USA",1,0,100,0,0,1088,0,100,0,0
3,327,0,2,1,0,0,306,754,0,"PasEquilibre","10e732f6-9a6a-474a-82e2-a4060fc8dffe","dd13fcba-0ae1-43d3-9d32-1672ed84f151","USA",3,66.6666666666667,33.3333333333333,0,0,1060,28.8679245283019,71.1320754716981,0,0
4,327,7,3,1,6,1981,1192,225,1639,"PresqueEquilibre","646465ef-0ad6-44cc-bd31-de24e1487943","dd13fcba-0ae1-43d3-9d32-1672ed84f151","USA",17,17.6470588235294,5.88235294117647,41.1764705882353,35.2941176470588,5037,23.6648798888227,4.46694460988684,39.3289656541592,32.5392098471312
6,327,2,3,2,1,141,1197,1630,369,"PasEquilibre","aa2c1d96-ec88-4bcb-8d0e-e2b0c7632af1","dd13fcba-0ae1-43d3-9d32-1672ed84f151","USA",8,37.5,25,25,12.5,3337,35.8705424033563,48.8462691039856,4.22535211267606,11.057836379982
5,327,3,4,1,2,359,784,198,566,"PresqueEquilibre","9610f0dd-ff9f-4bd4-b311-459a04f965ca","dd13fcba-0ae1-43d3-9d32-1672ed84f151","USA",10,40,10,30,20,1907,41.1116937598322,10.3828002097535,18.8253801782905,29.6801258521238
7,327,1,1,0,2,238,437,0,930,"PasEquilibre","df6523cd-3270-4298-8d6f-00aa8e9455e6","dd13fcba-0ae1-43d3-9d32-1672ed84f151","USA",4,25,0,25,50,1605,27.2274143302181,0,14.8286604361371,57.9439252336449
8,327,1,0,0,1,576,0,0,942,"PasEquilibre","54c68134-2c2a-4f2e-974b-32310830af0e","dd13fcba-0ae1-43d3-9d32-1672ed84f151","USA",2,0,0,50,50,1518,0,0,37.9446640316205,62.0553359683794
9,327,0,1,2,0,0,111,358,0,"PasEquilibre","055d198c-f8b0-47b7-9eb3-94fc57808f93","dd13fcba-0ae1-43d3-9d32-1672ed84f151","USA",3,33.3333333333333,66.6666666666667,0,0,469,23.6673773987207,76.3326226012793,0,0
10,327,1,2,3,1,179,444,575,250,"PasEquilibre","cea293cd-b0b1-40ea-8e71-756b3956e8ad","dd13fcba-0ae1-43d3-9d32-1672ed84f151","USA",7,28.5714285714286,42.8571428571429,14.2857142857143,14.2857142857143,1448,30.6629834254144,39.7099447513812,12.3618784530387,17.2651933701657
11,327,0,1,2,2,0,567,387,386,"PasEquilibre","de86783a-ac86-419a-a230-dad6b421fba4","dd13fcba-0ae1-43d3-9d32-1672ed84f151","USA",5,20,40,0,40,1340,42.3134328358209,28.8805970149254,0,28.8059701492537
14,327,1,3,2,2,15,631,429,570,"Equilibre","9f8068fd-f5cc-4e1a-946a-c9beb8b4d05a","dd13fcba-0ae1-43d3-9d32-1672ed84f151","USA",8,37.5,25,12.5,25,1645,38.3586626139818,26.0790273556231,0.911854103343465,34.6504559270517
13,327,3,1,3,1,881,448,1216,32,"Equilibre","06026e76-f9a4-4fb9-877d-bcd33373cdab","dd13fcba-0ae1-43d3-9d32-1672ed84f151","USA",8,12.5,37.5,37.5,12.5,2577,17.3845556849049,47.186651144742,34.1870391928599,1.24175397749321
16,327,0,0,4,2,0,0,2044,393,"PasEquilibre","27e050a3-45e8-4076-9c25-32be9040da4e","dd13fcba-0ae1-43d3-9d32-1672ed84f151","USA",6,0,66.6666666666667,0,33.3333333333333,2437,0,83.8736151005334,0,16.1263848994666
15,327,2,2,2,0,492,1342,245,0,"PasEquilibre","4995f6d3-50ed-427d-9cf2-4ea0b81a229c","dd13fcba-0ae1-43d3-9d32-1672ed84f151","USA",6,33.3333333333333,33.3333333333333,33.3333333333333,0,2079,64.5502645502645,11.7845117845118,23.6652236652237,0
17,327,1,0,0,2,64,0,0,191,"PasEquilibre","398e712a-fae6-451d-83c9-a7e500227e62","dd13fcba-0ae1-43d3-9d32-1672ed84f151","USA",3,0,0,33.3333333333333,66.6666666666667,255,0,0,25.0980392156863,74.9019607843137
19,327,2,4,2,2,559,1443,584,628,"PresqueEquilibre","65681129-f83c-4293-9ce3-9d1429367fd0","dd13fcba-0ae1-43d3-9d32-1672ed84f151","USA",10,40,20,20,20,3214,44.8973242065961,18.170504044804,17.3926571250778,19.5395146235221
18,327,1,1,3,2,17,509,899,492,"PasEquilibre","035a43cf-cf88-4675-85e7-11eeb0b3641c","dd13fcba-0ae1-43d3-9d32-1672ed84f151","USA",7,14.2857142857143,42.8571428571429,14.2857142857143,28.5714285714286,1917,26.5519040166928,46.8961919666145,0.886802295253,25.6651017214397
20,327,2,3,2,1,84,305,34,305,"PasEquilibre","aaf1dbcb-3748-4740-a2e0-58e7c1cb9f78","dd13fcba-0ae1-43d3-9d32-1672ed84f151","USA",8,37.5,25,25,12.5,728,41.8956043956044,4.67032967032967,11.5384615384615,41.8956043956044
21,327,1,0,2,1,317,0,1147,556,"Equilibre","bf743fbf-9be2-49a1-bf7e-0b53276e6529","dd13fcba-0ae1-43d3-9d32-1672ed84f151","USA",4,0,50,25,25,2020,0,56.7821782178218,15.6930693069307,27.5247524752475
23,327,0,0,1,0,0,0,1713,0,"PasEquilibre","cd0a0a46-7676-4bf0-ad03-2e83bd565fee","dd13fcba-0ae1-43d3-9d32-1672ed84f151","USA",1,0,100,0,0,1713,0,100,0,0
22,327,1,0,1,1,334,0,349,335,"Equilibre","9577727a-fa45-4185-9778-4a56a41cf0f6","dd13fcba-0ae1-43d3-9d32-1672ed84f151","USA",3,0,33.3333333333333,33.3333333333333,33.3333333333333,1018,0,34.2829076620825,32.8094302554028,32.9076620825147
24,327,0,2,1,0,0,423,3231,0,"PasEquilibre","073891b7-a928-4ff0-83e3-56f4d1a6315e","dd13fcba-0ae1-43d3-9d32-1672ed84f151","USA",3,66.6666666666667,33.3333333333333,0,0,3654,11.576354679803,88.423645320197,0,0
25,327,2,2,3,2,719,412,1030,402,"PresqueEquilibre","cc933e0b-091f-4ef4-bfc8-11f2076d4396","dd13fcba-0ae1-43d3-9d32-1672ed84f151","USA",9,22.2222222222222,33.3333333333333,22.2222222222222,22.2222222222222,2563,16.0749122122513,40.1872805306282,28.0530628170113,15.6847444401092
26,327,1,1,4,0,151,690,1761,0,"PresqueEquilibre","4ed0a862-3163-449b-bb48-ca8b9ce3add0","dd13fcba-0ae1-43d3-9d32-1672ed84f151","USA",6,16.6666666666667,66.6666666666667,16.6666666666667,0,2602,26.5180630284397,67.6787086856264,5.8032282859339,0
27,327,0,2,1,0,0,399,753,0,"PasEquilibre","473d2e90-02dd-483e-ad19-3966ec20050a","dd13fcba-0ae1-43d3-9d32-1672ed84f151","USA",3,66.6666666666667,33.3333333333333,0,0,1152,34.6354166666667,65.3645833333333,0,0
28,327,0,1,1,0,0,509,380,0,"PasEquilibre","03964ff9-d24f-4a0a-a492-3a177e16eb11","dd13fcba-0ae1-43d3-9d32-1672ed84f151","USA",2,50,50,0,0,889,57.2553430821147,42.7446569178853,0,0
29,327,0,2,1,0,0,1323,248,0,"PresqueEquilibre","e87291fb-8da5-4c7a-af30-4413737f2401","dd13fcba-0ae1-43d3-9d32-1672ed84f151","USA",3,66.6666666666667,33.3333333333333,0,0,1571,84.2138765117759,15.7861234882241,0,0
35,327,0,4,1,0,0,1487,793,0,"PasEquilibre","915ec45f-204b-411d-8ed7-7fdecb385e39","dd13fcba-0ae1-43d3-9d32-1672ed84f151","USA",5,80,20,0,0,2280,65.219298245614,34.780701754386,0,0
37,327,0,3,1,0,0,613,394,0,"PasEquilibre","38c90b27-ea8c-4111-a922-4e81390fefab","dd13fcba-0ae1-43d3-9d32-1672ed84f151","USA",4,75,25,0,0,1007,60.8738828202582,39.1261171797418,0,0
30,327,0,1,2,0,0,380,297,0,"PresqueEquilibre","4436282c-7d0f-4334-ba8d-80b7cfe2b849","dd13fcba-0ae1-43d3-9d32-1672ed84f151","USA",3,33.3333333333333,66.6666666666667,0,0,677,56.1299852289512,43.8700147710487,0,0
31,327,1,2,3,1,190,617,532,42,"PasEquilibre","98a2ab99-afcb-447e-ae8d-4b96b374e4d7","dd13fcba-0ae1-43d3-9d32-1672ed84f151","USA",7,28.5714285714286,42.8571428571429,14.2857142857143,14.2857142857143,1381,44.6777697320782,38.5228095582911,13.7581462708182,3.04127443881245
32,327,1,0,1,1,252,0,606,284,"PasEquilibre","6caef30c-9e58-4bd8-bf6a-e3dcac4256f1","dd13fcba-0ae1-43d3-9d32-1672ed84f151","USA",3,0,33.3333333333333,33.3333333333333,33.3333333333333,1142,0,53.0647985989492,22.0665499124343,24.8686514886165
33,327,5,3,4,1,274,1377,1896,513,"PasEquilibre","c19419a4-de5b-4642-b925-120bf7999f25","dd13fcba-0ae1-43d3-9d32-1672ed84f151","USA",13,23.0769230769231,30.7692307692308,38.4615384615385,7.69230769230769,4060,33.9162561576355,46.6995073891626,6.7487684729064,12.6354679802956
34,327,0,0,2,0,0,0,3142,0,"PasEquilibre","0cd83ffd-f258-4775-a358-c55074060d88","dd13fcba-0ae1-43d3-9d32-1672ed84f151","USA",2,0,100,0,0,3142,0,100,0,0
36,327,0,0,0,1,0,0,0,327,"PasEquilibre","5b5b9eb7-f06a-48a3-b3e8-675a7f2faf18","dd13fcba-0ae1-43d3-9d32-1672ed84f151","USA",1,0,0,0,100,327,0,0,0,100
38,238,1,0,2,0,80,0,3744,0,"Equilibre","199d1269-1d8a-420a-a986-1f4f2ab4355f","6afda059-04a5-4308-b776-a532ed142284","Italy",3,0,66.6666666666667,33.3333333333333,0,3824,0,97.907949790795,2.09205020920502,0
39,238,2,2,1,2,423,534,755,1055,"Equilibre","fd0537e8-3103-47f8-9998-44570bb8a45e","6afda059-04a5-4308-b776-a532ed142284","Italy",7,28.5714285714286,14.2857142857143,28.5714285714286,28.5714285714286,2767,19.2988796530538,27.2858691723889,15.2873147813516,38.1279363932056
40,238,2,2,3,1,719,109,1036,94,"Equilibre","e433aa11-cdb7-4733-88a9-7067cf52299b","6afda059-04a5-4308-b776-a532ed142284","Italy",8,25,37.5,25,12.5,1958,5.56690500510725,52.9111338100102,36.7211440245148,4.80081716036772
41,238,3,3,0,2,954,871,0,322,"Equilibre","149c1889-4e83-4153-b763-54fb60e60d99","6afda059-04a5-4308-b776-a532ed142284","Italy",8,37.5,0,37.5,25,2147,40.5682347461574,0,44.4340940847694,14.9976711690731
42,238,1,1,1,1,720,726,468,217,"Equilibre","14229a71-f44e-4149-9f3c-aa7415691eae","6afda059-04a5-4308-b776-a532ed142284","Italy",4,25,25,25,25,2131,34.0685124354763,21.9615204129517,33.7869544814641,10.1830126701079
43,238,0,1,1,0,0,1244,4743,0,"PresqueEquilibre","a724528f-7fe6-4ad6-bba1-21cb02db2af5","6afda059-04a5-4308-b776-a532ed142284","Italy",2,50,50,0,0,5987,20.7783530983798,79.2216469016202,0,0
44,238,1,1,0,1,330,113,0,343,"PresqueEquilibre","4f5ae77c-6112-401a-93d1-3bf44bd1ccbe","6afda059-04a5-4308-b776-a532ed142284","Italy",3,33.3333333333333,0,33.3333333333333,33.3333333333333,786,14.3765903307888,0,41.9847328244275,43.6386768447837
46,238,2,2,2,1,839,616,269,302,"Equilibre","4f147d0e-54ac-4b89-a269-aaa7819fb0ef","6afda059-04a5-4308-b776-a532ed142284","Italy",7,28.5714285714286,28.5714285714286,28.5714285714286,14.2857142857143,2026,30.4047384007897,13.2773938795656,41.4116485686081,14.9062191510365
45,238,5,4,3,2,495,915,408,1530,"Equilibre","c464d108-c77f-41e7-bcbc-d5855c9a7968","6afda059-04a5-4308-b776-a532ed142284","Italy",14,28.5714285714286,21.4285714285714,35.7142857142857,14.2857142857143,3348,27.3297491039427,12.1863799283154,14.7849462365591,45.6989247311828
47,238,0,1,2,0,0,563,696,0,"Equilibre","b20e7a20-ca68-410c-8214-fbb92bfdfe17","6afda059-04a5-4308-b776-a532ed142284","Italy",3,33.3333333333333,66.6666666666667,0,0,1259,44.7180301826847,55.2819698173153,0,0
48,238,2,2,4,0,979,109,1623,0,"PasEquilibre","131f7620-d15d-4560-86ab-564145745b9b","6afda059-04a5-4308-b776-a532ed142284","Italy",8,25,50,25,0,2711,4.02065658428624,59.8672076724456,36.1121357432682,0
2,238,0,1,0,0,0,894,0,0,"PresqueEquilibre","131ecf76-b806-4557-b2c0-183a418357ba","6afda059-04a5-4308-b776-a532ed142284","Italy",1,100,0,0,0,894,100,0,0,0
3,238,3,5,2,3,1225,1692,497,1516,"PresqueEquilibre","10e732f6-9a6a-474a-82e2-a4060fc8dffe","6afda059-04a5-4308-b776-a532ed142284","Italy",13,38.4615384615385,15.3846153846154,23.0769230769231,23.0769230769231,4930,34.3204868154158,10.0811359026369,24.8478701825558,30.7505070993915
4,238,2,5,5,0,389,1065,1860,0,"PasEquilibre","646465ef-0ad6-44cc-bd31-de24e1487943","6afda059-04a5-4308-b776-a532ed142284","Italy",12,41.6666666666667,41.6666666666667,16.6666666666667,0,3314,32.1363910681955,56.125528062764,11.7380808690404,0
6,238,2,2,2,1,150,274,853,569,"Equilibre","aa2c1d96-ec88-4bcb-8d0e-e2b0c7632af1","6afda059-04a5-4308-b776-a532ed142284","Italy",7,28.5714285714286,28.5714285714286,28.5714285714286,14.2857142857143,1846,14.8429035752979,46.2080173347779,8.12567713976165,30.8234019501625
5,238,1,4,3,2,164,351,935,467,"Equilibre","9610f0dd-ff9f-4bd4-b311-459a04f965ca","6afda059-04a5-4308-b776-a532ed142284","Italy",10,40,30,10,20,1917,18.3098591549296,48.774126238915,8.55503390714658,24.3609806990089
7,238,2,3,3,2,643,877,1074,259,"PresqueEquilibre","df6523cd-3270-4298-8d6f-00aa8e9455e6","6afda059-04a5-4308-b776-a532ed142284","Italy",10,30,30,20,20,2853,30.7395723799509,37.6445846477392,22.5376796354714,9.07816333683841
8,238,3,3,2,2,1587,1250,1118,316,"Equilibre","54c68134-2c2a-4f2e-974b-32310830af0e","6afda059-04a5-4308-b776-a532ed142284","Italy",10,30,20,30,20,4271,29.2671505502224,26.1765394521189,37.1575743385624,7.39873565909623
9,238,2,3,2,2,603,1674,677,1939,"PresqueEquilibre","055d198c-f8b0-47b7-9eb3-94fc57808f93","6afda059-04a5-4308-b776-a532ed142284","Italy",9,33.3333333333333,22.2222222222222,22.2222222222222,22.2222222222222,4893,34.2121397915389,13.8360923768649,12.3237277743716,39.6280400572246
10,238,1,1,1,0,221,235,1186,0,"Equilibre","cea293cd-b0b1-40ea-8e71-756b3956e8ad","6afda059-04a5-4308-b776-a532ed142284","Italy",3,33.3333333333333,33.3333333333333,33.3333333333333,0,1642,14.3118148599269,72.2289890377588,13.4591961023142,0
11,238,1,1,1,1,601,159,620,349,"Equilibre","de86783a-ac86-419a-a230-dad6b421fba4","6afda059-04a5-4308-b776-a532ed142284","Italy",4,25,25,25,25,1729,9.19606709080393,35.8588779641411,34.75997686524,20.1850780798149
14,238,1,1,1,1,546,78,869,61,"Equilibre","9f8068fd-f5cc-4e1a-946a-c9beb8b4d05a","6afda059-04a5-4308-b776-a532ed142284","Italy",4,25,25,25,25,1554,5.01930501930502,55.9202059202059,35.1351351351351,3.92535392535393
16,238,0,1,3,0,0,290,1313,0,"Equilibre","27e050a3-45e8-4076-9c25-32be9040da4e","6afda059-04a5-4308-b776-a532ed142284","Italy",4,25,75,0,0,1603,18.0910792264504,81.9089207735496,0,0
15,238,2,2,0,4,400,192,0,1266,"Equilibre","4995f6d3-50ed-427d-9cf2-4ea0b81a229c","6afda059-04a5-4308-b776-a532ed142284","Italy",8,25,0,25,50,1858,10.3336921420883,0,21.5285252960172,68.1377825618945
17,238,0,1,1,0,0,509,175,0,"PresqueEquilibre","398e712a-fae6-451d-83c9-a7e500227e62","6afda059-04a5-4308-b776-a532ed142284","Italy",2,50,50,0,0,684,74.4152046783626,25.5847953216374,0,0
19,238,5,2,1,4,521,728,217,1100,"Equilibre","65681129-f83c-4293-9ce3-9d1429367fd0","6afda059-04a5-4308-b776-a532ed142284","Italy",12,16.6666666666667,8.33333333333333,41.6666666666667,33.3333333333333,2566,28.3710054559626,8.45674201091192,20.3039750584567,42.8682774746687
18,238,1,1,3,1,130,271,1058,321,"Equilibre","035a43cf-cf88-4675-85e7-11eeb0b3641c","6afda059-04a5-4308-b776-a532ed142284","Italy",6,16.6666666666667,50,16.6666666666667,16.6666666666667,1780,15.2247191011236,59.438202247191,7.30337078651685,18.0337078651685
20,238,2,2,4,0,784,786,1126,0,"PresqueEquilibre","aaf1dbcb-3748-4740-a2e0-58e7c1cb9f78","6afda059-04a5-4308-b776-a532ed142284","Italy",8,25,50,25,0,2696,29.1543026706231,41.7655786350148,29.080118694362,0
21,238,1,2,2,0,180,2569,1505,0,"Equilibre","bf743fbf-9be2-49a1-bf7e-0b53276e6529","6afda059-04a5-4308-b776-a532ed142284","Italy",5,40,40,20,0,4254,60.3902209685002,35.3784673248707,4.23131170662905,0
23,238,3,3,2,2,498,589,1469,577,"PresqueEquilibre","cd0a0a46-7676-4bf0-ad03-2e83bd565fee","6afda059-04a5-4308-b776-a532ed142284","Italy",10,30,20,30,20,3133,18.7998723268433,46.8879668049792,15.8953080114906,18.4168528566869
22,238,0,0,1,0,0,0,1373,0,"Equilibre","9577727a-fa45-4185-9778-4a56a41cf0f6","6afda059-04a5-4308-b776-a532ed142284","Italy",1,0,100,0,0,1373,0,100,0,0
24,238,0,1,1,0,0,1965,589,0,"Equilibre","073891b7-a928-4ff0-83e3-56f4d1a6315e","6afda059-04a5-4308-b776-a532ed142284","Italy",2,50,50,0,0,2554,76.938136256852,23.061863743148,0,0
25,238,0,4,2,2,0,1686,2139,392,"Equilibre","cc933e0b-091f-4ef4-bfc8-11f2076d4396","6afda059-04a5-4308-b776-a532ed142284","Italy",8,50,25,0,25,4217,39.9810291676547,50.7232629831634,0,9.29570784918188
26,238,1,2,3,0,138,1133,804,0,"Equilibre","4ed0a862-3163-449b-bb48-ca8b9ce3add0","6afda059-04a5-4308-b776-a532ed142284","Italy",6,33.3333333333333,50,16.6666666666667,0,2075,54.6024096385542,38.7469879518072,6.65060240963855,0
27,238,0,2,2,0,0,906,830,0,"Equilibre","473d2e90-02dd-483e-ad19-3966ec20050a","6afda059-04a5-4308-b776-a532ed142284","Italy",4,50,50,0,0,1736,52.1889400921659,47.8110599078341,0,0
28,238,2,1,2,0,539,300,472,0,"Equilibre","03964ff9-d24f-4a0a-a492-3a177e16eb11","6afda059-04a5-4308-b776-a532ed142284","Italy",5,20,40,40,0,1311,22.883295194508,36.0030511060259,41.1136536994661,0
29,238,1,0,2,0,235,0,763,0,"Equilibre","e87291fb-8da5-4c7a-af30-4413737f2401","6afda059-04a5-4308-b776-a532ed142284","Italy",3,0,66.6666666666667,33.3333333333333,0,998,0,76.4529058116233,23.5470941883768,0
35,238,2,3,5,0,696,971,1737,0,"Equilibre","915ec45f-204b-411d-8ed7-7fdecb385e39","6afda059-04a5-4308-b776-a532ed142284","Italy",10,30,50,20,0,3404,28.5252643948296,51.0282021151586,20.4465334900117,0
37,238,1,0,1,3,230,0,154,531,"Equilibre","38c90b27-ea8c-4111-a922-4e81390fefab","6afda059-04a5-4308-b776-a532ed142284","Italy",5,0,20,20,60,915,0,16.8306010928962,25.1366120218579,58.0327868852459
30,238,1,0,1,0,309,0,179,0,"Equilibre","4436282c-7d0f-4334-ba8d-80b7cfe2b849","6afda059-04a5-4308-b776-a532ed142284","Italy",2,0,50,50,0,488,0,36.6803278688525,63.3196721311475,0
31,238,3,3,3,0,1563,766,665,0,"Equilibre","98a2ab99-afcb-447e-ae8d-4b96b374e4d7","6afda059-04a5-4308-b776-a532ed142284","Italy",9,33.3333333333333,33.3333333333333,33.3333333333333,0,2994,25.5845023380094,22.2110888443554,52.2044088176353,0
32,238,1,1,1,1,15,344,456,262,"Equilibre","6caef30c-9e58-4bd8-bf6a-e3dcac4256f1","6afda059-04a5-4308-b776-a532ed142284","Italy",4,25,25,25,25,1077,31.9405756731662,42.3398328690808,1.39275766016713,24.3268337975859
33,238,0,5,3,3,0,1250,1037,1115,"Equilibre","c19419a4-de5b-4642-b925-120bf7999f25","6afda059-04a5-4308-b776-a532ed142284","Italy",11,45.4545454545455,27.2727272727273,0,27.2727272727273,3402,36.7430922986479,30.4820693709583,0,32.7748383303939
34,238,2,5,4,1,480,1302,841,114,"PasEquilibre","0cd83ffd-f258-4775-a358-c55074060d88","6afda059-04a5-4308-b776-a532ed142284","Italy",12,41.6666666666667,33.3333333333333,16.6666666666667,8.33333333333333,2737,47.5703324808184,30.7270734380709,17.5374497625137,4.165144318597
36,238,1,2,1,0,14,196,111,0,"PresqueEquilibre","5b5b9eb7-f06a-48a3-b3e8-675a7f2faf18","6afda059-04a5-4308-b776-a532ed142284","Italy",4,50,25,25,0,321,61.0591900311526,34.5794392523364,4.3613707165109,0
38,352,4,4,2,0,1770,2052,869,0,"Equilibre","199d1269-1d8a-420a-a986-1f4f2ab4355f","f61f9030-d814-495d-af95-0e643697de64","Brazil",10,40,20,40,0,4691,43.7433383073971,18.5248347900234,37.7318269025794,0
39,352,1,6,3,1,266,2268,151,210,"PresqueEquilibre","fd0537e8-3103-47f8-9998-44570bb8a45e","f61f9030-d814-495d-af95-0e643697de64","Brazil",11,54.5454545454545,27.2727272727273,9.09090909090909,9.09090909090909,2895,78.3419689119171,5.21588946459413,9.18825561312608,7.25388601036269
40,352,2,5,4,0,1571,1779,927,0,"PresqueEquilibre","e433aa11-cdb7-4733-88a9-7067cf52299b","f61f9030-d814-495d-af95-0e643697de64","Brazil",11,45.4545454545455,36.3636363636364,18.1818181818182,0,4277,41.5945756371288,21.6740706102408,36.7313537526303,0
41,352,0,2,2,0,0,2376,264,0,"PresqueEquilibre","149c1889-4e83-4153-b763-54fb60e60d99","f61f9030-d814-495d-af95-0e643697de64","Brazil",4,50,50,0,0,2640,90,10,0,0
42,352,4,4,0,2,1316,1942,0,253,"Equilibre","14229a71-f44e-4149-9f3c-aa7415691eae","f61f9030-d814-495d-af95-0e643697de64","Brazil",10,40,0,40,20,3511,55.3118769581316,0,37.4821988037596,7.2059242381088
43,352,4,5,0,4,705,3395,0,883,"PresqueEquilibre","a724528f-7fe6-4ad6-bba1-21cb02db2af5","f61f9030-d814-495d-af95-0e643697de64","Brazil",13,38.4615384615385,0,30.7692307692308,30.7692307692308,4983,68.1316476018463,0,14.1481035520771,17.7202488460767
44,352,2,2,1,0,744,70,203,0,"Equilibre","4f5ae77c-6112-401a-93d1-3bf44bd1ccbe","f61f9030-d814-495d-af95-0e643697de64","Brazil",5,40,20,40,0,1017,6.88298918387414,19.960668633235,73.1563421828909,0
46,352,1,1,2,0,330,376,750,0,"Equilibre","4f147d0e-54ac-4b89-a269-aaa7819fb0ef","f61f9030-d814-495d-af95-0e643697de64","Brazil",4,25,50,25,0,1456,25.8241758241758,51.510989010989,22.6648351648352,0
45,352,5,4,3,3,1027,402,451,1615,"Equilibre","c464d108-c77f-41e7-bcbc-d5855c9a7968","f61f9030-d814-495d-af95-0e643697de64","Brazil",15,26.6666666666667,20,33.3333333333333,20,3495,11.5021459227468,12.9041487839771,29.3848354792561,46.20886981402
47,352,1,0,1,0,490,0,1004,0,"PresqueEquilibre","b20e7a20-ca68-410c-8214-fbb92bfdfe17","f61f9030-d814-495d-af95-0e643697de64","Brazil",2,0,50,50,0,1494,0,67.2021419009371,32.7978580990629,0
48,352,3,4,1,4,1961,1277,102,1071,"PasEquilibre","131f7620-d15d-4560-86ab-564145745b9b","f61f9030-d814-495d-af95-0e643697de64","Brazil",12,33.3333333333333,8.33333333333333,25,33.3333333333333,4411,28.9503513942417,2.31240081614146,44.4570392201315,24.2802085694854
2,352,1,2,2,0,105,687,483,0,"Equilibre","131ecf76-b806-4557-b2c0-183a418357ba","f61f9030-d814-495d-af95-0e643697de64","Brazil",5,40,40,20,0,1275,53.8823529411765,37.8823529411765,8.23529411764706,0
3,352,4,6,5,3,624,2122,1747,1216,"Equilibre","10e732f6-9a6a-474a-82e2-a4060fc8dffe","f61f9030-d814-495d-af95-0e643697de64","Brazil",18,33.3333333333333,27.7777777777778,22.2222222222222,16.6666666666667,5709,37.1693816780522,30.6008057453144,10.9301103520757,21.2997022245577
4,352,4,2,4,0,1341,308,3185,0,"PasEquilibre","646465ef-0ad6-44cc-bd31-de24e1487943","f61f9030-d814-495d-af95-0e643697de64","Brazil",10,20,40,40,0,4834,6.37153496069508,65.8874637980968,27.7410012412081,0
6,352,3,4,1,2,552,583,45,554,"PresqueEquilibre","aa2c1d96-ec88-4bcb-8d0e-e2b0c7632af1","f61f9030-d814-495d-af95-0e643697de64","Brazil",10,40,10,30,20,1734,33.6216839677047,2.59515570934256,31.8339100346021,31.9492502883506
5,352,3,3,2,0,696,735,595,0,"Equilibre","9610f0dd-ff9f-4bd4-b311-459a04f965ca","f61f9030-d814-495d-af95-0e643697de64","Brazil",8,37.5,25,37.5,0,2026,36.2783810463968,29.3682132280355,34.3534057255676,0
7,352,1,1,1,3,723,140,256,1287,"Equilibre","df6523cd-3270-4298-8d6f-00aa8e9455e6","f61f9030-d814-495d-af95-0e643697de64","Brazil",6,16.6666666666667,16.6666666666667,16.6666666666667,50,2406,5.8187863674148,10.6400665004156,30.0498753117207,53.4912718204489
9,352,0,3,5,0,0,1155,1761,0,"PresqueEquilibre","055d198c-f8b0-47b7-9eb3-94fc57808f93","f61f9030-d814-495d-af95-0e643697de64","Brazil",8,37.5,62.5,0,0,2916,39.6090534979424,60.3909465020576,0,0
10,352,2,2,2,1,310,802,979,273,"PresqueEquilibre","cea293cd-b0b1-40ea-8e71-756b3956e8ad","f61f9030-d814-495d-af95-0e643697de64","Brazil",7,28.5714285714286,28.5714285714286,28.5714285714286,14.2857142857143,2364,33.9255499153976,41.4128595600677,13.1133671742809,11.5482233502538
11,352,2,4,2,0,893,995,691,0,"PresqueEquilibre","de86783a-ac86-419a-a230-dad6b421fba4","f61f9030-d814-495d-af95-0e643697de64","Brazil",8,50,25,25,0,2579,38.5808452888717,26.7933307483521,34.6258239627763,0
14,352,2,1,1,1,260,238,503,334,"PresqueEquilibre","9f8068fd-f5cc-4e1a-946a-c9beb8b4d05a","f61f9030-d814-495d-af95-0e643697de64","Brazil",5,20,20,40,20,1335,17.8277153558052,37.6779026217229,19.4756554307116,25.0187265917603
16,352,1,2,1,0,1395,795,670,0,"PresqueEquilibre","27e050a3-45e8-4076-9c25-32be9040da4e","f61f9030-d814-495d-af95-0e643697de64","Brazil",4,50,25,25,0,2860,27.7972027972028,23.4265734265734,48.7762237762238,0
15,352,2,3,7,0,463,581,718,0,"Equilibre","4995f6d3-50ed-427d-9cf2-4ea0b81a229c","f61f9030-d814-495d-af95-0e643697de64","Brazil",12,25,58.3333333333333,16.6666666666667,0,1762,32.9738933030647,40.7491486946652,26.2769580022701,0
17,352,1,1,1,0,656,612,890,0,"Equilibre","398e712a-fae6-451d-83c9-a7e500227e62","f61f9030-d814-495d-af95-0e643697de64","Brazil",3,33.3333333333333,33.3333333333333,33.3333333333333,0,2158,28.3595922150139,41.241890639481,30.3985171455051,0
19,352,2,2,2,1,500,836,627,366,"PresqueEquilibre","65681129-f83c-4293-9ce3-9d1429367fd0","f61f9030-d814-495d-af95-0e643697de64","Brazil",7,28.5714285714286,28.5714285714286,28.5714285714286,14.2857142857143,2329,35.8952340060112,26.9214255045084,21.468441391155,15.7148990983255
18,352,4,2,0,4,1781,472,0,3435,"PresqueEquilibre","035a43cf-cf88-4675-85e7-11eeb0b3641c","f61f9030-d814-495d-af95-0e643697de64","Brazil",10,20,0,40,40,5688,8.29817158931083,0,31.3115330520394,60.3902953586498
20,352,1,4,4,0,704,1072,437,0,"Equilibre","aaf1dbcb-3748-4740-a2e0-58e7c1cb9f78","f61f9030-d814-495d-af95-0e643697de64","Brazil",9,44.4444444444444,44.4444444444444,11.1111111111111,0,2213,48.4410302756439,19.7469498418437,31.8120198825124,0
21,352,0,0,0,2,0,0,0,1222,"PresqueEquilibre","bf743fbf-9be2-49a1-bf7e-0b53276e6529","f61f9030-d814-495d-af95-0e643697de64","Brazil",2,0,0,0,100,1222,0,0,0,100
23,352,1,2,1,0,438,2073,344,0,"Equilibre","cd0a0a46-7676-4bf0-ad03-2e83bd565fee","f61f9030-d814-495d-af95-0e643697de64","Brazil",4,50,25,25,0,2855,72.6094570928196,12.0490367775832,15.3415061295972,0
22,352,1,0,0,1,145,0,0,1082,"Equilibre","9577727a-fa45-4185-9778-4a56a41cf0f6","f61f9030-d814-495d-af95-0e643697de64","Brazil",2,0,0,50,50,1227,0,0,11.8174409127954,88.1825590872046
24,352,1,1,0,1,624,538,0,601,"Equilibre","073891b7-a928-4ff0-83e3-56f4d1a6315e","f61f9030-d814-495d-af95-0e643697de64","Brazil",3,33.3333333333333,0,33.3333333333333,33.3333333333333,1763,30.5161656267725,0,35.3942144072603,34.0896199659671
25,352,0,3,2,0,0,2922,492,0,"Equilibre","cc933e0b-091f-4ef4-bfc8-11f2076d4396","f61f9030-d814-495d-af95-0e643697de64","Brazil",5,60,40,0,0,3414,85.5887521968366,14.4112478031634,0,0
26,352,2,6,3,3,278,1498,1313,351,"PresqueEquilibre","4ed0a862-3163-449b-bb48-ca8b9ce3add0","f61f9030-d814-495d-af95-0e643697de64","Brazil",14,42.8571428571429,21.4285714285714,14.2857142857143,21.4285714285714,3440,43.546511627907,38.1686046511628,8.08139534883721,10.203488372093
27,352,1,3,1,1,225,780,42,65,"Equilibre","473d2e90-02dd-483e-ad19-3966ec20050a","f61f9030-d814-495d-af95-0e643697de64","Brazil",6,50,16.6666666666667,16.6666666666667,16.6666666666667,1112,70.1438848920863,3.77697841726619,20.2338129496403,5.84532374100719
28,352,1,1,0,0,402,1313,0,0,"Equilibre","03964ff9-d24f-4a0a-a492-3a177e16eb11","f61f9030-d814-495d-af95-0e643697de64","Brazil",2,50,0,50,0,1715,76.5597667638484,0,23.4402332361516,0
29,352,2,1,0,2,554,289,0,96,"Equilibre","e87291fb-8da5-4c7a-af30-4413737f2401","f61f9030-d814-495d-af95-0e643697de64","Brazil",5,20,0,40,40,939,30.7774227902023,0,58.9989350372737,10.223642172524
35,352,0,1,1,0,0,378,460,0,"PresqueEquilibre","915ec45f-204b-411d-8ed7-7fdecb385e39","f61f9030-d814-495d-af95-0e643697de64","Brazil",2,50,50,0,0,838,45.1073985680191,54.8926014319809,0,0
37,352,2,1,1,0,597,357,30,0,"PresqueEquilibre","38c90b27-ea8c-4111-a922-4e81390fefab","f61f9030-d814-495d-af95-0e643697de64","Brazil",4,25,25,50,0,984,36.280487804878,3.04878048780488,60.6707317073171,0
30,352,1,2,0,0,47,474,0,0,"Equilibre","4436282c-7d0f-4334-ba8d-80b7cfe2b849","f61f9030-d814-495d-af95-0e643697de64","Brazil",3,66.6666666666667,0,33.3333333333333,0,521,90.978886756238,0,9.021113243762,0
31,352,1,5,0,3,365,883,0,1196,"PresqueEquilibre","98a2ab99-afcb-447e-ae8d-4b96b374e4d7","f61f9030-d814-495d-af95-0e643697de64","Brazil",9,55.5555555555556,0,11.1111111111111,33.3333333333333,2444,36.1292962356792,0,14.9345335515548,48.936170212766
32,352,5,4,0,3,915,1352,0,598,"PresqueEquilibre","6caef30c-9e58-4bd8-bf6a-e3dcac4256f1","f61f9030-d814-495d-af95-0e643697de64","Brazil",12,33.3333333333333,0,41.6666666666667,25,2865,47.1902268760908,0,31.9371727748691,20.8726003490401
33,352,1,2,0,2,346,1191,0,641,"PresqueEquilibre","c19419a4-de5b-4642-b925-120bf7999f25","f61f9030-d814-495d-af95-0e643697de64","Brazil",5,40,0,20,40,2178,54.6831955922865,0,15.8861340679523,29.4306703397612
34,352,1,5,0,3,302,1477,0,571,"PasEquilibre","0cd83ffd-f258-4775-a358-c55074060d88","f61f9030-d814-495d-af95-0e643697de64","Brazil",9,55.5555555555556,0,11.1111111111111,33.3333333333333,2350,62.8510638297872,0,12.8510638297872,24.2978723404255
36,352,1,4,3,2,69,763,525,646,"Equilibre","5b5b9eb7-f06a-48a3-b3e8-675a7f2faf18","f61f9030-d814-495d-af95-0e643697de64","Brazil",10,40,30,10,20,2003,38.0928607089366,26.2106839740389,3.44483275087369,32.2516225661508
38,980,2,0,0,1,1520,0,0,311,"PresqueEquilibre","199d1269-1d8a-420a-a986-1f4f2ab4355f","5445f170-12c1-48fc-9563-3709dd2993b0","Greece",3,0,0,66.6666666666667,33.3333333333333,1831,0,0,83.0147460404151,16.9852539595849
39,980,0,4,3,0,0,1428,1380,0,"Equilibre","fd0537e8-3103-47f8-9998-44570bb8a45e","5445f170-12c1-48fc-9563-3709dd2993b0","Greece",7,57.1428571428571,42.8571428571429,0,0,2808,50.8547008547009,49.1452991452991,0,0
41,980,2,1,2,1,147,681,1051,370,"Equilibre","149c1889-4e83-4153-b763-54fb60e60d99","5445f170-12c1-48fc-9563-3709dd2993b0","Greece",6,16.6666666666667,33.3333333333333,33.3333333333333,16.6666666666667,2249,30.2801244997777,46.7318808359271,6.53623832814584,16.4517563361494
42,980,2,4,4,2,896,1138,1896,1845,"Equilibre","14229a71-f44e-4149-9f3c-aa7415691eae","5445f170-12c1-48fc-9563-3709dd2993b0","Greece",12,33.3333333333333,33.3333333333333,16.6666666666667,16.6666666666667,5775,19.7056277056277,32.8311688311688,15.5151515151515,31.9480519480519
43,980,5,12,7,4,1600,1488,993,1059,"PresqueEquilibre","a724528f-7fe6-4ad6-bba1-21cb02db2af5","5445f170-12c1-48fc-9563-3709dd2993b0","Greece",28,42.8571428571429,25,17.8571428571429,14.2857142857143,5140,28.9494163424125,19.3190661478599,31.1284046692607,20.6031128404669
44,980,1,2,2,1,16,453,432,16,"PresqueEquilibre","4f5ae77c-6112-401a-93d1-3bf44bd1ccbe","5445f170-12c1-48fc-9563-3709dd2993b0","Greece",6,33.3333333333333,33.3333333333333,16.6666666666667,16.6666666666667,917,49.4002181025082,47.1101417666303,1.74482006543075,1.74482006543075
46,980,1,1,1,0,971,200,200,0,"Equilibre","4f147d0e-54ac-4b89-a269-aaa7819fb0ef","5445f170-12c1-48fc-9563-3709dd2993b0","Greece",3,33.3333333333333,33.3333333333333,33.3333333333333,0,1371,14.5878920495988,14.5878920495988,70.8242159008023,0
45,980,2,6,5,2,362,1356,1596,633,"Equilibre","c464d108-c77f-41e7-bcbc-d5855c9a7968","5445f170-12c1-48fc-9563-3709dd2993b0","Greece",15,40,33.3333333333333,13.3333333333333,13.3333333333333,3947,34.3552064859387,40.4357740055739,9.17152267544971,16.0374968330377
48,980,2,3,3,0,533,3413,3413,0,"Equilibre","131f7620-d15d-4560-86ab-564145745b9b","5445f170-12c1-48fc-9563-3709dd2993b0","Greece",8,37.5,37.5,25,0,7359,46.3785840467455,46.3785840467455,7.24283190650904,0
2,980,0,1,1,1,0,1003,1003,17,"Equilibre","131ecf76-b806-4557-b2c0-183a418357ba","5445f170-12c1-48fc-9563-3709dd2993b0","Greece",3,33.3333333333333,33.3333333333333,0,33.3333333333333,2023,49.5798319327731,49.5798319327731,0,0.840336134453782
3,980,3,4,3,1,822,1224,2276,1150,"Equilibre","10e732f6-9a6a-474a-82e2-a4060fc8dffe","5445f170-12c1-48fc-9563-3709dd2993b0","Greece",11,36.3636363636364,27.2727272727273,27.2727272727273,9.09090909090909,5472,22.3684210526316,41.593567251462,15.0219298245614,21.016081871345
4,980,2,2,3,2,232,3860,4208,364,"Equilibre","646465ef-0ad6-44cc-bd31-de24e1487943","5445f170-12c1-48fc-9563-3709dd2993b0","Greece",9,22.2222222222222,33.3333333333333,22.2222222222222,22.2222222222222,8664,44.5521698984303,48.5687903970452,2.67774699907664,4.20129270544783
6,980,0,1,2,2,0,724,1045,381,"Equilibre","aa2c1d96-ec88-4bcb-8d0e-e2b0c7632af1","5445f170-12c1-48fc-9563-3709dd2993b0","Greece",5,20,40,0,40,2150,33.6744186046512,48.6046511627907,0,17.7209302325581
5,980,3,4,4,3,745,718,668,401,"Equilibre","9610f0dd-ff9f-4bd4-b311-459a04f965ca","5445f170-12c1-48fc-9563-3709dd2993b0","Greece",14,28.5714285714286,28.5714285714286,21.4285714285714,21.4285714285714,2532,28.3570300157978,26.3823064770932,29.4233807266983,15.8372827804107
7,980,0,3,2,0,0,892,708,0,"Equilibre","df6523cd-3270-4298-8d6f-00aa8e9455e6","5445f170-12c1-48fc-9563-3709dd2993b0","Greece",5,60,40,0,0,1600,55.75,44.25,0,0
8,980,2,4,7,6,425,696,2461,2269,"Equilibre","54c68134-2c2a-4f2e-974b-32310830af0e","5445f170-12c1-48fc-9563-3709dd2993b0","Greece",19,21.0526315789474,36.8421052631579,10.5263157894737,31.5789473684211,5851,11.8954024952999,42.0611861220304,7.26371560417023,38.7796957784994
9,980,1,2,3,3,54,3751,4120,750,"Equilibre","055d198c-f8b0-47b7-9eb3-94fc57808f93","5445f170-12c1-48fc-9563-3709dd2993b0","Greece",9,22.2222222222222,33.3333333333333,11.1111111111111,33.3333333333333,8675,43.2391930835735,47.492795389049,0.622478386167147,8.64553314121038
10,980,3,3,3,1,285,1741,1979,543,"Equilibre","cea293cd-b0b1-40ea-8e71-756b3956e8ad","5445f170-12c1-48fc-9563-3709dd2993b0","Greece",10,30,30,30,10,4548,38.2805628847845,43.5136323658751,6.2664907651715,11.9393139841689
11,980,2,2,1,1,760,77,730,730,"Equilibre","de86783a-ac86-419a-a230-dad6b421fba4","5445f170-12c1-48fc-9563-3709dd2993b0","Greece",6,33.3333333333333,16.6666666666667,33.3333333333333,16.6666666666667,2297,3.35219851980845,31.7805833696125,33.0866347409665,31.7805833696125
14,980,3,5,4,3,329,1047,865,949,"PresqueEquilibre","9f8068fd-f5cc-4e1a-946a-c9beb8b4d05a","5445f170-12c1-48fc-9563-3709dd2993b0","Greece",15,33.3333333333333,26.6666666666667,20,20,3190,32.8213166144201,27.115987460815,10.3134796238245,29.7492163009404
13,980,0,5,5,3,0,1820,1820,1050,"Equilibre","06026e76-f9a4-4fb9-877d-bcd33373cdab","5445f170-12c1-48fc-9563-3709dd2993b0","Greece",13,38.4615384615385,38.4615384615385,0,23.0769230769231,4690,38.8059701492537,38.8059701492537,0,22.3880597014925
16,980,2,2,2,1,1352,1149,1195,96,"Equilibre","27e050a3-45e8-4076-9c25-32be9040da4e","5445f170-12c1-48fc-9563-3709dd2993b0","Greece",7,28.5714285714286,28.5714285714286,28.5714285714286,14.2857142857143,3792,30.3006329113924,31.5137130801688,35.6540084388186,2.53164556962025
15,980,0,5,4,1,0,1685,1476,45,"Equilibre","4995f6d3-50ed-427d-9cf2-4ea0b81a229c","5445f170-12c1-48fc-9563-3709dd2993b0","Greece",10,50,40,0,10,3206,52.5577043044292,46.0386774797255,0,1.40361821584529
17,980,1,1,2,2,769,228,348,950,"Equilibre","398e712a-fae6-451d-83c9-a7e500227e62","5445f170-12c1-48fc-9563-3709dd2993b0","Greece",6,16.6666666666667,33.3333333333333,16.6666666666667,33.3333333333333,2295,9.93464052287582,15.1633986928105,33.5076252723312,41.3943355119826
19,980,4,3,3,1,513,134,685,586,"Equilibre","65681129-f83c-4293-9ce3-9d1429367fd0","5445f170-12c1-48fc-9563-3709dd2993b0","Greece",11,27.2727272727273,27.2727272727273,36.3636363636364,9.09090909090909,1918,6.98644421272158,35.7142857142857,26.7466110531804,30.5526590198123
18,980,2,5,4,2,495,3206,3227,510,"Equilibre","035a43cf-cf88-4675-85e7-11eeb0b3641c","5445f170-12c1-48fc-9563-3709dd2993b0","Greece",13,38.4615384615385,30.7692307692308,15.3846153846154,15.3846153846154,7438,43.1029846732993,43.3853186340414,6.65501478892175,6.85668190373756
20,980,2,5,5,3,285,926,1041,553,"Equilibre","aaf1dbcb-3748-4740-a2e0-58e7c1cb9f78","5445f170-12c1-48fc-9563-3709dd2993b0","Greece",15,33.3333333333333,33.3333333333333,13.3333333333333,20,2805,33.0124777183601,37.1122994652406,10.1604278074866,19.7147950089127
21,980,2,1,0,1,267,16,0,525,"Equilibre","bf743fbf-9be2-49a1-bf7e-0b53276e6529","5445f170-12c1-48fc-9563-3709dd2993b0","Greece",4,25,0,50,25,808,1.98019801980198,0,33.0445544554455,64.9752475247525
23,980,1,3,1,0,422,1933,1823,0,"Equilibre","cd0a0a46-7676-4bf0-ad03-2e83bd565fee","5445f170-12c1-48fc-9563-3709dd2993b0","Greece",5,60,20,20,0,4178,46.266156055529,43.6333173767353,10.1005265677358,0
22,980,0,1,1,0,0,430,430,0,"Equilibre","9577727a-fa45-4185-9778-4a56a41cf0f6","5445f170-12c1-48fc-9563-3709dd2993b0","Greece",2,50,50,0,0,860,50,50,0,0
25,980,3,3,3,2,1961,1240,1240,572,"Equilibre","cc933e0b-091f-4ef4-bfc8-11f2076d4396","5445f170-12c1-48fc-9563-3709dd2993b0","Greece",11,27.2727272727273,27.2727272727273,27.2727272727273,18.1818181818182,5013,24.7356872132456,24.7356872132456,39.1182924396569,11.410333133852
26,980,0,3,3,1,0,1809,1809,578,"PresqueEquilibre","4ed0a862-3163-449b-bb48-ca8b9ce3add0","5445f170-12c1-48fc-9563-3709dd2993b0","Greece",7,42.8571428571429,42.8571428571429,0,14.2857142857143,4196,43.1124880838894,43.1124880838894,0,13.7750238322212
27,980,2,1,3,3,480,713,1102,749,"Equilibre","473d2e90-02dd-483e-ad19-3966ec20050a","5445f170-12c1-48fc-9563-3709dd2993b0","Greece",9,11.1111111111111,33.3333333333333,22.2222222222222,33.3333333333333,3044,23.4231274638633,36.2023653088042,15.7687253613666,24.6057818659658
28,980,2,2,2,1,865,74,74,826,"Equilibre","03964ff9-d24f-4a0a-a492-3a177e16eb11","5445f170-12c1-48fc-9563-3709dd2993b0","Greece",7,28.5714285714286,28.5714285714286,28.5714285714286,14.2857142857143,1839,4.02392604676455,4.02392604676455,47.0364328439369,44.915715062534
29,980,1,1,2,2,217,235,651,430,"Equilibre","e87291fb-8da5-4c7a-af30-4413737f2401","5445f170-12c1-48fc-9563-3709dd2993b0","Greece",6,16.6666666666667,33.3333333333333,16.6666666666667,33.3333333333333,1533,15.3294194390085,42.4657534246575,14.1552511415525,28.0495759947815
35,980,3,9,7,6,743,2601,2143,2155,"PasEquilibre","915ec45f-204b-411d-8ed7-7fdecb385e39","5445f170-12c1-48fc-9563-3709dd2993b0","Greece",25,36,28,12,24,7642,34.03559277676,28.0423972781994,9.72258571054698,28.1994242344936
37,980,0,3,3,2,0,1377,1377,977,"Equilibre","38c90b27-ea8c-4111-a922-4e81390fefab","5445f170-12c1-48fc-9563-3709dd2993b0","Greece",8,37.5,37.5,0,25,3731,36.9069954435808,36.9069954435808,0,26.1860091128384
30,980,1,2,1,0,89,916,673,0,"Equilibre","4436282c-7d0f-4334-ba8d-80b7cfe2b849","5445f170-12c1-48fc-9563-3709dd2993b0","Greece",4,50,25,25,0,1678,54.5887961859356,40.1072705601907,5.30393325387366,0
31,980,1,1,1,1,478,250,250,17,"Equilibre","98a2ab99-afcb-447e-ae8d-4b96b374e4d7","5445f170-12c1-48fc-9563-3709dd2993b0","Greece",4,25,25,25,25,995,25.1256281407035,25.1256281407035,48.0402010050251,1.70854271356784
32,980,1,3,2,2,148,375,298,34,"Equilibre","6caef30c-9e58-4bd8-bf6a-e3dcac4256f1","5445f170-12c1-48fc-9563-3709dd2993b0","Greece",8,37.5,25,12.5,25,855,43.859649122807,34.8538011695906,17.3099415204678,3.9766081871345
33,980,1,4,3,0,540,1640,1624,0,"PresqueEquilibre","c19419a4-de5b-4642-b925-120bf7999f25","5445f170-12c1-48fc-9563-3709dd2993b0","Greece",8,50,37.5,12.5,0,3804,43.1125131440589,42.6919032597266,14.1955835962145,0
34,980,0,3,3,1,0,1141,1141,189,"Equilibre","0cd83ffd-f258-4775-a358-c55074060d88","5445f170-12c1-48fc-9563-3709dd2993b0","Greece",7,42.8571428571429,42.8571428571429,0,14.2857142857143,2471,46.1756373937677,46.1756373937677,0,7.64872521246459
