"id","num_stimulus","legumes_fix","feculents_fix","proteines_fix","fruits_fix","legumes_tps","feculents_tps","proteines_tps","fruits_tps","classe","tester_id","item_id","pays"
38,156,0,5,2,0,0,1322,499,0,"PresqueEquilibre","199d1269-1d8a-420a-a986-1f4f2ab4355f","34359006-f70f-438e-85d0-420cf2fe6944","Ukraine"
39,156,5,5,2,0,1342,3077,1891,0,"PresqueEquilibre","fd0537e8-3103-47f8-9998-44570bb8a45e","34359006-f70f-438e-85d0-420cf2fe6944","Ukraine"
40,156,11,4,2,0,3111,1376,913,0,"Equilibre","e433aa11-cdb7-4733-88a9-7067cf52299b","34359006-f70f-438e-85d0-420cf2fe6944","Ukraine"
41,156,5,6,2,0,652,2539,665,0,"PresqueEquilibre","149c1889-4e83-4153-b763-54fb60e60d99","34359006-f70f-438e-85d0-420cf2fe6944","Ukraine"
42,156,0,5,2,0,0,1757,998,0,"PasEquilibre","14229a71-f44e-4149-9f3c-aa7415691eae","34359006-f70f-438e-85d0-420cf2fe6944","Ukraine"
43,156,8,9,4,0,1771,2736,956,0,"PasEquilibre","a724528f-7fe6-4ad6-bba1-21cb02db2af5","34359006-f70f-438e-85d0-420cf2fe6944","Ukraine"
44,156,3,0,0,0,709,0,0,0,"PasEquilibre","4f5ae77c-6112-401a-93d1-3bf44bd1ccbe","34359006-f70f-438e-85d0-420cf2fe6944","Ukraine"
46,156,2,5,3,0,538,1373,912,0,"Equilibre","4f147d0e-54ac-4b89-a269-aaa7819fb0ef","34359006-f70f-438e-85d0-420cf2fe6944","Ukraine"
45,156,6,7,3,0,1043,3502,2255,0,"PresqueEquilibre","c464d108-c77f-41e7-bcbc-d5855c9a7968","34359006-f70f-438e-85d0-420cf2fe6944","Ukraine"
47,156,1,3,1,0,368,1160,609,0,"PasEquilibre","b20e7a20-ca68-410c-8214-fbb92bfdfe17","34359006-f70f-438e-85d0-420cf2fe6944","Ukraine"
48,156,3,4,1,0,1286,1345,208,0,"Equilibre","131f7620-d15d-4560-86ab-564145745b9b","34359006-f70f-438e-85d0-420cf2fe6944","Ukraine"
2,156,1,2,1,0,226,195,180,0,"PasEquilibre","131ecf76-b806-4557-b2c0-183a418357ba","34359006-f70f-438e-85d0-420cf2fe6944","Ukraine"
3,156,3,5,3,0,2694,2011,1465,0,"PresqueEquilibre","10e732f6-9a6a-474a-82e2-a4060fc8dffe","34359006-f70f-438e-85d0-420cf2fe6944","Ukraine"
4,156,2,4,1,0,402,1264,145,0,"Equilibre","646465ef-0ad6-44cc-bd31-de24e1487943","34359006-f70f-438e-85d0-420cf2fe6944","Ukraine"
6,156,4,1,0,0,1984,249,0,0,"PasEquilibre","aa2c1d96-ec88-4bcb-8d0e-e2b0c7632af1","34359006-f70f-438e-85d0-420cf2fe6944","Ukraine"
5,156,2,1,0,0,614,212,0,0,"Equilibre","9610f0dd-ff9f-4bd4-b311-459a04f965ca","34359006-f70f-438e-85d0-420cf2fe6944","Ukraine"
7,156,0,8,2,0,0,3308,1077,0,"PresqueEquilibre","df6523cd-3270-4298-8d6f-00aa8e9455e6","34359006-f70f-438e-85d0-420cf2fe6944","Ukraine"
8,156,4,3,2,0,1773,991,460,0,"PasEquilibre","54c68134-2c2a-4f2e-974b-32310830af0e","34359006-f70f-438e-85d0-420cf2fe6944","Ukraine"
9,156,1,8,0,0,117,1734,0,0,"PasEquilibre","055d198c-f8b0-47b7-9eb3-94fc57808f93","34359006-f70f-438e-85d0-420cf2fe6944","Ukraine"
10,156,4,4,1,0,1559,1240,260,0,"PresqueEquilibre","cea293cd-b0b1-40ea-8e71-756b3956e8ad","34359006-f70f-438e-85d0-420cf2fe6944","Ukraine"
11,156,1,3,1,0,910,573,338,0,"PresqueEquilibre","de86783a-ac86-419a-a230-dad6b421fba4","34359006-f70f-438e-85d0-420cf2fe6944","Ukraine"
14,156,2,3,2,0,484,530,258,0,"Equilibre","9f8068fd-f5cc-4e1a-946a-c9beb8b4d05a","34359006-f70f-438e-85d0-420cf2fe6944","Ukraine"
13,156,7,14,4,0,1299,3798,1748,0,"PresqueEquilibre","06026e76-f9a4-4fb9-877d-bcd33373cdab","34359006-f70f-438e-85d0-420cf2fe6944","Ukraine"
16,156,1,4,1,0,290,1577,162,0,"PresqueEquilibre","27e050a3-45e8-4076-9c25-32be9040da4e","34359006-f70f-438e-85d0-420cf2fe6944","Ukraine"
15,156,1,5,2,0,274,1114,657,0,"PresqueEquilibre","4995f6d3-50ed-427d-9cf2-4ea0b81a229c","34359006-f70f-438e-85d0-420cf2fe6944","Ukraine"
17,156,0,1,1,0,0,349,349,0,"PasEquilibre","398e712a-fae6-451d-83c9-a7e500227e62","34359006-f70f-438e-85d0-420cf2fe6944","Ukraine"
19,156,1,9,3,0,17,3892,1124,0,"PresqueEquilibre","65681129-f83c-4293-9ce3-9d1429367fd0","34359006-f70f-438e-85d0-420cf2fe6944","Ukraine"
18,156,4,7,3,0,2493,3352,2009,0,"PresqueEquilibre","035a43cf-cf88-4675-85e7-11eeb0b3641c","34359006-f70f-438e-85d0-420cf2fe6944","Ukraine"
20,156,1,3,0,0,445,616,0,0,"PasEquilibre","aaf1dbcb-3748-4740-a2e0-58e7c1cb9f78","34359006-f70f-438e-85d0-420cf2fe6944","Ukraine"
21,156,1,3,1,0,638,427,198,0,"PresqueEquilibre","bf743fbf-9be2-49a1-bf7e-0b53276e6529","34359006-f70f-438e-85d0-420cf2fe6944","Ukraine"
23,156,1,2,1,0,239,661,402,0,"PasEquilibre","cd0a0a46-7676-4bf0-ad03-2e83bd565fee","34359006-f70f-438e-85d0-420cf2fe6944","Ukraine"
22,156,1,0,0,0,1153,0,0,0,"Equilibre","9577727a-fa45-4185-9778-4a56a41cf0f6","34359006-f70f-438e-85d0-420cf2fe6944","Ukraine"
24,156,0,4,1,0,0,2060,855,0,"Equilibre","073891b7-a928-4ff0-83e3-56f4d1a6315e","34359006-f70f-438e-85d0-420cf2fe6944","Ukraine"
25,156,4,7,2,0,1106,1358,746,0,"Equilibre","cc933e0b-091f-4ef4-bfc8-11f2076d4396","34359006-f70f-438e-85d0-420cf2fe6944","Ukraine"
26,156,2,8,4,0,791,3384,882,0,"PresqueEquilibre","4ed0a862-3163-449b-bb48-ca8b9ce3add0","34359006-f70f-438e-85d0-420cf2fe6944","Ukraine"
27,156,1,2,1,0,798,378,345,0,"PresqueEquilibre","473d2e90-02dd-483e-ad19-3966ec20050a","34359006-f70f-438e-85d0-420cf2fe6944","Ukraine"
28,156,2,3,1,0,535,823,158,0,"PresqueEquilibre","03964ff9-d24f-4a0a-a492-3a177e16eb11","34359006-f70f-438e-85d0-420cf2fe6944","Ukraine"
29,156,1,2,1,0,491,907,874,0,"PresqueEquilibre","e87291fb-8da5-4c7a-af30-4413737f2401","34359006-f70f-438e-85d0-420cf2fe6944","Ukraine"
35,156,3,5,1,0,1434,2968,248,0,"Equilibre","915ec45f-204b-411d-8ed7-7fdecb385e39","34359006-f70f-438e-85d0-420cf2fe6944","Ukraine"
37,156,2,1,0,0,686,130,0,0,"PasEquilibre","38c90b27-ea8c-4111-a922-4e81390fefab","34359006-f70f-438e-85d0-420cf2fe6944","Ukraine"
30,156,0,2,1,0,0,461,124,0,"PasEquilibre","4436282c-7d0f-4334-ba8d-80b7cfe2b849","34359006-f70f-438e-85d0-420cf2fe6944","Ukraine"
31,156,2,3,1,0,247,1527,1345,0,"PasEquilibre","98a2ab99-afcb-447e-ae8d-4b96b374e4d7","34359006-f70f-438e-85d0-420cf2fe6944","Ukraine"
32,156,1,0,0,0,780,0,0,0,"PresqueEquilibre","6caef30c-9e58-4bd8-bf6a-e3dcac4256f1","34359006-f70f-438e-85d0-420cf2fe6944","Ukraine"
33,156,2,5,1,0,233,1384,273,0,"PasEquilibre","c19419a4-de5b-4642-b925-120bf7999f25","34359006-f70f-438e-85d0-420cf2fe6944","Ukraine"
36,156,1,1,1,0,300,231,231,0,"PasEquilibre","5b5b9eb7-f06a-48a3-b3e8-675a7f2faf18","34359006-f70f-438e-85d0-420cf2fe6944","Ukraine"
38,672,5,3,0,1,2230,933,0,295,"PresqueEquilibre","199d1269-1d8a-420a-a986-1f4f2ab4355f","20f3c152-6ebf-49db-8e1a-00eebd99feb6","Finland"
39,672,7,3,0,0,1601,491,0,0,"PresqueEquilibre","fd0537e8-3103-47f8-9998-44570bb8a45e","20f3c152-6ebf-49db-8e1a-00eebd99feb6","Finland"
41,672,9,8,0,5,2492,3264,0,2848,"PresqueEquilibre","149c1889-4e83-4153-b763-54fb60e60d99","20f3c152-6ebf-49db-8e1a-00eebd99feb6","Finland"
42,672,1,1,0,1,31,414,0,414,"PasEquilibre","14229a71-f44e-4149-9f3c-aa7415691eae","20f3c152-6ebf-49db-8e1a-00eebd99feb6","Finland"
43,672,8,4,0,2,1844,2157,0,1425,"Equilibre","a724528f-7fe6-4ad6-bba1-21cb02db2af5","20f3c152-6ebf-49db-8e1a-00eebd99feb6","Finland"
44,672,2,3,0,3,622,565,0,565,"Equilibre","4f5ae77c-6112-401a-93d1-3bf44bd1ccbe","20f3c152-6ebf-49db-8e1a-00eebd99feb6","Finland"
46,672,5,4,0,2,857,922,0,694,"PresqueEquilibre","4f147d0e-54ac-4b89-a269-aaa7819fb0ef","20f3c152-6ebf-49db-8e1a-00eebd99feb6","Finland"
45,672,13,7,0,5,3012,2047,0,1106,"PresqueEquilibre","c464d108-c77f-41e7-bcbc-d5855c9a7968","20f3c152-6ebf-49db-8e1a-00eebd99feb6","Finland"
47,672,0,1,0,1,0,1265,0,1265,"PresqueEquilibre","b20e7a20-ca68-410c-8214-fbb92bfdfe17","20f3c152-6ebf-49db-8e1a-00eebd99feb6","Finland"
48,672,5,3,0,1,2052,1332,0,514,"PresqueEquilibre","131f7620-d15d-4560-86ab-564145745b9b","20f3c152-6ebf-49db-8e1a-00eebd99feb6","Finland"
2,672,2,3,0,2,368,2366,0,2126,"PresqueEquilibre","131ecf76-b806-4557-b2c0-183a418357ba","20f3c152-6ebf-49db-8e1a-00eebd99feb6","Finland"
3,672,6,2,0,1,2106,1739,0,340,"PresqueEquilibre","10e732f6-9a6a-474a-82e2-a4060fc8dffe","20f3c152-6ebf-49db-8e1a-00eebd99feb6","Finland"
4,672,5,4,0,2,995,1723,0,586,"PasEquilibre","646465ef-0ad6-44cc-bd31-de24e1487943","20f3c152-6ebf-49db-8e1a-00eebd99feb6","Finland"
6,672,8,6,0,4,2766,1525,0,1318,"PresqueEquilibre","aa2c1d96-ec88-4bcb-8d0e-e2b0c7632af1","20f3c152-6ebf-49db-8e1a-00eebd99feb6","Finland"
5,672,5,5,0,3,2168,1456,0,1020,"Equilibre","9610f0dd-ff9f-4bd4-b311-459a04f965ca","20f3c152-6ebf-49db-8e1a-00eebd99feb6","Finland"
7,672,9,7,0,2,2134,2095,0,422,"PresqueEquilibre","df6523cd-3270-4298-8d6f-00aa8e9455e6","20f3c152-6ebf-49db-8e1a-00eebd99feb6","Finland"
8,672,4,3,0,2,1150,2924,0,2368,"PresqueEquilibre","54c68134-2c2a-4f2e-974b-32310830af0e","20f3c152-6ebf-49db-8e1a-00eebd99feb6","Finland"
9,672,4,4,0,1,1212,856,0,279,"PresqueEquilibre","055d198c-f8b0-47b7-9eb3-94fc57808f93","20f3c152-6ebf-49db-8e1a-00eebd99feb6","Finland"
10,672,6,5,0,3,3041,1251,0,961,"PresqueEquilibre","cea293cd-b0b1-40ea-8e71-756b3956e8ad","20f3c152-6ebf-49db-8e1a-00eebd99feb6","Finland"
11,672,4,5,0,3,1472,2605,0,2559,"PasEquilibre","de86783a-ac86-419a-a230-dad6b421fba4","20f3c152-6ebf-49db-8e1a-00eebd99feb6","Finland"
14,672,3,2,0,1,890,373,0,144,"PresqueEquilibre","9f8068fd-f5cc-4e1a-946a-c9beb8b4d05a","20f3c152-6ebf-49db-8e1a-00eebd99feb6","Finland"
13,672,7,4,0,3,1333,1280,0,933,"PresqueEquilibre","06026e76-f9a4-4fb9-877d-bcd33373cdab","20f3c152-6ebf-49db-8e1a-00eebd99feb6","Finland"
16,672,1,1,0,0,501,680,0,0,"Equilibre","27e050a3-45e8-4076-9c25-32be9040da4e","20f3c152-6ebf-49db-8e1a-00eebd99feb6","Finland"
15,672,4,3,0,2,1492,729,0,423,"PresqueEquilibre","4995f6d3-50ed-427d-9cf2-4ea0b81a229c","20f3c152-6ebf-49db-8e1a-00eebd99feb6","Finland"
17,672,1,1,0,1,261,570,0,570,"Equilibre","398e712a-fae6-451d-83c9-a7e500227e62","20f3c152-6ebf-49db-8e1a-00eebd99feb6","Finland"
19,672,6,5,0,5,2224,758,0,758,"PresqueEquilibre","65681129-f83c-4293-9ce3-9d1429367fd0","20f3c152-6ebf-49db-8e1a-00eebd99feb6","Finland"
18,672,10,3,0,1,1871,548,0,132,"PasEquilibre","035a43cf-cf88-4675-85e7-11eeb0b3641c","20f3c152-6ebf-49db-8e1a-00eebd99feb6","Finland"
20,672,4,4,0,1,1400,899,0,290,"PasEquilibre","aaf1dbcb-3748-4740-a2e0-58e7c1cb9f78","20f3c152-6ebf-49db-8e1a-00eebd99feb6","Finland"
21,672,2,2,0,0,839,303,0,0,"Equilibre","bf743fbf-9be2-49a1-bf7e-0b53276e6529","20f3c152-6ebf-49db-8e1a-00eebd99feb6","Finland"
23,672,6,3,0,1,2881,918,0,505,"PresqueEquilibre","cd0a0a46-7676-4bf0-ad03-2e83bd565fee","20f3c152-6ebf-49db-8e1a-00eebd99feb6","Finland"
22,672,4,4,0,1,1345,1765,0,904,"PasEquilibre","9577727a-fa45-4185-9778-4a56a41cf0f6","20f3c152-6ebf-49db-8e1a-00eebd99feb6","Finland"
24,672,3,2,0,2,1200,1219,0,1219,"PresqueEquilibre","073891b7-a928-4ff0-83e3-56f4d1a6315e","20f3c152-6ebf-49db-8e1a-00eebd99feb6","Finland"
25,672,6,6,0,4,1193,659,0,314,"PasEquilibre","cc933e0b-091f-4ef4-bfc8-11f2076d4396","20f3c152-6ebf-49db-8e1a-00eebd99feb6","Finland"
26,672,10,5,0,3,2201,2093,0,1226,"PasEquilibre","4ed0a862-3163-449b-bb48-ca8b9ce3add0","20f3c152-6ebf-49db-8e1a-00eebd99feb6","Finland"
27,672,3,3,0,2,1051,1412,0,1246,"Equilibre","473d2e90-02dd-483e-ad19-3966ec20050a","20f3c152-6ebf-49db-8e1a-00eebd99feb6","Finland"
28,672,4,0,0,0,2060,0,0,0,"PresqueEquilibre","03964ff9-d24f-4a0a-a492-3a177e16eb11","20f3c152-6ebf-49db-8e1a-00eebd99feb6","Finland"
29,672,1,1,0,1,370,668,0,668,"PasEquilibre","e87291fb-8da5-4c7a-af30-4413737f2401","20f3c152-6ebf-49db-8e1a-00eebd99feb6","Finland"
35,672,7,4,0,3,3373,1744,0,1427,"PresqueEquilibre","915ec45f-204b-411d-8ed7-7fdecb385e39","20f3c152-6ebf-49db-8e1a-00eebd99feb6","Finland"
37,672,1,2,0,2,16,1667,0,1667,"Equilibre","38c90b27-ea8c-4111-a922-4e81390fefab","20f3c152-6ebf-49db-8e1a-00eebd99feb6","Finland"
30,672,1,3,0,1,49,844,0,192,"PresqueEquilibre","4436282c-7d0f-4334-ba8d-80b7cfe2b849","20f3c152-6ebf-49db-8e1a-00eebd99feb6","Finland"
31,672,2,2,0,1,1253,235,0,219,"PasEquilibre","98a2ab99-afcb-447e-ae8d-4b96b374e4d7","20f3c152-6ebf-49db-8e1a-00eebd99feb6","Finland"
32,672,2,1,0,0,781,17,0,0,"Equilibre","6caef30c-9e58-4bd8-bf6a-e3dcac4256f1","20f3c152-6ebf-49db-8e1a-00eebd99feb6","Finland"
33,672,7,4,0,2,2329,379,0,216,"PasEquilibre","c19419a4-de5b-4642-b925-120bf7999f25","20f3c152-6ebf-49db-8e1a-00eebd99feb6","Finland"
34,672,7,5,0,1,746,1451,0,296,"PresqueEquilibre","0cd83ffd-f258-4775-a358-c55074060d88","20f3c152-6ebf-49db-8e1a-00eebd99feb6","Finland"
36,672,4,1,0,1,540,61,0,61,"Equilibre","5b5b9eb7-f06a-48a3-b3e8-675a7f2faf18","20f3c152-6ebf-49db-8e1a-00eebd99feb6","Finland"
38,756,1,7,4,1,52,2622,1643,225,"Equilibre","199d1269-1d8a-420a-a986-1f4f2ab4355f","213479f7-39af-4b83-b0e9-4ba473d27429","Spain"
39,756,3,8,3,2,500,2557,1231,339,"Equilibre","fd0537e8-3103-47f8-9998-44570bb8a45e","213479f7-39af-4b83-b0e9-4ba473d27429","Spain"
41,756,3,3,2,0,925,797,678,0,"Equilibre","149c1889-4e83-4153-b763-54fb60e60d99","213479f7-39af-4b83-b0e9-4ba473d27429","Spain"
42,756,2,3,2,1,1193,1284,938,164,"Equilibre","14229a71-f44e-4149-9f3c-aa7415691eae","213479f7-39af-4b83-b0e9-4ba473d27429","Spain"
43,756,1,7,3,0,164,4153,1443,0,"PresqueEquilibre","a724528f-7fe6-4ad6-bba1-21cb02db2af5","213479f7-39af-4b83-b0e9-4ba473d27429","Spain"
44,756,1,1,0,1,456,441,0,34,"Equilibre","4f5ae77c-6112-401a-93d1-3bf44bd1ccbe","213479f7-39af-4b83-b0e9-4ba473d27429","Spain"
46,756,0,1,1,0,0,991,991,0,"Equilibre","4f147d0e-54ac-4b89-a269-aaa7819fb0ef","213479f7-39af-4b83-b0e9-4ba473d27429","Spain"
45,756,3,2,0,1,579,177,0,302,"Equilibre","c464d108-c77f-41e7-bcbc-d5855c9a7968","213479f7-39af-4b83-b0e9-4ba473d27429","Spain"
47,756,3,9,6,0,755,1904,927,0,"Equilibre","b20e7a20-ca68-410c-8214-fbb92bfdfe17","213479f7-39af-4b83-b0e9-4ba473d27429","Spain"
48,756,1,3,2,0,638,868,609,0,"Equilibre","131f7620-d15d-4560-86ab-564145745b9b","213479f7-39af-4b83-b0e9-4ba473d27429","Spain"
2,756,1,4,3,0,223,983,801,0,"PresqueEquilibre","131ecf76-b806-4557-b2c0-183a418357ba","213479f7-39af-4b83-b0e9-4ba473d27429","Spain"
3,756,2,4,4,0,716,2115,2115,0,"Equilibre","10e732f6-9a6a-474a-82e2-a4060fc8dffe","213479f7-39af-4b83-b0e9-4ba473d27429","Spain"
4,756,3,7,3,0,469,3762,1505,0,"Equilibre","646465ef-0ad6-44cc-bd31-de24e1487943","213479f7-39af-4b83-b0e9-4ba473d27429","Spain"
6,756,0,5,2,2,0,2475,1660,100,"Equilibre","aa2c1d96-ec88-4bcb-8d0e-e2b0c7632af1","213479f7-39af-4b83-b0e9-4ba473d27429","Spain"
5,756,1,3,2,0,34,1224,742,0,"Equilibre","9610f0dd-ff9f-4bd4-b311-459a04f965ca","213479f7-39af-4b83-b0e9-4ba473d27429","Spain"
7,756,4,6,4,0,1612,3029,2427,0,"Equilibre","df6523cd-3270-4298-8d6f-00aa8e9455e6","213479f7-39af-4b83-b0e9-4ba473d27429","Spain"
8,756,1,4,2,0,314,1722,941,0,"Equilibre","54c68134-2c2a-4f2e-974b-32310830af0e","213479f7-39af-4b83-b0e9-4ba473d27429","Spain"
9,756,5,2,2,1,904,605,605,194,"Equilibre","055d198c-f8b0-47b7-9eb3-94fc57808f93","213479f7-39af-4b83-b0e9-4ba473d27429","Spain"
10,756,6,2,1,0,1208,2011,1418,0,"Equilibre","cea293cd-b0b1-40ea-8e71-756b3956e8ad","213479f7-39af-4b83-b0e9-4ba473d27429","Spain"
11,756,3,0,0,1,1392,0,0,354,"PresqueEquilibre","de86783a-ac86-419a-a230-dad6b421fba4","213479f7-39af-4b83-b0e9-4ba473d27429","Spain"
14,756,3,4,2,2,503,855,309,274,"PresqueEquilibre","9f8068fd-f5cc-4e1a-946a-c9beb8b4d05a","213479f7-39af-4b83-b0e9-4ba473d27429","Spain"
13,756,6,6,4,2,1231,2046,1450,430,"PresqueEquilibre","06026e76-f9a4-4fb9-877d-bcd33373cdab","213479f7-39af-4b83-b0e9-4ba473d27429","Spain"
16,756,3,3,3,0,1621,632,632,0,"PresqueEquilibre","27e050a3-45e8-4076-9c25-32be9040da4e","213479f7-39af-4b83-b0e9-4ba473d27429","Spain"
15,756,3,7,4,0,419,1653,424,0,"Equilibre","4995f6d3-50ed-427d-9cf2-4ea0b81a229c","213479f7-39af-4b83-b0e9-4ba473d27429","Spain"
17,756,3,2,1,0,423,1168,932,0,"Equilibre","398e712a-fae6-451d-83c9-a7e500227e62","213479f7-39af-4b83-b0e9-4ba473d27429","Spain"
19,756,2,2,0,0,192,469,0,0,"Equilibre","65681129-f83c-4293-9ce3-9d1429367fd0","213479f7-39af-4b83-b0e9-4ba473d27429","Spain"
18,756,4,7,4,2,911,2225,1648,462,"Equilibre","035a43cf-cf88-4675-85e7-11eeb0b3641c","213479f7-39af-4b83-b0e9-4ba473d27429","Spain"
20,756,3,4,2,0,1024,1143,774,0,"PresqueEquilibre","aaf1dbcb-3748-4740-a2e0-58e7c1cb9f78","213479f7-39af-4b83-b0e9-4ba473d27429","Spain"
21,756,3,2,2,1,345,940,940,319,"Equilibre","bf743fbf-9be2-49a1-bf7e-0b53276e6529","213479f7-39af-4b83-b0e9-4ba473d27429","Spain"
23,756,3,1,1,0,1159,882,882,0,"PresqueEquilibre","cd0a0a46-7676-4bf0-ad03-2e83bd565fee","213479f7-39af-4b83-b0e9-4ba473d27429","Spain"
22,756,1,2,2,0,276,974,974,0,"PresqueEquilibre","9577727a-fa45-4185-9778-4a56a41cf0f6","213479f7-39af-4b83-b0e9-4ba473d27429","Spain"
24,756,3,2,2,0,490,807,807,0,"Equilibre","073891b7-a928-4ff0-83e3-56f4d1a6315e","213479f7-39af-4b83-b0e9-4ba473d27429","Spain"
25,756,3,5,3,1,801,1871,1587,15,"Equilibre","cc933e0b-091f-4ef4-bfc8-11f2076d4396","213479f7-39af-4b83-b0e9-4ba473d27429","Spain"
26,756,0,3,1,1,0,1752,502,199,"Equilibre","4ed0a862-3163-449b-bb48-ca8b9ce3add0","213479f7-39af-4b83-b0e9-4ba473d27429","Spain"
27,756,1,2,1,1,380,500,32,501,"Equilibre","473d2e90-02dd-483e-ad19-3966ec20050a","213479f7-39af-4b83-b0e9-4ba473d27429","Spain"
28,756,1,1,1,0,103,1245,1245,0,"Equilibre","03964ff9-d24f-4a0a-a492-3a177e16eb11","213479f7-39af-4b83-b0e9-4ba473d27429","Spain"
29,756,1,1,0,1,125,353,0,220,"Equilibre","e87291fb-8da5-4c7a-af30-4413737f2401","213479f7-39af-4b83-b0e9-4ba473d27429","Spain"
35,756,5,5,3,0,1525,4164,2768,0,"Equilibre","915ec45f-204b-411d-8ed7-7fdecb385e39","213479f7-39af-4b83-b0e9-4ba473d27429","Spain"
37,756,0,3,0,2,0,1041,0,500,"Equilibre","38c90b27-ea8c-4111-a922-4e81390fefab","213479f7-39af-4b83-b0e9-4ba473d27429","Spain"
30,756,1,1,1,0,728,493,493,0,"Equilibre","4436282c-7d0f-4334-ba8d-80b7cfe2b849","213479f7-39af-4b83-b0e9-4ba473d27429","Spain"
31,756,3,5,4,0,366,904,396,0,"Equilibre","98a2ab99-afcb-447e-ae8d-4b96b374e4d7","213479f7-39af-4b83-b0e9-4ba473d27429","Spain"
32,756,0,1,0,0,0,380,0,0,"Equilibre","6caef30c-9e58-4bd8-bf6a-e3dcac4256f1","213479f7-39af-4b83-b0e9-4ba473d27429","Spain"
33,756,3,5,4,0,782,1252,1078,0,"PresqueEquilibre","c19419a4-de5b-4642-b925-120bf7999f25","213479f7-39af-4b83-b0e9-4ba473d27429","Spain"
34,756,5,9,6,3,854,3217,2304,640,"PresqueEquilibre","0cd83ffd-f258-4775-a358-c55074060d88","213479f7-39af-4b83-b0e9-4ba473d27429","Spain"
36,756,2,2,1,0,503,254,14,0,"Equilibre","5b5b9eb7-f06a-48a3-b3e8-675a7f2faf18","213479f7-39af-4b83-b0e9-4ba473d27429","Spain"
38,421,3,0,1,2,455,0,1142,1395,"Equilibre","199d1269-1d8a-420a-a986-1f4f2ab4355f","7bdf6ed6-acf9-4a7b-84fe-7e4f96f9582a","France"
39,421,1,0,1,1,125,0,300,300,"Equilibre","fd0537e8-3103-47f8-9998-44570bb8a45e","7bdf6ed6-acf9-4a7b-84fe-7e4f96f9582a","France"
40,421,1,0,2,2,221,0,75,75,"PresqueEquilibre","e433aa11-cdb7-4733-88a9-7067cf52299b","7bdf6ed6-acf9-4a7b-84fe-7e4f96f9582a","France"
41,421,4,0,2,5,1675,0,566,1302,"Equilibre","149c1889-4e83-4153-b763-54fb60e60d99","7bdf6ed6-acf9-4a7b-84fe-7e4f96f9582a","France"
42,421,1,0,5,3,357,0,1883,1229,"PresqueEquilibre","14229a71-f44e-4149-9f3c-aa7415691eae","7bdf6ed6-acf9-4a7b-84fe-7e4f96f9582a","France"
43,421,4,0,5,5,1309,0,1729,1935,"PresqueEquilibre","a724528f-7fe6-4ad6-bba1-21cb02db2af5","7bdf6ed6-acf9-4a7b-84fe-7e4f96f9582a","France"
44,421,1,0,2,2,32,0,310,493,"PasEquilibre","4f5ae77c-6112-401a-93d1-3bf44bd1ccbe","7bdf6ed6-acf9-4a7b-84fe-7e4f96f9582a","France"
46,421,3,0,4,5,618,0,974,882,"PresqueEquilibre","4f147d0e-54ac-4b89-a269-aaa7819fb0ef","7bdf6ed6-acf9-4a7b-84fe-7e4f96f9582a","France"
45,421,1,0,3,3,129,0,2066,2066,"PresqueEquilibre","c464d108-c77f-41e7-bcbc-d5855c9a7968","7bdf6ed6-acf9-4a7b-84fe-7e4f96f9582a","France"
47,421,2,0,1,1,258,0,288,288,"Equilibre","b20e7a20-ca68-410c-8214-fbb92bfdfe17","7bdf6ed6-acf9-4a7b-84fe-7e4f96f9582a","France"
48,421,2,0,4,4,108,0,837,540,"PasEquilibre","131f7620-d15d-4560-86ab-564145745b9b","7bdf6ed6-acf9-4a7b-84fe-7e4f96f9582a","France"
2,421,2,0,2,3,953,0,822,976,"PresqueEquilibre","131ecf76-b806-4557-b2c0-183a418357ba","7bdf6ed6-acf9-4a7b-84fe-7e4f96f9582a","France"
3,421,2,0,4,3,528,0,2642,1731,"PasEquilibre","10e732f6-9a6a-474a-82e2-a4060fc8dffe","7bdf6ed6-acf9-4a7b-84fe-7e4f96f9582a","France"
4,421,4,0,3,1,3827,0,1668,353,"PresqueEquilibre","646465ef-0ad6-44cc-bd31-de24e1487943","7bdf6ed6-acf9-4a7b-84fe-7e4f96f9582a","France"
6,421,1,0,2,2,610,0,2361,1941,"PresqueEquilibre","aa2c1d96-ec88-4bcb-8d0e-e2b0c7632af1","7bdf6ed6-acf9-4a7b-84fe-7e4f96f9582a","France"
5,421,1,0,2,3,574,0,510,664,"Equilibre","9610f0dd-ff9f-4bd4-b311-459a04f965ca","7bdf6ed6-acf9-4a7b-84fe-7e4f96f9582a","France"
7,421,1,0,4,2,433,0,1910,1326,"PresqueEquilibre","df6523cd-3270-4298-8d6f-00aa8e9455e6","7bdf6ed6-acf9-4a7b-84fe-7e4f96f9582a","France"
8,421,1,0,0,1,345,0,0,375,"Equilibre","54c68134-2c2a-4f2e-974b-32310830af0e","7bdf6ed6-acf9-4a7b-84fe-7e4f96f9582a","France"
9,421,7,0,2,5,1382,0,726,1281,"PasEquilibre","055d198c-f8b0-47b7-9eb3-94fc57808f93","7bdf6ed6-acf9-4a7b-84fe-7e4f96f9582a","France"
10,421,1,0,2,1,33,0,1146,397,"PresqueEquilibre","cea293cd-b0b1-40ea-8e71-756b3956e8ad","7bdf6ed6-acf9-4a7b-84fe-7e4f96f9582a","France"
11,421,2,0,4,4,568,0,1517,1479,"Equilibre","de86783a-ac86-419a-a230-dad6b421fba4","7bdf6ed6-acf9-4a7b-84fe-7e4f96f9582a","France"
14,421,1,0,2,2,133,0,935,1260,"PresqueEquilibre","9f8068fd-f5cc-4e1a-946a-c9beb8b4d05a","7bdf6ed6-acf9-4a7b-84fe-7e4f96f9582a","France"
16,421,0,0,3,2,0,0,1762,938,"Equilibre","27e050a3-45e8-4076-9c25-32be9040da4e","7bdf6ed6-acf9-4a7b-84fe-7e4f96f9582a","France"
15,421,3,0,6,5,1213,0,1991,1883,"PresqueEquilibre","4995f6d3-50ed-427d-9cf2-4ea0b81a229c","7bdf6ed6-acf9-4a7b-84fe-7e4f96f9582a","France"
17,421,0,0,1,0,0,0,848,0,"PresqueEquilibre","398e712a-fae6-451d-83c9-a7e500227e62","7bdf6ed6-acf9-4a7b-84fe-7e4f96f9582a","France"
19,421,3,0,6,5,1031,0,1644,1327,"PresqueEquilibre","65681129-f83c-4293-9ce3-9d1429367fd0","7bdf6ed6-acf9-4a7b-84fe-7e4f96f9582a","France"
18,421,3,0,2,2,431,0,527,526,"PasEquilibre","035a43cf-cf88-4675-85e7-11eeb0b3641c","7bdf6ed6-acf9-4a7b-84fe-7e4f96f9582a","France"
20,421,4,0,6,5,609,0,1461,1350,"PresqueEquilibre","aaf1dbcb-3748-4740-a2e0-58e7c1cb9f78","7bdf6ed6-acf9-4a7b-84fe-7e4f96f9582a","France"
21,421,0,0,5,2,0,0,1586,1136,"Equilibre","bf743fbf-9be2-49a1-bf7e-0b53276e6529","7bdf6ed6-acf9-4a7b-84fe-7e4f96f9582a","France"
23,421,1,0,3,2,276,0,1495,618,"PresqueEquilibre","cd0a0a46-7676-4bf0-ad03-2e83bd565fee","7bdf6ed6-acf9-4a7b-84fe-7e4f96f9582a","France"
22,421,1,0,1,1,221,0,932,932,"PasEquilibre","9577727a-fa45-4185-9778-4a56a41cf0f6","7bdf6ed6-acf9-4a7b-84fe-7e4f96f9582a","France"
24,421,3,0,2,2,957,0,693,782,"Equilibre","073891b7-a928-4ff0-83e3-56f4d1a6315e","7bdf6ed6-acf9-4a7b-84fe-7e4f96f9582a","France"
25,421,1,0,6,3,88,0,3147,1777,"Equilibre","cc933e0b-091f-4ef4-bfc8-11f2076d4396","7bdf6ed6-acf9-4a7b-84fe-7e4f96f9582a","France"
26,421,3,0,3,4,645,0,854,1002,"PresqueEquilibre","4ed0a862-3163-449b-bb48-ca8b9ce3add0","7bdf6ed6-acf9-4a7b-84fe-7e4f96f9582a","France"
27,421,0,0,3,1,0,0,1191,220,"PresqueEquilibre","473d2e90-02dd-483e-ad19-3966ec20050a","7bdf6ed6-acf9-4a7b-84fe-7e4f96f9582a","France"
28,421,0,0,2,2,0,0,412,412,"PasEquilibre","03964ff9-d24f-4a0a-a492-3a177e16eb11","7bdf6ed6-acf9-4a7b-84fe-7e4f96f9582a","France"
29,421,1,0,1,0,158,0,970,0,"PresqueEquilibre","e87291fb-8da5-4c7a-af30-4413737f2401","7bdf6ed6-acf9-4a7b-84fe-7e4f96f9582a","France"
35,421,8,0,5,4,2306,0,2171,2096,"PasEquilibre","915ec45f-204b-411d-8ed7-7fdecb385e39","7bdf6ed6-acf9-4a7b-84fe-7e4f96f9582a","France"
37,421,2,0,4,3,943,0,2603,2247,"Equilibre","38c90b27-ea8c-4111-a922-4e81390fefab","7bdf6ed6-acf9-4a7b-84fe-7e4f96f9582a","France"
30,421,1,0,1,1,233,0,442,442,"PasEquilibre","4436282c-7d0f-4334-ba8d-80b7cfe2b849","7bdf6ed6-acf9-4a7b-84fe-7e4f96f9582a","France"
31,421,2,0,4,4,138,0,1156,741,"PasEquilibre","98a2ab99-afcb-447e-ae8d-4b96b374e4d7","7bdf6ed6-acf9-4a7b-84fe-7e4f96f9582a","France"
32,421,1,0,2,2,300,0,899,899,"Equilibre","6caef30c-9e58-4bd8-bf6a-e3dcac4256f1","7bdf6ed6-acf9-4a7b-84fe-7e4f96f9582a","France"
33,421,2,0,1,2,942,0,492,649,"PasEquilibre","c19419a4-de5b-4642-b925-120bf7999f25","7bdf6ed6-acf9-4a7b-84fe-7e4f96f9582a","France"
34,421,3,0,2,2,830,0,656,656,"PresqueEquilibre","0cd83ffd-f258-4775-a358-c55074060d88","7bdf6ed6-acf9-4a7b-84fe-7e4f96f9582a","France"
36,421,1,0,3,2,34,0,430,204,"PasEquilibre","5b5b9eb7-f06a-48a3-b3e8-675a7f2faf18","7bdf6ed6-acf9-4a7b-84fe-7e4f96f9582a","France"
38,489,9,6,7,0,3027,1957,2262,0,"Equilibre","199d1269-1d8a-420a-a986-1f4f2ab4355f","cc2a8b56-732c-4e4c-a058-248783b68587","South Korea"
39,489,3,4,5,0,1369,1654,1847,0,"PresqueEquilibre","fd0537e8-3103-47f8-9998-44570bb8a45e","cc2a8b56-732c-4e4c-a058-248783b68587","South Korea"
40,489,5,2,2,0,2014,1358,1358,0,"Equilibre","e433aa11-cdb7-4733-88a9-7067cf52299b","cc2a8b56-732c-4e4c-a058-248783b68587","South Korea"
41,489,3,2,3,0,1010,1184,1394,0,"Equilibre","149c1889-4e83-4153-b763-54fb60e60d99","cc2a8b56-732c-4e4c-a058-248783b68587","South Korea"
42,489,5,2,4,0,1510,659,1021,0,"Equilibre","14229a71-f44e-4149-9f3c-aa7415691eae","cc2a8b56-732c-4e4c-a058-248783b68587","South Korea"
43,489,5,4,4,0,3053,2708,2708,0,"PresqueEquilibre","a724528f-7fe6-4ad6-bba1-21cb02db2af5","cc2a8b56-732c-4e4c-a058-248783b68587","South Korea"
44,489,1,1,2,0,128,789,913,0,"Equilibre","4f5ae77c-6112-401a-93d1-3bf44bd1ccbe","cc2a8b56-732c-4e4c-a058-248783b68587","South Korea"
46,489,4,2,2,0,2013,252,252,0,"Equilibre","4f147d0e-54ac-4b89-a269-aaa7819fb0ef","cc2a8b56-732c-4e4c-a058-248783b68587","South Korea"
45,489,9,3,4,0,2854,1276,1527,0,"Equilibre","c464d108-c77f-41e7-bcbc-d5855c9a7968","cc2a8b56-732c-4e4c-a058-248783b68587","South Korea"
47,489,3,1,2,0,570,319,464,0,"PresqueEquilibre","b20e7a20-ca68-410c-8214-fbb92bfdfe17","cc2a8b56-732c-4e4c-a058-248783b68587","South Korea"
48,489,2,3,4,0,1059,1000,1113,0,"PresqueEquilibre","131f7620-d15d-4560-86ab-564145745b9b","cc2a8b56-732c-4e4c-a058-248783b68587","South Korea"
2,489,0,0,1,0,0,0,526,0,"Equilibre","131ecf76-b806-4557-b2c0-183a418357ba","cc2a8b56-732c-4e4c-a058-248783b68587","South Korea"
3,489,2,1,3,0,248,559,1057,0,"Equilibre","10e732f6-9a6a-474a-82e2-a4060fc8dffe","cc2a8b56-732c-4e4c-a058-248783b68587","South Korea"
4,489,9,3,3,0,2372,1302,1302,0,"PasEquilibre","646465ef-0ad6-44cc-bd31-de24e1487943","cc2a8b56-732c-4e4c-a058-248783b68587","South Korea"
6,489,3,2,3,0,1443,982,1061,0,"Equilibre","aa2c1d96-ec88-4bcb-8d0e-e2b0c7632af1","cc2a8b56-732c-4e4c-a058-248783b68587","South Korea"
5,489,5,1,1,0,1498,431,431,0,"Equilibre","9610f0dd-ff9f-4bd4-b311-459a04f965ca","cc2a8b56-732c-4e4c-a058-248783b68587","South Korea"
7,489,2,3,8,0,403,1487,2508,0,"Equilibre","df6523cd-3270-4298-8d6f-00aa8e9455e6","cc2a8b56-732c-4e4c-a058-248783b68587","South Korea"
8,489,0,4,8,0,0,2547,4119,0,"PresqueEquilibre","54c68134-2c2a-4f2e-974b-32310830af0e","cc2a8b56-732c-4e4c-a058-248783b68587","South Korea"
9,489,2,3,4,0,421,1248,1476,0,"Equilibre","055d198c-f8b0-47b7-9eb3-94fc57808f93","cc2a8b56-732c-4e4c-a058-248783b68587","South Korea"
10,489,4,2,4,0,953,317,1072,0,"PresqueEquilibre","cea293cd-b0b1-40ea-8e71-756b3956e8ad","cc2a8b56-732c-4e4c-a058-248783b68587","South Korea"
11,489,2,2,2,0,1925,131,131,0,"Equilibre","de86783a-ac86-419a-a230-dad6b421fba4","cc2a8b56-732c-4e4c-a058-248783b68587","South Korea"
14,489,0,1,1,0,0,175,175,0,"PresqueEquilibre","9f8068fd-f5cc-4e1a-946a-c9beb8b4d05a","cc2a8b56-732c-4e4c-a058-248783b68587","South Korea"
13,489,2,1,1,0,594,704,704,0,"Equilibre","06026e76-f9a4-4fb9-877d-bcd33373cdab","cc2a8b56-732c-4e4c-a058-248783b68587","South Korea"
16,489,4,1,1,0,761,16,16,0,"Equilibre","27e050a3-45e8-4076-9c25-32be9040da4e","cc2a8b56-732c-4e4c-a058-248783b68587","South Korea"
15,489,12,3,4,0,1745,848,991,0,"Equilibre","4995f6d3-50ed-427d-9cf2-4ea0b81a229c","cc2a8b56-732c-4e4c-a058-248783b68587","South Korea"
17,489,1,2,4,0,182,689,885,0,"PresqueEquilibre","398e712a-fae6-451d-83c9-a7e500227e62","cc2a8b56-732c-4e4c-a058-248783b68587","South Korea"
19,489,0,5,9,0,0,1583,3876,0,"Equilibre","65681129-f83c-4293-9ce3-9d1429367fd0","cc2a8b56-732c-4e4c-a058-248783b68587","South Korea"
18,489,9,5,7,0,2722,2671,3077,0,"PresqueEquilibre","035a43cf-cf88-4675-85e7-11eeb0b3641c","cc2a8b56-732c-4e4c-a058-248783b68587","South Korea"
20,489,2,1,2,0,442,361,389,0,"Equilibre","aaf1dbcb-3748-4740-a2e0-58e7c1cb9f78","cc2a8b56-732c-4e4c-a058-248783b68587","South Korea"
21,489,0,3,3,0,0,1036,1036,0,"Equilibre","bf743fbf-9be2-49a1-bf7e-0b53276e6529","cc2a8b56-732c-4e4c-a058-248783b68587","South Korea"
23,489,1,1,1,0,534,1394,1394,0,"Equilibre","cd0a0a46-7676-4bf0-ad03-2e83bd565fee","cc2a8b56-732c-4e4c-a058-248783b68587","South Korea"
22,489,0,1,2,0,0,1656,2079,0,"Equilibre","9577727a-fa45-4185-9778-4a56a41cf0f6","cc2a8b56-732c-4e4c-a058-248783b68587","South Korea"
24,489,1,1,1,0,32,2716,2716,0,"Equilibre","073891b7-a928-4ff0-83e3-56f4d1a6315e","cc2a8b56-732c-4e4c-a058-248783b68587","South Korea"
25,489,2,5,7,0,441,3403,3837,0,"PresqueEquilibre","cc933e0b-091f-4ef4-bfc8-11f2076d4396","cc2a8b56-732c-4e4c-a058-248783b68587","South Korea"
26,489,1,1,2,0,78,759,1147,0,"Equilibre","4ed0a862-3163-449b-bb48-ca8b9ce3add0","cc2a8b56-732c-4e4c-a058-248783b68587","South Korea"
27,489,1,1,3,0,118,536,1140,0,"Equilibre","473d2e90-02dd-483e-ad19-3966ec20050a","cc2a8b56-732c-4e4c-a058-248783b68587","South Korea"
28,489,5,1,1,0,1828,353,353,0,"PresqueEquilibre","03964ff9-d24f-4a0a-a492-3a177e16eb11","cc2a8b56-732c-4e4c-a058-248783b68587","South Korea"
29,489,3,1,2,0,74,576,726,0,"Equilibre","e87291fb-8da5-4c7a-af30-4413737f2401","cc2a8b56-732c-4e4c-a058-248783b68587","South Korea"
35,489,6,4,5,0,892,3836,4648,0,"Equilibre","915ec45f-204b-411d-8ed7-7fdecb385e39","cc2a8b56-732c-4e4c-a058-248783b68587","South Korea"
37,489,3,0,0,0,1328,0,0,0,"Equilibre","38c90b27-ea8c-4111-a922-4e81390fefab","cc2a8b56-732c-4e4c-a058-248783b68587","South Korea"
30,489,1,1,1,0,706,266,266,0,"Equilibre","4436282c-7d0f-4334-ba8d-80b7cfe2b849","cc2a8b56-732c-4e4c-a058-248783b68587","South Korea"
31,489,1,2,3,0,702,392,1717,0,"Equilibre","98a2ab99-afcb-447e-ae8d-4b96b374e4d7","cc2a8b56-732c-4e4c-a058-248783b68587","South Korea"
32,489,1,2,2,0,288,1173,1173,0,"Equilibre","6caef30c-9e58-4bd8-bf6a-e3dcac4256f1","cc2a8b56-732c-4e4c-a058-248783b68587","South Korea"
33,489,1,1,2,0,287,1184,1731,0,"PresqueEquilibre","c19419a4-de5b-4642-b925-120bf7999f25","cc2a8b56-732c-4e4c-a058-248783b68587","South Korea"
34,489,4,2,4,0,525,695,1590,0,"Equilibre","0cd83ffd-f258-4775-a358-c55074060d88","cc2a8b56-732c-4e4c-a058-248783b68587","South Korea"
36,489,1,2,3,0,140,1663,1915,0,"PresqueEquilibre","5b5b9eb7-f06a-48a3-b3e8-675a7f2faf18","cc2a8b56-732c-4e4c-a058-248783b68587","South Korea"
38,327,1,8,4,0,218,2305,831,0,"PresqueEquilibre","199d1269-1d8a-420a-a986-1f4f2ab4355f","dd13fcba-0ae1-43d3-9d32-1672ed84f151","USA"
39,327,0,1,4,1,0,31,1901,647,"PasEquilibre","fd0537e8-3103-47f8-9998-44570bb8a45e","dd13fcba-0ae1-43d3-9d32-1672ed84f151","USA"
41,327,3,5,1,1,340,1228,223,177,"PresqueEquilibre","149c1889-4e83-4153-b763-54fb60e60d99","dd13fcba-0ae1-43d3-9d32-1672ed84f151","USA"
42,327,3,4,3,0,1511,1030,2445,0,"PresqueEquilibre","14229a71-f44e-4149-9f3c-aa7415691eae","dd13fcba-0ae1-43d3-9d32-1672ed84f151","USA"
43,327,1,2,2,1,229,1094,306,437,"PasEquilibre","a724528f-7fe6-4ad6-bba1-21cb02db2af5","dd13fcba-0ae1-43d3-9d32-1672ed84f151","USA"
44,327,1,0,1,0,347,0,294,0,"PasEquilibre","4f5ae77c-6112-401a-93d1-3bf44bd1ccbe","dd13fcba-0ae1-43d3-9d32-1672ed84f151","USA"
46,327,2,3,1,0,398,545,529,0,"PasEquilibre","4f147d0e-54ac-4b89-a269-aaa7819fb0ef","dd13fcba-0ae1-43d3-9d32-1672ed84f151","USA"
45,327,0,4,4,1,0,1528,2350,167,"PresqueEquilibre","c464d108-c77f-41e7-bcbc-d5855c9a7968","dd13fcba-0ae1-43d3-9d32-1672ed84f151","USA"
47,327,1,2,1,0,189,599,779,0,"PasEquilibre","b20e7a20-ca68-410c-8214-fbb92bfdfe17","dd13fcba-0ae1-43d3-9d32-1672ed84f151","USA"
48,327,0,1,2,0,0,117,937,0,"PasEquilibre","131f7620-d15d-4560-86ab-564145745b9b","dd13fcba-0ae1-43d3-9d32-1672ed84f151","USA"
2,327,0,0,1,0,0,0,1088,0,"PasEquilibre","131ecf76-b806-4557-b2c0-183a418357ba","dd13fcba-0ae1-43d3-9d32-1672ed84f151","USA"
3,327,0,2,1,0,0,306,754,0,"PasEquilibre","10e732f6-9a6a-474a-82e2-a4060fc8dffe","dd13fcba-0ae1-43d3-9d32-1672ed84f151","USA"
4,327,7,3,1,6,1981,1192,225,1639,"PresqueEquilibre","646465ef-0ad6-44cc-bd31-de24e1487943","dd13fcba-0ae1-43d3-9d32-1672ed84f151","USA"
6,327,2,3,2,1,141,1197,1630,369,"PasEquilibre","aa2c1d96-ec88-4bcb-8d0e-e2b0c7632af1","dd13fcba-0ae1-43d3-9d32-1672ed84f151","USA"
5,327,3,4,1,2,359,784,198,566,"PresqueEquilibre","9610f0dd-ff9f-4bd4-b311-459a04f965ca","dd13fcba-0ae1-43d3-9d32-1672ed84f151","USA"
7,327,1,1,0,2,238,437,0,930,"PasEquilibre","df6523cd-3270-4298-8d6f-00aa8e9455e6","dd13fcba-0ae1-43d3-9d32-1672ed84f151","USA"
8,327,1,0,0,1,576,0,0,942,"PasEquilibre","54c68134-2c2a-4f2e-974b-32310830af0e","dd13fcba-0ae1-43d3-9d32-1672ed84f151","USA"
9,327,0,1,2,0,0,111,358,0,"PasEquilibre","055d198c-f8b0-47b7-9eb3-94fc57808f93","dd13fcba-0ae1-43d3-9d32-1672ed84f151","USA"
10,327,1,2,3,1,179,444,575,250,"PasEquilibre","cea293cd-b0b1-40ea-8e71-756b3956e8ad","dd13fcba-0ae1-43d3-9d32-1672ed84f151","USA"
11,327,0,1,2,2,0,567,387,386,"PasEquilibre","de86783a-ac86-419a-a230-dad6b421fba4","dd13fcba-0ae1-43d3-9d32-1672ed84f151","USA"
14,327,1,3,2,2,15,631,429,570,"Equilibre","9f8068fd-f5cc-4e1a-946a-c9beb8b4d05a","dd13fcba-0ae1-43d3-9d32-1672ed84f151","USA"
13,327,3,1,3,1,881,448,1216,32,"Equilibre","06026e76-f9a4-4fb9-877d-bcd33373cdab","dd13fcba-0ae1-43d3-9d32-1672ed84f151","USA"
16,327,0,0,4,2,0,0,2044,393,"PasEquilibre","27e050a3-45e8-4076-9c25-32be9040da4e","dd13fcba-0ae1-43d3-9d32-1672ed84f151","USA"
15,327,2,2,2,0,492,1342,245,0,"PasEquilibre","4995f6d3-50ed-427d-9cf2-4ea0b81a229c","dd13fcba-0ae1-43d3-9d32-1672ed84f151","USA"
17,327,1,0,0,2,64,0,0,191,"PasEquilibre","398e712a-fae6-451d-83c9-a7e500227e62","dd13fcba-0ae1-43d3-9d32-1672ed84f151","USA"
19,327,2,4,2,2,559,1443,584,628,"PresqueEquilibre","65681129-f83c-4293-9ce3-9d1429367fd0","dd13fcba-0ae1-43d3-9d32-1672ed84f151","USA"
18,327,1,1,3,2,17,509,899,492,"PasEquilibre","035a43cf-cf88-4675-85e7-11eeb0b3641c","dd13fcba-0ae1-43d3-9d32-1672ed84f151","USA"
20,327,2,3,2,1,84,305,34,305,"PasEquilibre","aaf1dbcb-3748-4740-a2e0-58e7c1cb9f78","dd13fcba-0ae1-43d3-9d32-1672ed84f151","USA"
21,327,1,0,2,1,317,0,1147,556,"Equilibre","bf743fbf-9be2-49a1-bf7e-0b53276e6529","dd13fcba-0ae1-43d3-9d32-1672ed84f151","USA"
23,327,0,0,1,0,0,0,1713,0,"PasEquilibre","cd0a0a46-7676-4bf0-ad03-2e83bd565fee","dd13fcba-0ae1-43d3-9d32-1672ed84f151","USA"
22,327,1,0,1,1,334,0,349,335,"Equilibre","9577727a-fa45-4185-9778-4a56a41cf0f6","dd13fcba-0ae1-43d3-9d32-1672ed84f151","USA"
24,327,0,2,1,0,0,423,3231,0,"PasEquilibre","073891b7-a928-4ff0-83e3-56f4d1a6315e","dd13fcba-0ae1-43d3-9d32-1672ed84f151","USA"
25,327,2,2,3,2,719,412,1030,402,"PresqueEquilibre","cc933e0b-091f-4ef4-bfc8-11f2076d4396","dd13fcba-0ae1-43d3-9d32-1672ed84f151","USA"
26,327,1,1,4,0,151,690,1761,0,"PresqueEquilibre","4ed0a862-3163-449b-bb48-ca8b9ce3add0","dd13fcba-0ae1-43d3-9d32-1672ed84f151","USA"
27,327,0,2,1,0,0,399,753,0,"PasEquilibre","473d2e90-02dd-483e-ad19-3966ec20050a","dd13fcba-0ae1-43d3-9d32-1672ed84f151","USA"
28,327,0,1,1,0,0,509,380,0,"PasEquilibre","03964ff9-d24f-4a0a-a492-3a177e16eb11","dd13fcba-0ae1-43d3-9d32-1672ed84f151","USA"
29,327,0,2,1,0,0,1323,248,0,"PresqueEquilibre","e87291fb-8da5-4c7a-af30-4413737f2401","dd13fcba-0ae1-43d3-9d32-1672ed84f151","USA"
35,327,0,4,1,0,0,1487,793,0,"PasEquilibre","915ec45f-204b-411d-8ed7-7fdecb385e39","dd13fcba-0ae1-43d3-9d32-1672ed84f151","USA"
37,327,0,3,1,0,0,613,394,0,"PasEquilibre","38c90b27-ea8c-4111-a922-4e81390fefab","dd13fcba-0ae1-43d3-9d32-1672ed84f151","USA"
30,327,0,1,2,0,0,380,297,0,"PresqueEquilibre","4436282c-7d0f-4334-ba8d-80b7cfe2b849","dd13fcba-0ae1-43d3-9d32-1672ed84f151","USA"
31,327,1,2,3,1,190,617,532,42,"PasEquilibre","98a2ab99-afcb-447e-ae8d-4b96b374e4d7","dd13fcba-0ae1-43d3-9d32-1672ed84f151","USA"
32,327,1,0,1,1,252,0,606,284,"PasEquilibre","6caef30c-9e58-4bd8-bf6a-e3dcac4256f1","dd13fcba-0ae1-43d3-9d32-1672ed84f151","USA"
33,327,5,3,4,1,274,1377,1896,513,"PasEquilibre","c19419a4-de5b-4642-b925-120bf7999f25","dd13fcba-0ae1-43d3-9d32-1672ed84f151","USA"
34,327,0,0,2,0,0,0,3142,0,"PasEquilibre","0cd83ffd-f258-4775-a358-c55074060d88","dd13fcba-0ae1-43d3-9d32-1672ed84f151","USA"
36,327,0,0,0,1,0,0,0,327,"PasEquilibre","5b5b9eb7-f06a-48a3-b3e8-675a7f2faf18","dd13fcba-0ae1-43d3-9d32-1672ed84f151","USA"
38,238,1,0,2,0,80,0,3744,0,"Equilibre","199d1269-1d8a-420a-a986-1f4f2ab4355f","6afda059-04a5-4308-b776-a532ed142284","Italy"
39,238,2,2,1,2,423,534,755,1055,"Equilibre","fd0537e8-3103-47f8-9998-44570bb8a45e","6afda059-04a5-4308-b776-a532ed142284","Italy"
40,238,2,2,3,1,719,109,1036,94,"Equilibre","e433aa11-cdb7-4733-88a9-7067cf52299b","6afda059-04a5-4308-b776-a532ed142284","Italy"
41,238,3,3,0,2,954,871,0,322,"Equilibre","149c1889-4e83-4153-b763-54fb60e60d99","6afda059-04a5-4308-b776-a532ed142284","Italy"
42,238,1,1,1,1,720,726,468,217,"Equilibre","14229a71-f44e-4149-9f3c-aa7415691eae","6afda059-04a5-4308-b776-a532ed142284","Italy"
43,238,0,1,1,0,0,1244,4743,0,"PresqueEquilibre","a724528f-7fe6-4ad6-bba1-21cb02db2af5","6afda059-04a5-4308-b776-a532ed142284","Italy"
44,238,1,1,0,1,330,113,0,343,"PresqueEquilibre","4f5ae77c-6112-401a-93d1-3bf44bd1ccbe","6afda059-04a5-4308-b776-a532ed142284","Italy"
46,238,2,2,2,1,839,616,269,302,"Equilibre","4f147d0e-54ac-4b89-a269-aaa7819fb0ef","6afda059-04a5-4308-b776-a532ed142284","Italy"
45,238,5,4,3,2,495,915,408,1530,"Equilibre","c464d108-c77f-41e7-bcbc-d5855c9a7968","6afda059-04a5-4308-b776-a532ed142284","Italy"
47,238,0,1,2,0,0,563,696,0,"Equilibre","b20e7a20-ca68-410c-8214-fbb92bfdfe17","6afda059-04a5-4308-b776-a532ed142284","Italy"
48,238,2,2,4,0,979,109,1623,0,"PasEquilibre","131f7620-d15d-4560-86ab-564145745b9b","6afda059-04a5-4308-b776-a532ed142284","Italy"
2,238,0,1,0,0,0,894,0,0,"PresqueEquilibre","131ecf76-b806-4557-b2c0-183a418357ba","6afda059-04a5-4308-b776-a532ed142284","Italy"
3,238,3,5,2,3,1225,1692,497,1516,"PresqueEquilibre","10e732f6-9a6a-474a-82e2-a4060fc8dffe","6afda059-04a5-4308-b776-a532ed142284","Italy"
4,238,2,5,5,0,389,1065,1860,0,"PasEquilibre","646465ef-0ad6-44cc-bd31-de24e1487943","6afda059-04a5-4308-b776-a532ed142284","Italy"
6,238,2,2,2,1,150,274,853,569,"Equilibre","aa2c1d96-ec88-4bcb-8d0e-e2b0c7632af1","6afda059-04a5-4308-b776-a532ed142284","Italy"
5,238,1,4,3,2,164,351,935,467,"Equilibre","9610f0dd-ff9f-4bd4-b311-459a04f965ca","6afda059-04a5-4308-b776-a532ed142284","Italy"
7,238,2,3,3,2,643,877,1074,259,"PresqueEquilibre","df6523cd-3270-4298-8d6f-00aa8e9455e6","6afda059-04a5-4308-b776-a532ed142284","Italy"
8,238,3,3,2,2,1587,1250,1118,316,"Equilibre","54c68134-2c2a-4f2e-974b-32310830af0e","6afda059-04a5-4308-b776-a532ed142284","Italy"
9,238,2,3,2,2,603,1674,677,1939,"PresqueEquilibre","055d198c-f8b0-47b7-9eb3-94fc57808f93","6afda059-04a5-4308-b776-a532ed142284","Italy"
10,238,1,1,1,0,221,235,1186,0,"Equilibre","cea293cd-b0b1-40ea-8e71-756b3956e8ad","6afda059-04a5-4308-b776-a532ed142284","Italy"
11,238,1,1,1,1,601,159,620,349,"Equilibre","de86783a-ac86-419a-a230-dad6b421fba4","6afda059-04a5-4308-b776-a532ed142284","Italy"
14,238,1,1,1,1,546,78,869,61,"Equilibre","9f8068fd-f5cc-4e1a-946a-c9beb8b4d05a","6afda059-04a5-4308-b776-a532ed142284","Italy"
16,238,0,1,3,0,0,290,1313,0,"Equilibre","27e050a3-45e8-4076-9c25-32be9040da4e","6afda059-04a5-4308-b776-a532ed142284","Italy"
15,238,2,2,0,4,400,192,0,1266,"Equilibre","4995f6d3-50ed-427d-9cf2-4ea0b81a229c","6afda059-04a5-4308-b776-a532ed142284","Italy"
17,238,0,1,1,0,0,509,175,0,"PresqueEquilibre","398e712a-fae6-451d-83c9-a7e500227e62","6afda059-04a5-4308-b776-a532ed142284","Italy"
19,238,5,2,1,4,521,728,217,1100,"Equilibre","65681129-f83c-4293-9ce3-9d1429367fd0","6afda059-04a5-4308-b776-a532ed142284","Italy"
18,238,1,1,3,1,130,271,1058,321,"Equilibre","035a43cf-cf88-4675-85e7-11eeb0b3641c","6afda059-04a5-4308-b776-a532ed142284","Italy"
20,238,2,2,4,0,784,786,1126,0,"PresqueEquilibre","aaf1dbcb-3748-4740-a2e0-58e7c1cb9f78","6afda059-04a5-4308-b776-a532ed142284","Italy"
21,238,1,2,2,0,180,2569,1505,0,"Equilibre","bf743fbf-9be2-49a1-bf7e-0b53276e6529","6afda059-04a5-4308-b776-a532ed142284","Italy"
23,238,3,3,2,2,498,589,1469,577,"PresqueEquilibre","cd0a0a46-7676-4bf0-ad03-2e83bd565fee","6afda059-04a5-4308-b776-a532ed142284","Italy"
22,238,0,0,1,0,0,0,1373,0,"Equilibre","9577727a-fa45-4185-9778-4a56a41cf0f6","6afda059-04a5-4308-b776-a532ed142284","Italy"
24,238,0,1,1,0,0,1965,589,0,"Equilibre","073891b7-a928-4ff0-83e3-56f4d1a6315e","6afda059-04a5-4308-b776-a532ed142284","Italy"
25,238,0,4,2,2,0,1686,2139,392,"Equilibre","cc933e0b-091f-4ef4-bfc8-11f2076d4396","6afda059-04a5-4308-b776-a532ed142284","Italy"
26,238,1,2,3,0,138,1133,804,0,"Equilibre","4ed0a862-3163-449b-bb48-ca8b9ce3add0","6afda059-04a5-4308-b776-a532ed142284","Italy"
27,238,0,2,2,0,0,906,830,0,"Equilibre","473d2e90-02dd-483e-ad19-3966ec20050a","6afda059-04a5-4308-b776-a532ed142284","Italy"
28,238,2,1,2,0,539,300,472,0,"Equilibre","03964ff9-d24f-4a0a-a492-3a177e16eb11","6afda059-04a5-4308-b776-a532ed142284","Italy"
29,238,1,0,2,0,235,0,763,0,"Equilibre","e87291fb-8da5-4c7a-af30-4413737f2401","6afda059-04a5-4308-b776-a532ed142284","Italy"
35,238,2,3,5,0,696,971,1737,0,"Equilibre","915ec45f-204b-411d-8ed7-7fdecb385e39","6afda059-04a5-4308-b776-a532ed142284","Italy"
37,238,1,0,1,3,230,0,154,531,"Equilibre","38c90b27-ea8c-4111-a922-4e81390fefab","6afda059-04a5-4308-b776-a532ed142284","Italy"
30,238,1,0,1,0,309,0,179,0,"Equilibre","4436282c-7d0f-4334-ba8d-80b7cfe2b849","6afda059-04a5-4308-b776-a532ed142284","Italy"
31,238,3,3,3,0,1563,766,665,0,"Equilibre","98a2ab99-afcb-447e-ae8d-4b96b374e4d7","6afda059-04a5-4308-b776-a532ed142284","Italy"
32,238,1,1,1,1,15,344,456,262,"Equilibre","6caef30c-9e58-4bd8-bf6a-e3dcac4256f1","6afda059-04a5-4308-b776-a532ed142284","Italy"
33,238,0,5,3,3,0,1250,1037,1115,"Equilibre","c19419a4-de5b-4642-b925-120bf7999f25","6afda059-04a5-4308-b776-a532ed142284","Italy"
34,238,2,5,4,1,480,1302,841,114,"PasEquilibre","0cd83ffd-f258-4775-a358-c55074060d88","6afda059-04a5-4308-b776-a532ed142284","Italy"
36,238,1,2,1,0,14,196,111,0,"PresqueEquilibre","5b5b9eb7-f06a-48a3-b3e8-675a7f2faf18","6afda059-04a5-4308-b776-a532ed142284","Italy"
38,352,4,4,2,0,1770,2052,869,0,"Equilibre","199d1269-1d8a-420a-a986-1f4f2ab4355f","f61f9030-d814-495d-af95-0e643697de64","Brazil"
39,352,1,6,3,1,266,2268,151,210,"PresqueEquilibre","fd0537e8-3103-47f8-9998-44570bb8a45e","f61f9030-d814-495d-af95-0e643697de64","Brazil"
40,352,2,5,4,0,1571,1779,927,0,"PresqueEquilibre","e433aa11-cdb7-4733-88a9-7067cf52299b","f61f9030-d814-495d-af95-0e643697de64","Brazil"
41,352,0,2,2,0,0,2376,264,0,"PresqueEquilibre","149c1889-4e83-4153-b763-54fb60e60d99","f61f9030-d814-495d-af95-0e643697de64","Brazil"
42,352,4,4,0,2,1316,1942,0,253,"Equilibre","14229a71-f44e-4149-9f3c-aa7415691eae","f61f9030-d814-495d-af95-0e643697de64","Brazil"
43,352,4,5,0,4,705,3395,0,883,"PresqueEquilibre","a724528f-7fe6-4ad6-bba1-21cb02db2af5","f61f9030-d814-495d-af95-0e643697de64","Brazil"
44,352,2,2,1,0,744,70,203,0,"Equilibre","4f5ae77c-6112-401a-93d1-3bf44bd1ccbe","f61f9030-d814-495d-af95-0e643697de64","Brazil"
46,352,1,1,2,0,330,376,750,0,"Equilibre","4f147d0e-54ac-4b89-a269-aaa7819fb0ef","f61f9030-d814-495d-af95-0e643697de64","Brazil"
45,352,5,4,3,3,1027,402,451,1615,"Equilibre","c464d108-c77f-41e7-bcbc-d5855c9a7968","f61f9030-d814-495d-af95-0e643697de64","Brazil"
47,352,1,0,1,0,490,0,1004,0,"PresqueEquilibre","b20e7a20-ca68-410c-8214-fbb92bfdfe17","f61f9030-d814-495d-af95-0e643697de64","Brazil"
48,352,3,4,1,4,1961,1277,102,1071,"PasEquilibre","131f7620-d15d-4560-86ab-564145745b9b","f61f9030-d814-495d-af95-0e643697de64","Brazil"
2,352,1,2,2,0,105,687,483,0,"Equilibre","131ecf76-b806-4557-b2c0-183a418357ba","f61f9030-d814-495d-af95-0e643697de64","Brazil"
3,352,4,6,5,3,624,2122,1747,1216,"Equilibre","10e732f6-9a6a-474a-82e2-a4060fc8dffe","f61f9030-d814-495d-af95-0e643697de64","Brazil"
4,352,4,2,4,0,1341,308,3185,0,"PasEquilibre","646465ef-0ad6-44cc-bd31-de24e1487943","f61f9030-d814-495d-af95-0e643697de64","Brazil"
6,352,3,4,1,2,552,583,45,554,"PresqueEquilibre","aa2c1d96-ec88-4bcb-8d0e-e2b0c7632af1","f61f9030-d814-495d-af95-0e643697de64","Brazil"
5,352,3,3,2,0,696,735,595,0,"Equilibre","9610f0dd-ff9f-4bd4-b311-459a04f965ca","f61f9030-d814-495d-af95-0e643697de64","Brazil"
7,352,1,1,1,3,723,140,256,1287,"Equilibre","df6523cd-3270-4298-8d6f-00aa8e9455e6","f61f9030-d814-495d-af95-0e643697de64","Brazil"
9,352,0,3,5,0,0,1155,1761,0,"PresqueEquilibre","055d198c-f8b0-47b7-9eb3-94fc57808f93","f61f9030-d814-495d-af95-0e643697de64","Brazil"
10,352,2,2,2,1,310,802,979,273,"PresqueEquilibre","cea293cd-b0b1-40ea-8e71-756b3956e8ad","f61f9030-d814-495d-af95-0e643697de64","Brazil"
11,352,2,4,2,0,893,995,691,0,"PresqueEquilibre","de86783a-ac86-419a-a230-dad6b421fba4","f61f9030-d814-495d-af95-0e643697de64","Brazil"
14,352,2,1,1,1,260,238,503,334,"PresqueEquilibre","9f8068fd-f5cc-4e1a-946a-c9beb8b4d05a","f61f9030-d814-495d-af95-0e643697de64","Brazil"
16,352,1,2,1,0,1395,795,670,0,"PresqueEquilibre","27e050a3-45e8-4076-9c25-32be9040da4e","f61f9030-d814-495d-af95-0e643697de64","Brazil"
15,352,2,3,7,0,463,581,718,0,"Equilibre","4995f6d3-50ed-427d-9cf2-4ea0b81a229c","f61f9030-d814-495d-af95-0e643697de64","Brazil"
17,352,1,1,1,0,656,612,890,0,"Equilibre","398e712a-fae6-451d-83c9-a7e500227e62","f61f9030-d814-495d-af95-0e643697de64","Brazil"
19,352,2,2,2,1,500,836,627,366,"PresqueEquilibre","65681129-f83c-4293-9ce3-9d1429367fd0","f61f9030-d814-495d-af95-0e643697de64","Brazil"
18,352,4,2,0,4,1781,472,0,3435,"PresqueEquilibre","035a43cf-cf88-4675-85e7-11eeb0b3641c","f61f9030-d814-495d-af95-0e643697de64","Brazil"
20,352,1,4,4,0,704,1072,437,0,"Equilibre","aaf1dbcb-3748-4740-a2e0-58e7c1cb9f78","f61f9030-d814-495d-af95-0e643697de64","Brazil"
21,352,0,0,0,2,0,0,0,1222,"PresqueEquilibre","bf743fbf-9be2-49a1-bf7e-0b53276e6529","f61f9030-d814-495d-af95-0e643697de64","Brazil"
23,352,1,2,1,0,438,2073,344,0,"Equilibre","cd0a0a46-7676-4bf0-ad03-2e83bd565fee","f61f9030-d814-495d-af95-0e643697de64","Brazil"
22,352,1,0,0,1,145,0,0,1082,"Equilibre","9577727a-fa45-4185-9778-4a56a41cf0f6","f61f9030-d814-495d-af95-0e643697de64","Brazil"
24,352,1,1,0,1,624,538,0,601,"Equilibre","073891b7-a928-4ff0-83e3-56f4d1a6315e","f61f9030-d814-495d-af95-0e643697de64","Brazil"
25,352,0,3,2,0,0,2922,492,0,"Equilibre","cc933e0b-091f-4ef4-bfc8-11f2076d4396","f61f9030-d814-495d-af95-0e643697de64","Brazil"
26,352,2,6,3,3,278,1498,1313,351,"PresqueEquilibre","4ed0a862-3163-449b-bb48-ca8b9ce3add0","f61f9030-d814-495d-af95-0e643697de64","Brazil"
27,352,1,3,1,1,225,780,42,65,"Equilibre","473d2e90-02dd-483e-ad19-3966ec20050a","f61f9030-d814-495d-af95-0e643697de64","Brazil"
28,352,1,1,0,0,402,1313,0,0,"Equilibre","03964ff9-d24f-4a0a-a492-3a177e16eb11","f61f9030-d814-495d-af95-0e643697de64","Brazil"
29,352,2,1,0,2,554,289,0,96,"Equilibre","e87291fb-8da5-4c7a-af30-4413737f2401","f61f9030-d814-495d-af95-0e643697de64","Brazil"
35,352,0,1,1,0,0,378,460,0,"PresqueEquilibre","915ec45f-204b-411d-8ed7-7fdecb385e39","f61f9030-d814-495d-af95-0e643697de64","Brazil"
37,352,2,1,1,0,597,357,30,0,"PresqueEquilibre","38c90b27-ea8c-4111-a922-4e81390fefab","f61f9030-d814-495d-af95-0e643697de64","Brazil"
30,352,1,2,0,0,47,474,0,0,"Equilibre","4436282c-7d0f-4334-ba8d-80b7cfe2b849","f61f9030-d814-495d-af95-0e643697de64","Brazil"
31,352,1,5,0,3,365,883,0,1196,"PresqueEquilibre","98a2ab99-afcb-447e-ae8d-4b96b374e4d7","f61f9030-d814-495d-af95-0e643697de64","Brazil"
32,352,5,4,0,3,915,1352,0,598,"PresqueEquilibre","6caef30c-9e58-4bd8-bf6a-e3dcac4256f1","f61f9030-d814-495d-af95-0e643697de64","Brazil"
33,352,1,2,0,2,346,1191,0,641,"PresqueEquilibre","c19419a4-de5b-4642-b925-120bf7999f25","f61f9030-d814-495d-af95-0e643697de64","Brazil"
34,352,1,5,0,3,302,1477,0,571,"PasEquilibre","0cd83ffd-f258-4775-a358-c55074060d88","f61f9030-d814-495d-af95-0e643697de64","Brazil"
36,352,1,4,3,2,69,763,525,646,"Equilibre","5b5b9eb7-f06a-48a3-b3e8-675a7f2faf18","f61f9030-d814-495d-af95-0e643697de64","Brazil"
38,980,2,0,0,1,1520,0,0,311,"PresqueEquilibre","199d1269-1d8a-420a-a986-1f4f2ab4355f","5445f170-12c1-48fc-9563-3709dd2993b0","Greece"
39,980,0,4,3,0,0,1428,1380,0,"Equilibre","fd0537e8-3103-47f8-9998-44570bb8a45e","5445f170-12c1-48fc-9563-3709dd2993b0","Greece"
41,980,2,1,2,1,147,681,1051,370,"Equilibre","149c1889-4e83-4153-b763-54fb60e60d99","5445f170-12c1-48fc-9563-3709dd2993b0","Greece"
42,980,2,4,4,2,896,1138,1896,1845,"Equilibre","14229a71-f44e-4149-9f3c-aa7415691eae","5445f170-12c1-48fc-9563-3709dd2993b0","Greece"
43,980,5,12,7,4,1600,1488,993,1059,"PresqueEquilibre","a724528f-7fe6-4ad6-bba1-21cb02db2af5","5445f170-12c1-48fc-9563-3709dd2993b0","Greece"
44,980,1,2,2,1,16,453,432,16,"PresqueEquilibre","4f5ae77c-6112-401a-93d1-3bf44bd1ccbe","5445f170-12c1-48fc-9563-3709dd2993b0","Greece"
46,980,1,1,1,0,971,200,200,0,"Equilibre","4f147d0e-54ac-4b89-a269-aaa7819fb0ef","5445f170-12c1-48fc-9563-3709dd2993b0","Greece"
45,980,2,6,5,2,362,1356,1596,633,"Equilibre","c464d108-c77f-41e7-bcbc-d5855c9a7968","5445f170-12c1-48fc-9563-3709dd2993b0","Greece"
48,980,2,3,3,0,533,3413,3413,0,"Equilibre","131f7620-d15d-4560-86ab-564145745b9b","5445f170-12c1-48fc-9563-3709dd2993b0","Greece"
2,980,0,1,1,1,0,1003,1003,17,"Equilibre","131ecf76-b806-4557-b2c0-183a418357ba","5445f170-12c1-48fc-9563-3709dd2993b0","Greece"
3,980,3,4,3,1,822,1224,2276,1150,"Equilibre","10e732f6-9a6a-474a-82e2-a4060fc8dffe","5445f170-12c1-48fc-9563-3709dd2993b0","Greece"
4,980,2,2,3,2,232,3860,4208,364,"Equilibre","646465ef-0ad6-44cc-bd31-de24e1487943","5445f170-12c1-48fc-9563-3709dd2993b0","Greece"
6,980,0,1,2,2,0,724,1045,381,"Equilibre","aa2c1d96-ec88-4bcb-8d0e-e2b0c7632af1","5445f170-12c1-48fc-9563-3709dd2993b0","Greece"
5,980,3,4,4,3,745,718,668,401,"Equilibre","9610f0dd-ff9f-4bd4-b311-459a04f965ca","5445f170-12c1-48fc-9563-3709dd2993b0","Greece"
7,980,0,3,2,0,0,892,708,0,"Equilibre","df6523cd-3270-4298-8d6f-00aa8e9455e6","5445f170-12c1-48fc-9563-3709dd2993b0","Greece"
8,980,2,4,7,6,425,696,2461,2269,"Equilibre","54c68134-2c2a-4f2e-974b-32310830af0e","5445f170-12c1-48fc-9563-3709dd2993b0","Greece"
9,980,1,2,3,3,54,3751,4120,750,"Equilibre","055d198c-f8b0-47b7-9eb3-94fc57808f93","5445f170-12c1-48fc-9563-3709dd2993b0","Greece"
10,980,3,3,3,1,285,1741,1979,543,"Equilibre","cea293cd-b0b1-40ea-8e71-756b3956e8ad","5445f170-12c1-48fc-9563-3709dd2993b0","Greece"
11,980,2,2,1,1,760,77,730,730,"Equilibre","de86783a-ac86-419a-a230-dad6b421fba4","5445f170-12c1-48fc-9563-3709dd2993b0","Greece"
14,980,3,5,4,3,329,1047,865,949,"PresqueEquilibre","9f8068fd-f5cc-4e1a-946a-c9beb8b4d05a","5445f170-12c1-48fc-9563-3709dd2993b0","Greece"
13,980,0,5,5,3,0,1820,1820,1050,"Equilibre","06026e76-f9a4-4fb9-877d-bcd33373cdab","5445f170-12c1-48fc-9563-3709dd2993b0","Greece"
16,980,2,2,2,1,1352,1149,1195,96,"Equilibre","27e050a3-45e8-4076-9c25-32be9040da4e","5445f170-12c1-48fc-9563-3709dd2993b0","Greece"
15,980,0,5,4,1,0,1685,1476,45,"Equilibre","4995f6d3-50ed-427d-9cf2-4ea0b81a229c","5445f170-12c1-48fc-9563-3709dd2993b0","Greece"
17,980,1,1,2,2,769,228,348,950,"Equilibre","398e712a-fae6-451d-83c9-a7e500227e62","5445f170-12c1-48fc-9563-3709dd2993b0","Greece"
19,980,4,3,3,1,513,134,685,586,"Equilibre","65681129-f83c-4293-9ce3-9d1429367fd0","5445f170-12c1-48fc-9563-3709dd2993b0","Greece"
18,980,2,5,4,2,495,3206,3227,510,"Equilibre","035a43cf-cf88-4675-85e7-11eeb0b3641c","5445f170-12c1-48fc-9563-3709dd2993b0","Greece"
20,980,2,5,5,3,285,926,1041,553,"Equilibre","aaf1dbcb-3748-4740-a2e0-58e7c1cb9f78","5445f170-12c1-48fc-9563-3709dd2993b0","Greece"
21,980,2,1,0,1,267,16,0,525,"Equilibre","bf743fbf-9be2-49a1-bf7e-0b53276e6529","5445f170-12c1-48fc-9563-3709dd2993b0","Greece"
23,980,1,3,1,0,422,1933,1823,0,"Equilibre","cd0a0a46-7676-4bf0-ad03-2e83bd565fee","5445f170-12c1-48fc-9563-3709dd2993b0","Greece"
22,980,0,1,1,0,0,430,430,0,"Equilibre","9577727a-fa45-4185-9778-4a56a41cf0f6","5445f170-12c1-48fc-9563-3709dd2993b0","Greece"
25,980,3,3,3,2,1961,1240,1240,572,"Equilibre","cc933e0b-091f-4ef4-bfc8-11f2076d4396","5445f170-12c1-48fc-9563-3709dd2993b0","Greece"
26,980,0,3,3,1,0,1809,1809,578,"PresqueEquilibre","4ed0a862-3163-449b-bb48-ca8b9ce3add0","5445f170-12c1-48fc-9563-3709dd2993b0","Greece"
27,980,2,1,3,3,480,713,1102,749,"Equilibre","473d2e90-02dd-483e-ad19-3966ec20050a","5445f170-12c1-48fc-9563-3709dd2993b0","Greece"
28,980,2,2,2,1,865,74,74,826,"Equilibre","03964ff9-d24f-4a0a-a492-3a177e16eb11","5445f170-12c1-48fc-9563-3709dd2993b0","Greece"
29,980,1,1,2,2,217,235,651,430,"Equilibre","e87291fb-8da5-4c7a-af30-4413737f2401","5445f170-12c1-48fc-9563-3709dd2993b0","Greece"
35,980,3,9,7,6,743,2601,2143,2155,"PasEquilibre","915ec45f-204b-411d-8ed7-7fdecb385e39","5445f170-12c1-48fc-9563-3709dd2993b0","Greece"
37,980,0,3,3,2,0,1377,1377,977,"Equilibre","38c90b27-ea8c-4111-a922-4e81390fefab","5445f170-12c1-48fc-9563-3709dd2993b0","Greece"
30,980,1,2,1,0,89,916,673,0,"Equilibre","4436282c-7d0f-4334-ba8d-80b7cfe2b849","5445f170-12c1-48fc-9563-3709dd2993b0","Greece"
31,980,1,1,1,1,478,250,250,17,"Equilibre","98a2ab99-afcb-447e-ae8d-4b96b374e4d7","5445f170-12c1-48fc-9563-3709dd2993b0","Greece"
32,980,1,3,2,2,148,375,298,34,"Equilibre","6caef30c-9e58-4bd8-bf6a-e3dcac4256f1","5445f170-12c1-48fc-9563-3709dd2993b0","Greece"
33,980,1,4,3,0,540,1640,1624,0,"PresqueEquilibre","c19419a4-de5b-4642-b925-120bf7999f25","5445f170-12c1-48fc-9563-3709dd2993b0","Greece"
34,980,0,3,3,1,0,1141,1141,189,"Equilibre","0cd83ffd-f258-4775-a358-c55074060d88","5445f170-12c1-48fc-9563-3709dd2993b0","Greece"
