"tester_id","id_item","pays","num_stimulus","feculents","proteines","fruits","legumes","produits_laitiers","tps_tot","pct_feculents","pct_proteines","pct_fruits","pct_legumes","pct_produits_laitiers","max","cat_max","classe"
"199d1269-1d8a-420a-a986-1f4f2ab4355f","34359006-f70f-438e-85d0-420cf2fe6944","Ukraine","156",6786,1825,0,3590,0,12201,55.6183919350873,14.9577903450537,0,29.423817719859,0,6786,"feculents","PresqueEquillibré"
"fd0537e8-3103-47f8-9998-44570bb8a45e","34359006-f70f-438e-85d0-420cf2fe6944","Ukraine","156",13040,3095,0,2262,0,18397,70.8811219220525,16.8233951187694,0,12.2954829591781,0,13040,"feculents","PresqueEquillibré"
"e433aa11-cdb7-4733-88a9-7067cf52299b","34359006-f70f-438e-85d0-420cf2fe6944","Ukraine","156",11329,1038,0,6867,0,19234,58.9009046480191,5.39669335551627,0,35.7024019964646,0,11329,"feculents","Equillibré"
"149c1889-4e83-4153-b763-54fb60e60d99","34359006-f70f-438e-85d0-420cf2fe6944","Ukraine","156",8839,1894,0,10351,0,21084,41.9227850502751,8.98311515841396,0,49.0940997913109,0,10351,"legumes","PresqueEquillibré"
"14229a71-f44e-4149-9f3c-aa7415691eae","34359006-f70f-438e-85d0-420cf2fe6944","Ukraine","156",5500,2647,0,2275,0,10422,52.7729802341201,25.3981961235847,0,21.8288236422951,0,5500,"feculents","PasEquillibré"
"a724528f-7fe6-4ad6-bba1-21cb02db2af5","34359006-f70f-438e-85d0-420cf2fe6944","Ukraine","156",13291,4510,0,10298,0,28099,47.3006156802733,16.0503932524289,0,36.6489910672978,0,13291,"feculents","PasEquillibré"
"4f5ae77c-6112-401a-93d1-3bf44bd1ccbe","34359006-f70f-438e-85d0-420cf2fe6944","Ukraine","156",1150,1010,0,1871,0,4031,28.5289010171173,25.0558174150335,0,46.4152815678492,0,1871,"legumes","PasEquillibré"
"4f147d0e-54ac-4b89-a269-aaa7819fb0ef","34359006-f70f-438e-85d0-420cf2fe6944","Ukraine","156",6510,2803,0,4016,0,13329,48.8408732838172,21.0293345337235,0,30.1297921824593,0,6510,"feculents","Equillibré"
"c464d108-c77f-41e7-bcbc-d5855c9a7968","34359006-f70f-438e-85d0-420cf2fe6944","Ukraine","156",14655,9656,0,8660,0,32971,44.4481514057808,29.2863425434473,0,26.2655060507719,0,14655,"feculents","PresqueEquillibré"
"b20e7a20-ca68-410c-8214-fbb92bfdfe17","34359006-f70f-438e-85d0-420cf2fe6944","Ukraine","156",5251,1826,0,163,0,7240,72.5276243093923,25.2209944751381,0,2.25138121546961,0,5251,"feculents","PasEquillibré"
"131f7620-d15d-4560-86ab-564145745b9b","34359006-f70f-438e-85d0-420cf2fe6944","Ukraine","156",9673,5580,0,3934,0,19187,50.4143430447699,29.0821910668682,0,20.5034658883619,0,9673,"feculents","Equillibré"
"131ecf76-b806-4557-b2c0-183a418357ba","34359006-f70f-438e-85d0-420cf2fe6944","Ukraine","156",1193,494,0,801,0,2488,47.9501607717042,19.8553054662379,0,32.1945337620579,0,1193,"feculents","PasEquillibré"
"9560482a-f0a3-4f68-a311-03d22aedbd05","34359006-f70f-438e-85d0-420cf2fe6944","Ukraine","156",5959,3246,0,4281,0,13486,44.1865638439864,24.0694053092096,0,31.7440308468041,0,5959,"feculents","PresqueEquillibré"
"10e732f6-9a6a-474a-82e2-a4060fc8dffe","34359006-f70f-438e-85d0-420cf2fe6944","Ukraine","156",10001,752,0,6257,0,17010,58.7948265726044,4.42092886537331,0,36.7842445620223,0,10001,"feculents","PresqueEquillibré"
"646465ef-0ad6-44cc-bd31-de24e1487943","34359006-f70f-438e-85d0-420cf2fe6944","Ukraine","156",7495,3403,0,3600,0,14498,51.6967857635536,23.4722030624914,0,24.831011173955,0,7495,"feculents","Equillibré"
"aa2c1d96-ec88-4bcb-8d0e-e2b0c7632af1","34359006-f70f-438e-85d0-420cf2fe6944","Ukraine","156",6320,3854,0,4918,0,15092,41.8764908560827,25.5367081897694,0,32.5868009541479,0,6320,"feculents","PasEquillibré"
"9610f0dd-ff9f-4bd4-b311-459a04f965ca","34359006-f70f-438e-85d0-420cf2fe6944","Ukraine","156",3305,2010,0,3336,0,8651,38.2036758756213,23.2343081724656,0,38.5620159519131,0,3336,"legumes","Equillibré"
"df6523cd-3270-4298-8d6f-00aa8e9455e6","34359006-f70f-438e-85d0-420cf2fe6944","Ukraine","156",4891,4159,0,7639,0,16689,29.3067289831626,24.9206063874408,0,45.7726646293966,0,7639,"legumes","PresqueEquillibré"
"54c68134-2c2a-4f2e-974b-32310830af0e","34359006-f70f-438e-85d0-420cf2fe6944","Ukraine","156",5560,1092,0,6058,0,12710,43.7450826121164,8.59166011014949,0,47.6632572777341,0,6058,"legumes","PasEquillibré"
"055d198c-f8b0-47b7-9eb3-94fc57808f93","34359006-f70f-438e-85d0-420cf2fe6944","Ukraine","156",6865,1006,0,1694,0,9565,71.7720857292211,10.5175117616309,0,17.7104025091479,0,6865,"feculents","PasEquillibré"
"cea293cd-b0b1-40ea-8e71-756b3956e8ad","34359006-f70f-438e-85d0-420cf2fe6944","Ukraine","156",8812,375,0,0,0,9187,95.9181452051812,4.08185479481877,0,0,0,8812,"feculents","PresqueEquillibré"
"de86783a-ac86-419a-a230-dad6b421fba4","34359006-f70f-438e-85d0-420cf2fe6944","Ukraine","156",3051,960,0,3830,0,7841,38.910853207499,12.2433363091442,0,48.8458104833567,0,3830,"legumes","PresqueEquillibré"
"919c7921-7cef-4620-a2fe-766180ed2fbb","34359006-f70f-438e-85d0-420cf2fe6944","Ukraine","156",5722,1976,0,2497,0,10195,56.1255517410495,19.3820500245218,0,24.4923982344286,0,5722,"feculents","Equillibré"
"9f8068fd-f5cc-4e1a-946a-c9beb8b4d05a","34359006-f70f-438e-85d0-420cf2fe6944","Ukraine","156",3577,2141,0,2629,0,8347,42.853719899365,25.6499341080628,0,31.4963459925722,0,3577,"feculents","Equillibré"
"06026e76-f9a4-4fb9-877d-bcd33373cdab","34359006-f70f-438e-85d0-420cf2fe6944","Ukraine","156",14324,2364,0,4564,0,21252,67.4007152268022,11.1236589497459,0,21.4756258234519,0,14324,"feculents","PresqueEquillibré"
"27e050a3-45e8-4076-9c25-32be9040da4e","34359006-f70f-438e-85d0-420cf2fe6944","Ukraine","156",3864,2054,0,4874,0,10792,35.8042994810971,19.0326167531505,0,45.1630837657524,0,4874,"legumes","PresqueEquillibré"
"4995f6d3-50ed-427d-9cf2-4ea0b81a229c","34359006-f70f-438e-85d0-420cf2fe6944","Ukraine","156",4085,1966,0,2518,0,8569,47.6718403547672,22.9431672307154,0,29.3849924145174,0,4085,"feculents","PresqueEquillibré"
"398e712a-fae6-451d-83c9-a7e500227e62","34359006-f70f-438e-85d0-420cf2fe6944","Ukraine","156",571,0,0,608,0,1179,48.4308736217133,0,0,51.5691263782867,0,608,"legumes","PasEquillibré"
"65681129-f83c-4293-9ce3-9d1429367fd0","34359006-f70f-438e-85d0-420cf2fe6944","Ukraine","156",15255,6744,0,1441,0,23440,65.0810580204778,28.7713310580205,0,6.14761092150171,0,15255,"feculents","PresqueEquillibré"
"035a43cf-cf88-4675-85e7-11eeb0b3641c","34359006-f70f-438e-85d0-420cf2fe6944","Ukraine","156",12313,3972,0,14608,0,30893,39.8569255171074,12.857281584825,0,47.2857928980675,0,14608,"legumes","PresqueEquillibré"
"aaf1dbcb-3748-4740-a2e0-58e7c1cb9f78","34359006-f70f-438e-85d0-420cf2fe6944","Ukraine","156",2974,1657,0,2208,0,6839,43.4858897499634,24.2286884047375,0,32.285421845299,0,2974,"feculents","PasEquillibré"
"bf743fbf-9be2-49a1-bf7e-0b53276e6529","34359006-f70f-438e-85d0-420cf2fe6944","Ukraine","156",3512,2108,0,1876,0,7496,46.8516542155816,28.1216648879402,0,25.0266808964781,0,3512,"feculents","PresqueEquillibré"
"cd0a0a46-7676-4bf0-ad03-2e83bd565fee","34359006-f70f-438e-85d0-420cf2fe6944","Ukraine","156",2549,1265,0,1970,0,5784,44.0698478561549,21.8706777316736,0,34.0594744121715,0,2549,"feculents","PasEquillibré"
"9577727a-fa45-4185-9778-4a56a41cf0f6","34359006-f70f-438e-85d0-420cf2fe6944","Ukraine","156",2761,0,0,1821,0,4582,60.2575294631165,0,0,39.7424705368835,0,2761,"feculents","Equillibré"
"073891b7-a928-4ff0-83e3-56f4d1a6315e","34359006-f70f-438e-85d0-420cf2fe6944","Ukraine","156",3355,395,0,4518,0,8268,40.5781325592646,4.77745524915336,0,54.644412191582,0,4518,"legumes","Equillibré"
"cc933e0b-091f-4ef4-bfc8-11f2076d4396","34359006-f70f-438e-85d0-420cf2fe6944","Ukraine","156",3179,2313,0,7634,0,13126,24.2191071156483,17.6215145512723,0,58.1593783330794,0,7634,"legumes","Equillibré"
"4ed0a862-3163-449b-bb48-ca8b9ce3add0","34359006-f70f-438e-85d0-420cf2fe6944","Ukraine","156",14108,3834,0,5021,0,22963,61.4379654226364,16.696424683186,0,21.8656098941776,0,14108,"feculents","PresqueEquillibré"
"473d2e90-02dd-483e-ad19-3966ec20050a","34359006-f70f-438e-85d0-420cf2fe6944","Ukraine","156",3120,281,0,835,0,4236,73.6543909348442,6.63361661945231,0,19.7119924457035,0,3120,"feculents","PresqueEquillibré"
"03964ff9-d24f-4a0a-a492-3a177e16eb11","34359006-f70f-438e-85d0-420cf2fe6944","Ukraine","156",3749,1047,0,2332,0,7128,52.5953984287318,14.6885521885522,0,32.7160493827161,0,3749,"feculents","PresqueEquillibré"
"e87291fb-8da5-4c7a-af30-4413737f2401","34359006-f70f-438e-85d0-420cf2fe6944","Ukraine","156",2552,679,0,3169,0,6400,39.875,10.609375,0,49.515625,0,3169,"legumes","PresqueEquillibré"
"915ec45f-204b-411d-8ed7-7fdecb385e39","34359006-f70f-438e-85d0-420cf2fe6944","Ukraine","156",17164,6160,0,9291,0,32615,52.6260922888242,18.8870151770658,0,28.4868925341101,0,17164,"feculents","Equillibré"
"199d1269-1d8a-420a-a986-1f4f2ab4355f","20f3c152-6ebf-49db-8e1a-00eebd99feb6","Finland","672",5685,0,4101,9628,0,19414,29.2829916555063,0,21.1239311836819,49.5930771608118,0,9628,"legumes","PresqueEquillibré"
"fd0537e8-3103-47f8-9998-44570bb8a45e","20f3c152-6ebf-49db-8e1a-00eebd99feb6","Finland","672",7595,0,2261,5564,0,15420,49.254215304799,0,14.662775616083,36.083009079118,0,7595,"feculents","PresqueEquillibré"
"e433aa11-cdb7-4733-88a9-7067cf52299b","20f3c152-6ebf-49db-8e1a-00eebd99feb6","Finland","672",3432,0,1191,9011,0,13634,25.172363209623,0,8.735514155787,66.09212263459,0,9011,"legumes","PresqueEquillibré"
"149c1889-4e83-4153-b763-54fb60e60d99","20f3c152-6ebf-49db-8e1a-00eebd99feb6","Finland","672",3412,0,338,15533,0,19283,17.6943421666753,0,1.75283928849245,80.5528185448322,0,15533,"legumes","PresqueEquillibré"
"14229a71-f44e-4149-9f3c-aa7415691eae","20f3c152-6ebf-49db-8e1a-00eebd99feb6","Finland","672",1449,0,492,2496,0,4437,32.657200811359,0,11.0885733603786,56.2542258282623,0,2496,"legumes","PasEquillibré"
"a724528f-7fe6-4ad6-bba1-21cb02db2af5","20f3c152-6ebf-49db-8e1a-00eebd99feb6","Finland","672",6009,0,1790,8940,0,16739,35.8982018041699,0,10.6935898201804,53.4082083756497,0,8940,"legumes","Equillibré"
"4f5ae77c-6112-401a-93d1-3bf44bd1ccbe","20f3c152-6ebf-49db-8e1a-00eebd99feb6","Finland","672",2391,0,1828,3025,0,7244,33.0066261733849,0,25.2346769740475,41.7586968525676,0,3025,"legumes","Equillibré"
"4f147d0e-54ac-4b89-a269-aaa7819fb0ef","20f3c152-6ebf-49db-8e1a-00eebd99feb6","Finland","672",4474,0,3185,5637,0,13296,33.6492178098676,0,23.9545728038508,42.3962093862816,0,5637,"legumes","PresqueEquillibré"
"c464d108-c77f-41e7-bcbc-d5855c9a7968","20f3c152-6ebf-49db-8e1a-00eebd99feb6","Finland","672",12861,0,6392,12709,0,31962,40.2384081096302,0,19.9987485138602,39.7628433765096,0,12861,"feculents","PresqueEquillibré"
"b20e7a20-ca68-410c-8214-fbb92bfdfe17","20f3c152-6ebf-49db-8e1a-00eebd99feb6","Finland","672",1266,0,987,2151,0,4404,28.7465940054496,0,22.4114441416894,48.841961852861,0,2151,"legumes","PresqueEquillibré"
"131f7620-d15d-4560-86ab-564145745b9b","20f3c152-6ebf-49db-8e1a-00eebd99feb6","Finland","672",8995,0,3474,10200,0,22669,39.6797388504125,0,15.3248930257179,44.9953681238696,0,10200,"legumes","PresqueEquillibré"
"131ecf76-b806-4557-b2c0-183a418357ba","20f3c152-6ebf-49db-8e1a-00eebd99feb6","Finland","672",1834,0,0,7430,0,9264,19.7970639032815,0,0,80.2029360967185,0,7430,"legumes","PresqueEquillibré"
"9560482a-f0a3-4f68-a311-03d22aedbd05","20f3c152-6ebf-49db-8e1a-00eebd99feb6","Finland","672",3049,0,2240,4733,0,10022,30.4230692476552,0,22.3508281780084,47.2261025743365,0,4733,"legumes","PasEquillibré"
"10e732f6-9a6a-474a-82e2-a4060fc8dffe","20f3c152-6ebf-49db-8e1a-00eebd99feb6","Finland","672",2490,0,185,7512,0,10187,24.4429174438009,0,1.81604005104545,73.7410425051536,0,7512,"legumes","PresqueEquillibré"
"646465ef-0ad6-44cc-bd31-de24e1487943","20f3c152-6ebf-49db-8e1a-00eebd99feb6","Finland","672",5820,0,3514,6427,0,15761,36.9265909523507,0,22.2955396231204,40.7778694245289,0,6427,"legumes","PasEquillibré"
"aa2c1d96-ec88-4bcb-8d0e-e2b0c7632af1","20f3c152-6ebf-49db-8e1a-00eebd99feb6","Finland","672",7721,0,5600,12769,0,26090,29.5937140666922,0,21.4641625143733,48.9421234189345,0,12769,"legumes","PresqueEquillibré"
"9610f0dd-ff9f-4bd4-b311-459a04f965ca","20f3c152-6ebf-49db-8e1a-00eebd99feb6","Finland","672",3516,0,921,7635,0,12072,29.1252485089463,0,7.62922465208748,63.2455268389662,0,7635,"legumes","Equillibré"
"df6523cd-3270-4298-8d6f-00aa8e9455e6","20f3c152-6ebf-49db-8e1a-00eebd99feb6","Finland","672",9622,0,6928,9669,0,26219,36.6985773675579,0,26.4235859491209,36.8778366833213,0,9669,"legumes","PresqueEquillibré"
"54c68134-2c2a-4f2e-974b-32310830af0e","20f3c152-6ebf-49db-8e1a-00eebd99feb6","Finland","672",5875,0,1092,7875,0,14842,39.5836140681849,0,7.35749898935453,53.0588869424606,0,7875,"legumes","PresqueEquillibré"
"055d198c-f8b0-47b7-9eb3-94fc57808f93","20f3c152-6ebf-49db-8e1a-00eebd99feb6","Finland","672",3078,0,2122,5847,0,11047,27.8627681723545,0,19.208834977822,52.9283968498235,0,5847,"legumes","PresqueEquillibré"
"cea293cd-b0b1-40ea-8e71-756b3956e8ad","20f3c152-6ebf-49db-8e1a-00eebd99feb6","Finland","672",109,0,109,4390,0,4608,2.36545138888889,0,2.36545138888889,95.2690972222222,0,4390,"legumes","PresqueEquillibré"
"de86783a-ac86-419a-a230-dad6b421fba4","20f3c152-6ebf-49db-8e1a-00eebd99feb6","Finland","672",8384,0,6290,13792,0,28466,29.4526803906415,0,22.0965362186468,48.4507833907117,0,13792,"legumes","PasEquillibré"
"919c7921-7cef-4620-a2fe-766180ed2fbb","20f3c152-6ebf-49db-8e1a-00eebd99feb6","Finland","672",2235,0,1492,4576,0,8303,26.9179814524871,0,17.9694086474768,55.1126099000361,0,4576,"legumes","Equillibré"
"9f8068fd-f5cc-4e1a-946a-c9beb8b4d05a","20f3c152-6ebf-49db-8e1a-00eebd99feb6","Finland","672",2250,0,1149,3892,0,7291,30.8599643395968,0,15.7591551227541,53.3808805376492,0,3892,"legumes","PresqueEquillibré"
"06026e76-f9a4-4fb9-877d-bcd33373cdab","20f3c152-6ebf-49db-8e1a-00eebd99feb6","Finland","672",3156,0,249,6799,0,10204,30.9290474323795,0,2.44021952175617,66.6307330458644,0,6799,"legumes","PresqueEquillibré"
"27e050a3-45e8-4076-9c25-32be9040da4e","20f3c152-6ebf-49db-8e1a-00eebd99feb6","Finland","672",2739,0,1039,1109,0,4887,56.0466543891958,0,21.2604870063434,22.6928586044608,0,2739,"feculents","Equillibré"
"4995f6d3-50ed-427d-9cf2-4ea0b81a229c","20f3c152-6ebf-49db-8e1a-00eebd99feb6","Finland","672",2478,0,1724,5193,0,9395,26.3757317722193,0,18.3501862692922,55.2740819584886,0,5193,"legumes","PresqueEquillibré"
"398e712a-fae6-451d-83c9-a7e500227e62","20f3c152-6ebf-49db-8e1a-00eebd99feb6","Finland","672",2745,0,2745,2572,0,8062,34.0486231704292,0,34.0486231704292,31.9027536591417,0,2745,"fruits","Equillibré"
"65681129-f83c-4293-9ce3-9d1429367fd0","20f3c152-6ebf-49db-8e1a-00eebd99feb6","Finland","672",5403,0,5403,5794,0,16600,32.5481927710843,0,32.5481927710843,34.9036144578313,0,5794,"legumes","PresqueEquillibré"
"035a43cf-cf88-4675-85e7-11eeb0b3641c","20f3c152-6ebf-49db-8e1a-00eebd99feb6","Finland","672",3496,0,1807,8251,0,13554,25.7931238010919,0,13.3318577541685,60.8750184447396,0,8251,"legumes","PasEquillibré"
"aaf1dbcb-3748-4740-a2e0-58e7c1cb9f78","20f3c152-6ebf-49db-8e1a-00eebd99feb6","Finland","672",4836,0,3119,4566,0,12521,38.6231131698746,0,24.91015094641,36.4667358837154,0,4836,"feculents","PasEquillibré"
"bf743fbf-9be2-49a1-bf7e-0b53276e6529","20f3c152-6ebf-49db-8e1a-00eebd99feb6","Finland","672",3768,0,2684,2023,0,8475,44.4601769911504,0,31.669616519174,23.8702064896755,0,3768,"feculents","Equillibré"
"cd0a0a46-7676-4bf0-ad03-2e83bd565fee","20f3c152-6ebf-49db-8e1a-00eebd99feb6","Finland","672",8005,0,1888,9409,0,19302,41.4723862812144,0,9.7813698062377,48.7462439125479,0,9409,"legumes","PresqueEquillibré"
"9577727a-fa45-4185-9778-4a56a41cf0f6","20f3c152-6ebf-49db-8e1a-00eebd99feb6","Finland","672",6203,0,1812,9128,0,17143,36.1838651344572,0,10.5699119174007,53.2462229481421,0,9128,"legumes","PasEquillibré"
"073891b7-a928-4ff0-83e3-56f4d1a6315e","20f3c152-6ebf-49db-8e1a-00eebd99feb6","Finland","672",5563,0,2722,6053,0,14338,38.7989956758265,0,18.9845166689915,42.216487655182,0,6053,"legumes","PresqueEquillibré"
"cc933e0b-091f-4ef4-bfc8-11f2076d4396","20f3c152-6ebf-49db-8e1a-00eebd99feb6","Finland","672",2992,0,2587,5559,0,11138,26.8629915604238,0,23.2267911653798,49.9102172741964,0,5559,"legumes","PasEquillibré"
"4ed0a862-3163-449b-bb48-ca8b9ce3add0","20f3c152-6ebf-49db-8e1a-00eebd99feb6","Finland","672",5096,0,1077,11771,0,17944,28.3994650022292,0,6.00200624164066,65.5985287561302,0,11771,"legumes","PasEquillibré"
"473d2e90-02dd-483e-ad19-3966ec20050a","20f3c152-6ebf-49db-8e1a-00eebd99feb6","Finland","672",3030,0,1307,7347,0,11684,25.9328996918863,0,11.1862375898665,62.8808627182472,0,7347,"legumes","Equillibré"
"03964ff9-d24f-4a0a-a492-3a177e16eb11","20f3c152-6ebf-49db-8e1a-00eebd99feb6","Finland","672",3102,0,565,5285,0,8952,34.6514745308311,0,6.31143878462913,59.0370866845398,0,5285,"legumes","PresqueEquillibré"
"e87291fb-8da5-4c7a-af30-4413737f2401","20f3c152-6ebf-49db-8e1a-00eebd99feb6","Finland","672",545,0,0,3726,0,4271,12.760477639897,0,0,87.239522360103,0,3726,"legumes","PasEquillibré"
"915ec45f-204b-411d-8ed7-7fdecb385e39","20f3c152-6ebf-49db-8e1a-00eebd99feb6","Finland","672",7877,0,5353,16107,0,29337,26.8500528343048,0,18.2465828135119,54.9033643521832,0,16107,"legumes","PresqueEquillibré"
"199d1269-1d8a-420a-a986-1f4f2ab4355f","213479f7-39af-4b83-b0e9-4ba473d27429","Spain","756",8461,4858,241,6390,0,19950,42.4110275689223,24.3508771929825,1.20802005012531,32.0300751879699,0,8461,"feculents","Equillibré"
"fd0537e8-3103-47f8-9998-44570bb8a45e","213479f7-39af-4b83-b0e9-4ba473d27429","Spain","756",15186,8177,1605,6846,0,31814,47.7337021437103,25.7025209027472,5.04494876469479,21.5188281888477,0,15186,"feculents","Equillibré"
"e433aa11-cdb7-4733-88a9-7067cf52299b","213479f7-39af-4b83-b0e9-4ba473d27429","Spain","756",9317,6575,380,2658,0,18930,49.2181722134179,34.7332276809297,2.00739566825145,14.0412044374009,0,9317,"feculents","PresqueEquillibré"
"149c1889-4e83-4153-b763-54fb60e60d99","213479f7-39af-4b83-b0e9-4ba473d27429","Spain","756",8228,6953,0,0,0,15181,54.1993281075028,45.8006718924972,0,0,0,8228,"feculents","Equillibré"
"14229a71-f44e-4149-9f3c-aa7415691eae","213479f7-39af-4b83-b0e9-4ba473d27429","Spain","756",6333,4839,463,5394,0,17029,37.1895002642551,28.4162311351224,2.71889130307123,31.6753772975512,0,6333,"feculents","Equillibré"
"a724528f-7fe6-4ad6-bba1-21cb02db2af5","213479f7-39af-4b83-b0e9-4ba473d27429","Spain","756",16073,9665,2348,2176,0,30262,53.1128147511731,31.9377437049765,7.7589055581257,7.19053598572467,0,16073,"feculents","PresqueEquillibré"
"4f5ae77c-6112-401a-93d1-3bf44bd1ccbe","213479f7-39af-4b83-b0e9-4ba473d27429","Spain","756",1765,1324,995,1494,0,5578,31.6421656507709,23.7361061312298,17.8379347436357,26.7837934743636,0,1765,"feculents","Equillibré"
"4f147d0e-54ac-4b89-a269-aaa7819fb0ef","213479f7-39af-4b83-b0e9-4ba473d27429","Spain","756",1331,923,437,1551,0,4242,31.3767090994814,21.7586044318718,10.3017444601603,36.5629420084866,0,1551,"legumes","Equillibré"
"c464d108-c77f-41e7-bcbc-d5855c9a7968","213479f7-39af-4b83-b0e9-4ba473d27429","Spain","756",3396,2430,285,1949,0,8060,42.1339950372208,30.1488833746898,3.53598014888337,24.181141439206,0,3396,"feculents","Equillibré"
"b20e7a20-ca68-410c-8214-fbb92bfdfe17","213479f7-39af-4b83-b0e9-4ba473d27429","Spain","756",5579,3640,1332,6724,0,17275,32.2952243125904,21.0709117221418,7.71056439942113,38.9232995658466,0,6724,"legumes","Equillibré"
"131f7620-d15d-4560-86ab-564145745b9b","213479f7-39af-4b83-b0e9-4ba473d27429","Spain","756",5892,5478,0,2359,0,13729,42.9164542209921,39.9009396168694,0,17.1826061621385,0,5892,"feculents","Equillibré"
"131ecf76-b806-4557-b2c0-183a418357ba","213479f7-39af-4b83-b0e9-4ba473d27429","Spain","756",5328,3590,0,0,0,8918,59.7443372953577,40.2556627046423,0,0,0,5328,"feculents","PresqueEquillibré"
"9560482a-f0a3-4f68-a311-03d22aedbd05","213479f7-39af-4b83-b0e9-4ba473d27429","Spain","756",2370,971,376,3578,0,7295,32.4880054832077,13.3104866346813,5.1542152159013,49.0472926662097,0,3578,"legumes","Equillibré"
"10e732f6-9a6a-474a-82e2-a4060fc8dffe","213479f7-39af-4b83-b0e9-4ba473d27429","Spain","756",7548,6069,0,0,0,13617,55.4307116104869,44.5692883895131,0,0,0,7548,"feculents","Equillibré"
"646465ef-0ad6-44cc-bd31-de24e1487943","213479f7-39af-4b83-b0e9-4ba473d27429","Spain","756",10415,6609,3751,10910,0,31685,32.8704434274893,20.8584503708379,11.8384093419599,34.4326968597128,0,10910,"legumes","Equillibré"
"aa2c1d96-ec88-4bcb-8d0e-e2b0c7632af1","213479f7-39af-4b83-b0e9-4ba473d27429","Spain","756",5183,3994,1525,6119,0,16821,30.8126746328994,23.7441293621069,9.06604839189109,36.3771476131027,0,6119,"legumes","Equillibré"
"9610f0dd-ff9f-4bd4-b311-459a04f965ca","213479f7-39af-4b83-b0e9-4ba473d27429","Spain","756",3516,2431,564,1090,0,7601,46.2570714379687,31.9826338639653,7.42007630574924,14.3402183923168,0,3516,"feculents","Equillibré"
"df6523cd-3270-4298-8d6f-00aa8e9455e6","213479f7-39af-4b83-b0e9-4ba473d27429","Spain","756",11455,8314,2558,11573,0,33900,33.7905604719764,24.5250737463127,7.54572271386431,34.1386430678466,0,11573,"legumes","Equillibré"
"54c68134-2c2a-4f2e-974b-32310830af0e","213479f7-39af-4b83-b0e9-4ba473d27429","Spain","756",7829,6265,0,29,0,14123,55.4343977908376,44.3602634001275,0,0.205338809034908,0,7829,"feculents","Equillibré"
"055d198c-f8b0-47b7-9eb3-94fc57808f93","213479f7-39af-4b83-b0e9-4ba473d27429","Spain","756",4602,3007,1452,3132,0,12193,37.7429672763061,24.6616911342574,11.9084720741409,25.6868695152957,0,4602,"feculents","Equillibré"
"cea293cd-b0b1-40ea-8e71-756b3956e8ad","213479f7-39af-4b83-b0e9-4ba473d27429","Spain","756",4402,1309,0,0,0,5711,77.0793206093504,22.9206793906496,0,0,0,4402,"feculents","Equillibré"
"de86783a-ac86-419a-a230-dad6b421fba4","213479f7-39af-4b83-b0e9-4ba473d27429","Spain","756",3031,1428,629,4525,0,9613,31.5302194944346,14.8548840112348,6.54322271923437,47.0716737750962,0,4525,"legumes","PresqueEquillibré"
"919c7921-7cef-4620-a2fe-766180ed2fbb","213479f7-39af-4b83-b0e9-4ba473d27429","Spain","756",8568,5271,811,2510,0,17160,49.9300699300699,30.7167832167832,4.72610722610723,14.6270396270396,0,8568,"feculents","Equillibré"
"9f8068fd-f5cc-4e1a-946a-c9beb8b4d05a","213479f7-39af-4b83-b0e9-4ba473d27429","Spain","756",3582,2060,755,3315,0,9712,36.8822075782537,21.2108731466227,7.77388797364086,34.1330313014827,0,3582,"feculents","PresqueEquillibré"
"06026e76-f9a4-4fb9-877d-bcd33373cdab","213479f7-39af-4b83-b0e9-4ba473d27429","Spain","756",6273,3267,415,145,0,10100,62.1089108910891,32.3465346534653,4.10891089108911,1.43564356435644,0,6273,"feculents","PresqueEquillibré"
"27e050a3-45e8-4076-9c25-32be9040da4e","213479f7-39af-4b83-b0e9-4ba473d27429","Spain","756",5424,5424,186,5596,0,16630,32.6157546602526,32.6157546602526,1.11846061334937,33.6500300661455,0,5596,"legumes","PresqueEquillibré"
"4995f6d3-50ed-427d-9cf2-4ea0b81a229c","213479f7-39af-4b83-b0e9-4ba473d27429","Spain","756",8584,5634,1449,4325,0,19992,42.937174869948,28.1812725090036,7.24789915966387,21.6336534613846,0,8584,"feculents","Equillibré"
"398e712a-fae6-451d-83c9-a7e500227e62","213479f7-39af-4b83-b0e9-4ba473d27429","Spain","756",3308,2593,796,2985,0,9682,34.1664945259244,26.7816566825036,8.22144185085726,30.8304069407147,0,3308,"feculents","Equillibré"
"65681129-f83c-4293-9ce3-9d1429367fd0","213479f7-39af-4b83-b0e9-4ba473d27429","Spain","756",3882,1877,125,1389,0,7273,53.3754984188093,25.8077822081672,1.7186855492919,19.0980338237316,0,3882,"feculents","Equillibré"
"035a43cf-cf88-4675-85e7-11eeb0b3641c","213479f7-39af-4b83-b0e9-4ba473d27429","Spain","756",7669,5570,3204,6445,0,22888,33.5066410346033,24.3358965396714,13.9986018874519,28.1588605382733,0,7669,"feculents","Equillibré"
"aaf1dbcb-3748-4740-a2e0-58e7c1cb9f78","213479f7-39af-4b83-b0e9-4ba473d27429","Spain","756",5516,3523,726,4965,0,14730,37.4473862864902,23.9171758316361,4.92871690427699,33.7067209775967,0,5516,"feculents","PresqueEquillibré"
"bf743fbf-9be2-49a1-bf7e-0b53276e6529","213479f7-39af-4b83-b0e9-4ba473d27429","Spain","756",4559,3947,421,2443,0,11370,40.0967458223395,34.7141600703606,3.70272647317502,21.4863676341249,0,4559,"feculents","Equillibré"
"cd0a0a46-7676-4bf0-ad03-2e83bd565fee","213479f7-39af-4b83-b0e9-4ba473d27429","Spain","756",7300,6246,0,0,0,13546,53.8904473645357,46.1095526354643,0,0,0,7300,"feculents","PresqueEquillibré"
"9577727a-fa45-4185-9778-4a56a41cf0f6","213479f7-39af-4b83-b0e9-4ba473d27429","Spain","756",4722,4554,0,1923,0,11199,42.1644789713367,40.6643450308063,0,17.171175997857,0,4722,"feculents","PresqueEquillibré"
"073891b7-a928-4ff0-83e3-56f4d1a6315e","213479f7-39af-4b83-b0e9-4ba473d27429","Spain","756",4948,4948,0,2637,0,12533,39.4797733982287,39.4797733982287,0,21.0404532035426,0,4948,"proteines","Equillibré"
"cc933e0b-091f-4ef4-bfc8-11f2076d4396","213479f7-39af-4b83-b0e9-4ba473d27429","Spain","756",6803,6013,778,6222,0,19816,34.3308437626161,30.3441663302382,3.92612030682277,31.398869600323,0,6803,"feculents","Equillibré"
"4ed0a862-3163-449b-bb48-ca8b9ce3add0","213479f7-39af-4b83-b0e9-4ba473d27429","Spain","756",6795,4636,214,2038,0,13683,49.6601622451217,33.8814587444274,1.56398450632171,14.8943945041292,0,6795,"feculents","Equillibré"
"473d2e90-02dd-483e-ad19-3966ec20050a","213479f7-39af-4b83-b0e9-4ba473d27429","Spain","756",3984,2931,377,3029,0,10321,38.6009107644608,28.3984110066854,3.65274682685786,29.3479314019959,0,3984,"feculents","Equillibré"
"03964ff9-d24f-4a0a-a492-3a177e16eb11","213479f7-39af-4b83-b0e9-4ba473d27429","Spain","756",3580,2402,491,0,0,6473,55.3066584273135,37.1079870230187,7.58535454966785,0,0,3580,"feculents","Equillibré"
"e87291fb-8da5-4c7a-af30-4413737f2401","213479f7-39af-4b83-b0e9-4ba473d27429","Spain","756",3032,2094,0,0,0,5126,59.1494342567304,40.8505657432696,0,0,0,3032,"feculents","Equillibré"
"915ec45f-204b-411d-8ed7-7fdecb385e39","213479f7-39af-4b83-b0e9-4ba473d27429","Spain","756",13104,8039,2246,10846,0,34235,38.2766174967139,23.4818168540967,6.56053746166204,31.6810281875274,0,13104,"feculents","Equillibré"
"199d1269-1d8a-420a-a986-1f4f2ab4355f","7bdf6ed6-acf9-4a7b-84fe-7e4f96f9582a","France","421",0,701,4405,1916,3838,10860,0,6.4548802946593,40.5616942909761,17.6427255985267,35.3406998158379,4405,"fruits","Equillibré"
"fd0537e8-3103-47f8-9998-44570bb8a45e","7bdf6ed6-acf9-4a7b-84fe-7e4f96f9582a","France","421",0,0,2661,2744,1718,7123,0,0,37.3578548364453,38.5230942018812,24.1190509616735,2744,"legumes","Equillibré"
"e433aa11-cdb7-4733-88a9-7067cf52299b","7bdf6ed6-acf9-4a7b-84fe-7e4f96f9582a","France","421",0,358,8727,1752,6642,17479,0,2.04817209222496,49.928485611305,10.023456719492,37.9998855769781,8727,"fruits","PresqueEquillibré"
"149c1889-4e83-4153-b763-54fb60e60d99","7bdf6ed6-acf9-4a7b-84fe-7e4f96f9582a","France","421",0,1099,9264,2477,8684,21524,0,5.10592826612154,43.0403270767515,11.5080839992566,40.3456606578703,9264,"fruits","Equillibré"
"14229a71-f44e-4149-9f3c-aa7415691eae","7bdf6ed6-acf9-4a7b-84fe-7e4f96f9582a","France","421",0,2439,6754,3552,3698,16443,0,14.8330596606459,41.0752295809767,21.6018974639664,22.489813294411,6754,"fruits","PresqueEquillibré"
"a724528f-7fe6-4ad6-bba1-21cb02db2af5","7bdf6ed6-acf9-4a7b-84fe-7e4f96f9582a","France","421",0,2381,10674,4209,9594,26858,0,8.86514260183186,39.7423486484474,15.6713083624991,35.7212003872217,10674,"fruits","PresqueEquillibré"
"4f5ae77c-6112-401a-93d1-3bf44bd1ccbe","7bdf6ed6-acf9-4a7b-84fe-7e4f96f9582a","France","421",0,911,2409,781,1495,5596,0,16.2794853466762,43.048606147248,13.9563974267334,26.7155110793424,2409,"fruits","PasEquillibré"
"4f147d0e-54ac-4b89-a269-aaa7819fb0ef","7bdf6ed6-acf9-4a7b-84fe-7e4f96f9582a","France","421",0,473,4179,3758,3084,11494,0,4.11519053419175,36.3580998781973,32.6953192970245,26.8313902905864,4179,"fruits","PresqueEquillibré"
"c464d108-c77f-41e7-bcbc-d5855c9a7968","7bdf6ed6-acf9-4a7b-84fe-7e4f96f9582a","France","421",0,2902,4566,3596,3842,14906,0,19.4686703340937,30.6319602844492,24.124513618677,25.7748557627801,4566,"fruits","PresqueEquillibré"
"b20e7a20-ca68-410c-8214-fbb92bfdfe17","7bdf6ed6-acf9-4a7b-84fe-7e4f96f9582a","France","421",0,0,626,2604,503,3733,0,0,16.7693544066435,69.7562282346638,13.4744173586927,2604,"legumes","Equillibré"
"131f7620-d15d-4560-86ab-564145745b9b","7bdf6ed6-acf9-4a7b-84fe-7e4f96f9582a","France","421",0,0,2453,1051,2229,5733,0,0,42.7873713587999,18.332461189604,38.880167451596,2453,"fruits","PasEquillibré"
"131ecf76-b806-4557-b2c0-183a418357ba","7bdf6ed6-acf9-4a7b-84fe-7e4f96f9582a","France","421",0,0,4755,617,4755,10127,0,0,46.9536881603634,6.09262367927323,46.9536881603634,4755,"produit_laitiers","PresqueEquillibré"
"9560482a-f0a3-4f68-a311-03d22aedbd05","7bdf6ed6-acf9-4a7b-84fe-7e4f96f9582a","France","421",0,1013,2523,2395,1487,7418,0,13.6559719600971,34.0118630358587,32.2863305473173,20.0458344567269,2523,"fruits","PasEquillibré"
"10e732f6-9a6a-474a-82e2-a4060fc8dffe","7bdf6ed6-acf9-4a7b-84fe-7e4f96f9582a","France","421",0,0,4118,1912,4118,10148,0,0,40.5794245171462,18.8411509657075,40.5794245171462,4118,"produit_laitiers","PasEquillibré"
"646465ef-0ad6-44cc-bd31-de24e1487943","7bdf6ed6-acf9-4a7b-84fe-7e4f96f9582a","France","421",0,315,8928,14941,1608,25792,0,1.22130893300248,34.6153846153846,57.9288151364764,6.23449131513648,14941,"legumes","PresqueEquillibré"
"aa2c1d96-ec88-4bcb-8d0e-e2b0c7632af1","7bdf6ed6-acf9-4a7b-84fe-7e4f96f9582a","France","421",0,3608,6432,4031,5460,19531,0,18.4731964569146,32.9322615329476,20.6389841789975,27.9555578311402,6432,"fruits","PresqueEquillibré"
"9610f0dd-ff9f-4bd4-b311-459a04f965ca","7bdf6ed6-acf9-4a7b-84fe-7e4f96f9582a","France","421",0,0,3166,1061,3166,7393,0,0,42.824293250372,14.3514134992561,42.824293250372,3166,"produit_laitiers","Equillibré"
"df6523cd-3270-4298-8d6f-00aa8e9455e6","7bdf6ed6-acf9-4a7b-84fe-7e4f96f9582a","France","421",0,5001,3293,2604,2301,13199,0,37.8892340328813,24.9488597621032,19.7287673308584,17.4331388741571,5001,"proteines","PresqueEquillibré"
"54c68134-2c2a-4f2e-974b-32310830af0e","7bdf6ed6-acf9-4a7b-84fe-7e4f96f9582a","France","421",0,206,2747,107,2747,5807,0,3.54744274151886,47.3049767521956,1.84260375408989,47.3049767521956,2747,"produit_laitiers","Equillibré"
"055d198c-f8b0-47b7-9eb3-94fc57808f93","7bdf6ed6-acf9-4a7b-84fe-7e4f96f9582a","France","421",0,2882,7112,5542,4245,19781,0,14.5695364238411,35.9536929376675,28.0167837824175,21.459986856074,7112,"fruits","PasEquillibré"
"cea293cd-b0b1-40ea-8e71-756b3956e8ad","7bdf6ed6-acf9-4a7b-84fe-7e4f96f9582a","France","421",0,0,1108,587,1108,2803,0,0,39.5290759900107,20.9418480199786,39.5290759900107,1108,"produit_laitiers","PresqueEquillibré"
"de86783a-ac86-419a-a230-dad6b421fba4","7bdf6ed6-acf9-4a7b-84fe-7e4f96f9582a","France","421",0,805,6890,2718,5754,16167,0,4.97927877775716,42.6176779860209,16.8120244943403,35.5910187418816,6890,"fruits","Equillibré"
"919c7921-7cef-4620-a2fe-766180ed2fbb","7bdf6ed6-acf9-4a7b-84fe-7e4f96f9582a","France","421",0,0,4803,5673,3542,14018,0,0,34.2630903124554,40.4693964902268,25.2675131973177,5673,"legumes","Equillibré"
"9f8068fd-f5cc-4e1a-946a-c9beb8b4d05a","7bdf6ed6-acf9-4a7b-84fe-7e4f96f9582a","France","421",0,526,3171,1924,1699,7320,0,7.18579234972678,43.3196721311475,26.2841530054645,23.2103825136612,3171,"fruits","PresqueEquillibré"
"06026e76-f9a4-4fb9-877d-bcd33373cdab","7bdf6ed6-acf9-4a7b-84fe-7e4f96f9582a","France","421",0,0,1399,81,1399,2879,0,0,48.593261549149,2.81347690170198,48.593261549149,1399,"produit_laitiers","PasEquillibré"
"27e050a3-45e8-4076-9c25-32be9040da4e","7bdf6ed6-acf9-4a7b-84fe-7e4f96f9582a","France","421",0,1892,3818,811,3818,10339,0,18.2996421317342,36.9281361833833,7.84408550149918,36.9281361833833,3818,"produit_laitiers","Equillibré"
"4995f6d3-50ed-427d-9cf2-4ea0b81a229c","7bdf6ed6-acf9-4a7b-84fe-7e4f96f9582a","France","421",0,3227,10993,8427,6409,29056,0,11.1061398678414,37.8338381057269,29.0026156387665,22.0574063876652,10993,"fruits","PresqueEquillibré"
"398e712a-fae6-451d-83c9-a7e500227e62","7bdf6ed6-acf9-4a7b-84fe-7e4f96f9582a","France","421",0,685,854,1350,420,3309,0,20.7011181625869,25.8084013297069,40.7978241160471,12.6926563916591,1350,"legumes","PresqueEquillibré"
"65681129-f83c-4293-9ce3-9d1429367fd0","7bdf6ed6-acf9-4a7b-84fe-7e4f96f9582a","France","421",0,3590,6649,4352,3497,18088,0,19.8474126492702,36.7591773551526,24.0601503759398,19.3332596196373,6649,"fruits","PresqueEquillibré"
"035a43cf-cf88-4675-85e7-11eeb0b3641c","7bdf6ed6-acf9-4a7b-84fe-7e4f96f9582a","France","421",0,379,2800,2773,2514,8466,0,4.47673045121663,33.0734703519962,32.7545476021734,29.6952515946137,2800,"fruits","PasEquillibré"
"aaf1dbcb-3748-4740-a2e0-58e7c1cb9f78","7bdf6ed6-acf9-4a7b-84fe-7e4f96f9582a","France","421",0,1187,6803,4174,5031,17195,0,6.90316952602501,39.5638266938063,24.2744984006979,29.2585053794708,6803,"fruits","PresqueEquillibré"
"bf743fbf-9be2-49a1-bf7e-0b53276e6529","7bdf6ed6-acf9-4a7b-84fe-7e4f96f9582a","France","421",0,3093,4420,1252,4420,13185,0,23.4584755403868,33.5229427379598,9.49563898369359,33.5229427379598,4420,"produit_laitiers","Equillibré"
"cd0a0a46-7676-4bf0-ad03-2e83bd565fee","7bdf6ed6-acf9-4a7b-84fe-7e4f96f9582a","France","421",0,2557,3743,2754,3743,12797,0,19.9812456044385,29.2490427443932,21.520668906775,29.2490427443932,3743,"produit_laitiers","PresqueEquillibré"
"9577727a-fa45-4185-9778-4a56a41cf0f6","7bdf6ed6-acf9-4a7b-84fe-7e4f96f9582a","France","421",0,0,6499,1202,6499,14200,0,0,45.7676056338028,8.46478873239437,45.7676056338028,6499,"produit_laitiers","PasEquillibré"
"073891b7-a928-4ff0-83e3-56f4d1a6315e","7bdf6ed6-acf9-4a7b-84fe-7e4f96f9582a","France","421",0,126,6979,1263,6979,15347,0,0.821007363002541,45.4746856063074,8.22962142438262,45.4746856063074,6979,"produit_laitiers","Equillibré"
"cc933e0b-091f-4ef4-bfc8-11f2076d4396","7bdf6ed6-acf9-4a7b-84fe-7e4f96f9582a","France","421",0,5758,2163,4574,2055,14550,0,39.573883161512,14.8659793814433,31.4364261168385,14.1237113402062,5758,"proteines","Equillibré"
"4ed0a862-3163-449b-bb48-ca8b9ce3add0","7bdf6ed6-acf9-4a7b-84fe-7e4f96f9582a","France","421",0,506,5926,698,5926,13056,0,3.87561274509804,45.3890931372549,5.34620098039216,45.3890931372549,5926,"produit_laitiers","PresqueEquillibré"
"473d2e90-02dd-483e-ad19-3966ec20050a","7bdf6ed6-acf9-4a7b-84fe-7e4f96f9582a","France","421",0,407,2144,498,1931,4980,0,8.17269076305221,43.0522088353414,10,38.7751004016064,2144,"fruits","PresqueEquillibré"
"03964ff9-d24f-4a0a-a492-3a177e16eb11","7bdf6ed6-acf9-4a7b-84fe-7e4f96f9582a","France","421",0,0,4294,1661,3721,9676,0,0,44.3778420835056,17.1661843737081,38.4559735427863,4294,"fruits","PasEquillibré"
"e87291fb-8da5-4c7a-af30-4413737f2401","7bdf6ed6-acf9-4a7b-84fe-7e4f96f9582a","France","421",0,0,2087,1546,1668,5301,0,0,39.3699302018487,29.1643086210149,31.4657611771364,2087,"fruits","PresqueEquillibré"
"915ec45f-204b-411d-8ed7-7fdecb385e39","7bdf6ed6-acf9-4a7b-84fe-7e4f96f9582a","France","421",0,5169,10381,6046,9545,31141,0,16.5986962525288,33.3354741337786,19.4149192383032,30.6509103753894,10381,"fruits","PasEquillibré"
"199d1269-1d8a-420a-a986-1f4f2ab4355f","cc2a8b56-732c-4e4c-a058-248783b68587","South Korea","489",7513,12025,0,11871,0,31409,23.9198955713331,38.2852048775829,0,37.7948995510841,0,12025,"proteines","Equillibré"
"fd0537e8-3103-47f8-9998-44570bb8a45e","cc2a8b56-732c-4e4c-a058-248783b68587","South Korea","489",6897,8275,0,7701,0,22873,30.1534560398723,36.1780264941197,0,33.668517466008,0,8275,"proteines","PresqueEquillibré"
"e433aa11-cdb7-4733-88a9-7067cf52299b","cc2a8b56-732c-4e4c-a058-248783b68587","South Korea","489",1856,2461,0,7680,0,11997,15.4705343002417,20.513461698758,0,64.0160040010003,0,7680,"legumes","Equillibré"
"149c1889-4e83-4153-b763-54fb60e60d99","cc2a8b56-732c-4e4c-a058-248783b68587","South Korea","489",4302,4302,0,6347,0,14951,28.7739950504983,28.7739950504983,0,42.4520098990034,0,6347,"legumes","Equillibré"
"14229a71-f44e-4149-9f3c-aa7415691eae","cc2a8b56-732c-4e4c-a058-248783b68587","South Korea","489",5718,8607,0,6918,0,21243,26.9171021042226,40.5168761474368,0,32.5660217483406,0,8607,"proteines","Equillibré"
"a724528f-7fe6-4ad6-bba1-21cb02db2af5","cc2a8b56-732c-4e4c-a058-248783b68587","South Korea","489",10516,14152,0,8900,0,33568,31.3274547187798,42.1591992373689,0,26.5133460438513,0,14152,"proteines","PresqueEquillibré"
"4f5ae77c-6112-401a-93d1-3bf44bd1ccbe","cc2a8b56-732c-4e4c-a058-248783b68587","South Korea","489",1945,2785,0,2077,0,6807,28.5735272513589,40.913765241663,0,30.5127075069781,0,2785,"proteines","Equillibré"
"4f147d0e-54ac-4b89-a269-aaa7819fb0ef","cc2a8b56-732c-4e4c-a058-248783b68587","South Korea","489",5021,6244,0,5131,0,16396,30.6233227616492,38.0824591363747,0,31.2942181019761,0,6244,"proteines","Equillibré"
"c464d108-c77f-41e7-bcbc-d5855c9a7968","cc2a8b56-732c-4e4c-a058-248783b68587","South Korea","489",7243,11600,0,10896,0,29739,24.3552237802213,39.0060190322472,0,36.6387571875315,0,11600,"proteines","Equillibré"
"b20e7a20-ca68-410c-8214-fbb92bfdfe17","cc2a8b56-732c-4e4c-a058-248783b68587","South Korea","489",944,1804,0,5120,0,7868,11.997966446365,22.9283172343671,0,65.0737163192679,0,5120,"legumes","PresqueEquillibré"
"131f7620-d15d-4560-86ab-564145745b9b","cc2a8b56-732c-4e4c-a058-248783b68587","South Korea","489",6000,6000,0,3603,0,15603,38.454143433955,38.454143433955,0,23.09171313209,0,6000,"proteines","PresqueEquillibré"
"131ecf76-b806-4557-b2c0-183a418357ba","cc2a8b56-732c-4e4c-a058-248783b68587","South Korea","489",772,772,0,2780,0,4324,17.8538390379278,17.8538390379278,0,64.2923219241443,0,2780,"legumes","Equillibré"
"9560482a-f0a3-4f68-a311-03d22aedbd05","cc2a8b56-732c-4e4c-a058-248783b68587","South Korea","489",530,1239,0,2329,0,4098,12.9331381161542,30.2342606149341,0,56.8326012689117,0,2329,"legumes","Equillibré"
"10e732f6-9a6a-474a-82e2-a4060fc8dffe","cc2a8b56-732c-4e4c-a058-248783b68587","South Korea","489",4457,4457,0,2848,0,11762,37.8932154395511,37.8932154395511,0,24.2135691208978,0,4457,"proteines","Equillibré"
"646465ef-0ad6-44cc-bd31-de24e1487943","cc2a8b56-732c-4e4c-a058-248783b68587","South Korea","489",8023,11098,0,14203,0,33324,24.0757412075381,33.3033249309807,0,42.6209338614812,0,14203,"legumes","PasEquillibré"
"aa2c1d96-ec88-4bcb-8d0e-e2b0c7632af1","cc2a8b56-732c-4e4c-a058-248783b68587","South Korea","489",4090,5991,0,6896,0,16977,24.0914178005537,35.2889203039406,0,40.6196618955057,0,6896,"legumes","Equillibré"
"9610f0dd-ff9f-4bd4-b311-459a04f965ca","cc2a8b56-732c-4e4c-a058-248783b68587","South Korea","489",3928,4614,0,4861,0,13403,29.3068715959114,34.4251287025293,0,36.2679997015593,0,4861,"legumes","Equillibré"
"df6523cd-3270-4298-8d6f-00aa8e9455e6","cc2a8b56-732c-4e4c-a058-248783b68587","South Korea","489",4650,12172,0,3381,0,20203,23.0163837053903,60.2484779488195,0,16.7351383457902,0,12172,"proteines","Equillibré"
"54c68134-2c2a-4f2e-974b-32310830af0e","cc2a8b56-732c-4e4c-a058-248783b68587","South Korea","489",11929,14072,0,5613,0,31614,37.7332827228443,44.5119250964762,0,17.7547921806794,0,14072,"proteines","PresqueEquillibré"
"055d198c-f8b0-47b7-9eb3-94fc57808f93","cc2a8b56-732c-4e4c-a058-248783b68587","South Korea","489",3538,5183,0,3360,0,12081,29.2856551609966,42.9020776425793,0,27.8122671964241,0,5183,"proteines","Equillibré"
"cea293cd-b0b1-40ea-8e71-756b3956e8ad","cc2a8b56-732c-4e4c-a058-248783b68587","South Korea","489",705,705,0,393,0,1803,39.1014975041597,39.1014975041597,0,21.7970049916805,0,705,"proteines","PresqueEquillibré"
"de86783a-ac86-419a-a230-dad6b421fba4","cc2a8b56-732c-4e4c-a058-248783b68587","South Korea","489",3272,5031,0,5230,0,13533,24.1779354171285,37.1757925072046,0,38.6462720756669,0,5230,"legumes","Equillibré"
"919c7921-7cef-4620-a2fe-766180ed2fbb","cc2a8b56-732c-4e4c-a058-248783b68587","South Korea","489",4750,7394,0,6759,0,18903,25.1282865153679,39.115484314659,0,35.756229169973,0,7394,"proteines","Equillibré"
"9f8068fd-f5cc-4e1a-946a-c9beb8b4d05a","cc2a8b56-732c-4e4c-a058-248783b68587","South Korea","489",1559,1848,0,750,0,4157,37.5030069761847,44.4551359153236,0,18.0418571084917,0,1848,"proteines","PresqueEquillibré"
"06026e76-f9a4-4fb9-877d-bcd33373cdab","cc2a8b56-732c-4e4c-a058-248783b68587","South Korea","489",1920,2176,0,1776,0,5872,32.6975476839237,37.0572207084469,0,30.2452316076294,0,2176,"proteines","Equillibré"
"27e050a3-45e8-4076-9c25-32be9040da4e","cc2a8b56-732c-4e4c-a058-248783b68587","South Korea","489",2854,3764,0,544,0,7162,39.8492041329238,52.5551521921251,0,7.59564367495113,0,3764,"proteines","Equillibré"
"4995f6d3-50ed-427d-9cf2-4ea0b81a229c","cc2a8b56-732c-4e4c-a058-248783b68587","South Korea","489",6804,8069,0,4390,0,19263,35.3216009967295,41.8885947152572,0,22.7898042880133,0,8069,"proteines","Equillibré"
"398e712a-fae6-451d-83c9-a7e500227e62","cc2a8b56-732c-4e4c-a058-248783b68587","South Korea","489",0,1903,0,1696,0,3599,0,52.8757988330092,0,47.1242011669908,0,1903,"proteines","PresqueEquillibré"
"65681129-f83c-4293-9ce3-9d1429367fd0","cc2a8b56-732c-4e4c-a058-248783b68587","South Korea","489",3856,10136,0,7907,0,21899,17.6081099593589,46.285218503128,0,36.1066715375131,0,10136,"proteines","Equillibré"
"035a43cf-cf88-4675-85e7-11eeb0b3641c","cc2a8b56-732c-4e4c-a058-248783b68587","South Korea","489",11007,15487,0,12401,0,38895,28.2992672580023,39.8174572567168,0,31.8832754852809,0,15487,"proteines","PresqueEquillibré"
"aaf1dbcb-3748-4740-a2e0-58e7c1cb9f78","cc2a8b56-732c-4e4c-a058-248783b68587","South Korea","489",2411,3043,0,3586,0,9040,26.6703539823009,33.6615044247788,0,39.6681415929203,0,3586,"legumes","Equillibré"
"bf743fbf-9be2-49a1-bf7e-0b53276e6529","cc2a8b56-732c-4e4c-a058-248783b68587","South Korea","489",1866,2350,0,2754,0,6970,26.7718794835007,33.7159253945481,0,39.5121951219512,0,2754,"legumes","Equillibré"
"cd0a0a46-7676-4bf0-ad03-2e83bd565fee","cc2a8b56-732c-4e4c-a058-248783b68587","South Korea","489",7258,7406,0,1880,0,16544,43.8708897485493,44.7654738878143,0,11.3636363636364,0,7406,"proteines","Equillibré"
"9577727a-fa45-4185-9778-4a56a41cf0f6","cc2a8b56-732c-4e4c-a058-248783b68587","South Korea","489",3893,4119,0,772,0,8784,44.3192167577413,46.8920765027322,0,8.78870673952641,0,4119,"proteines","Equillibré"
"073891b7-a928-4ff0-83e3-56f4d1a6315e","cc2a8b56-732c-4e4c-a058-248783b68587","South Korea","489",6143,6143,0,4771,0,17057,36.0145394852553,36.0145394852553,0,27.9709210294894,0,6143,"proteines","Equillibré"
"cc933e0b-091f-4ef4-bfc8-11f2076d4396","cc2a8b56-732c-4e4c-a058-248783b68587","South Korea","489",12167,14216,0,4788,0,31171,39.0330756151551,45.6064932148471,0,15.3604311699978,0,14216,"proteines","PresqueEquillibré"
"4ed0a862-3163-449b-bb48-ca8b9ce3add0","cc2a8b56-732c-4e4c-a058-248783b68587","South Korea","489",1665,2449,0,3358,0,7472,22.2831905781585,32.7756959314775,0,44.941113490364,0,3358,"legumes","Equillibré"
"473d2e90-02dd-483e-ad19-3966ec20050a","cc2a8b56-732c-4e4c-a058-248783b68587","South Korea","489",1351,1385,0,2560,0,5296,25.5098187311178,26.1518126888218,0,48.3383685800604,0,2560,"legumes","Equillibré"
"03964ff9-d24f-4a0a-a492-3a177e16eb11","cc2a8b56-732c-4e4c-a058-248783b68587","South Korea","489",3460,3727,0,4665,0,11852,29.1933850826865,31.4461694228822,0,39.3604454944313,0,4665,"legumes","PresqueEquillibré"
"e87291fb-8da5-4c7a-af30-4413737f2401","cc2a8b56-732c-4e4c-a058-248783b68587","South Korea","489",1943,2388,0,2106,0,6437,30.1848687276682,37.0980270312257,0,32.7171042411061,0,2388,"proteines","Equillibré"
"915ec45f-204b-411d-8ed7-7fdecb385e39","cc2a8b56-732c-4e4c-a058-248783b68587","South Korea","489",10270,12690,0,9001,0,31961,32.1329119864835,39.7046400300366,0,28.1624479834799,0,12690,"proteines","Equillibré"
"199d1269-1d8a-420a-a986-1f4f2ab4355f","dd13fcba-0ae1-43d3-9d32-1672ed84f151","USA","327",8962,11631,1857,3524,0,25974,34.5037345037345,44.7793947793948,7.14945714945715,13.5674135674136,0,11631,"proteines","PresqueEquillibré"
"fd0537e8-3103-47f8-9998-44570bb8a45e","dd13fcba-0ae1-43d3-9d32-1672ed84f151","USA","327",3401,4704,1302,471,0,9878,34.4300465681312,47.6209759060539,13.1808058311399,4.76817169467504,0,4704,"proteines","PasEquillibré"
"e433aa11-cdb7-4733-88a9-7067cf52299b","dd13fcba-0ae1-43d3-9d32-1672ed84f151","USA","327",1296,2656,329,413,0,4694,27.6097145291862,56.5828717511717,7.0089475926715,8.7984661269706,0,2656,"proteines","PasEquillibré"
"149c1889-4e83-4153-b763-54fb60e60d99","dd13fcba-0ae1-43d3-9d32-1672ed84f151","USA","327",1867,7291,0,0,0,9158,20.3865472810657,79.6134527189343,0,0,0,7291,"proteines","PresqueEquillibré"
"14229a71-f44e-4149-9f3c-aa7415691eae","dd13fcba-0ae1-43d3-9d32-1672ed84f151","USA","327",5304,13198,1018,6109,0,25629,20.6953060985602,51.496351788989,3.97206289749893,23.8362792149518,0,13198,"proteines","PresqueEquillibré"
"a724528f-7fe6-4ad6-bba1-21cb02db2af5","dd13fcba-0ae1-43d3-9d32-1672ed84f151","USA","327",3243,4201,0,546,0,7990,40.5882352941176,52.5782227784731,0,6.83354192740926,0,4201,"proteines","PasEquillibré"
"4f5ae77c-6112-401a-93d1-3bf44bd1ccbe","dd13fcba-0ae1-43d3-9d32-1672ed84f151","USA","327",1011,1957,31,426,0,3425,29.5182481751825,57.1386861313869,0.905109489051095,12.4379562043796,0,1957,"proteines","PasEquillibré"
"4f147d0e-54ac-4b89-a269-aaa7819fb0ef","dd13fcba-0ae1-43d3-9d32-1672ed84f151","USA","327",1649,4601,318,1099,0,7667,21.5077605321508,60.0104343289422,4.14764575453241,14.3341593843746,0,4601,"proteines","PasEquillibré"
"c464d108-c77f-41e7-bcbc-d5855c9a7968","dd13fcba-0ae1-43d3-9d32-1672ed84f151","USA","327",8343,8670,1277,691,0,18981,43.9544807965861,45.677256203572,6.72778041199094,3.64048258785101,0,8670,"proteines","PresqueEquillibré"
"b20e7a20-ca68-410c-8214-fbb92bfdfe17","dd13fcba-0ae1-43d3-9d32-1672ed84f151","USA","327",5016,1064,0,533,0,6613,75.8505973083321,16.0895206411613,0,8.05988205050658,0,5016,"feculents","PasEquillibré"
"131f7620-d15d-4560-86ab-564145745b9b","dd13fcba-0ae1-43d3-9d32-1672ed84f151","USA","327",1502,4486,0,0,0,5988,25.0835003340013,74.9164996659987,0,0,0,4486,"proteines","PasEquillibré"
"131ecf76-b806-4557-b2c0-183a418357ba","dd13fcba-0ae1-43d3-9d32-1672ed84f151","USA","327",1507,2713,0,0,0,4220,35.7109004739336,64.2890995260664,0,0,0,2713,"proteines","PasEquillibré"
"9560482a-f0a3-4f68-a311-03d22aedbd05","dd13fcba-0ae1-43d3-9d32-1672ed84f151","USA","327",1340,903,269,381,0,2893,46.3187003110958,31.2132734185966,9.29830625648116,13.1697200138265,0,1340,"feculents","PasEquillibré"
"10e732f6-9a6a-474a-82e2-a4060fc8dffe","dd13fcba-0ae1-43d3-9d32-1672ed84f151","USA","327",883,1974,0,0,0,2857,30.9065453272664,69.0934546727336,0,0,0,1974,"proteines","PasEquillibré"
"646465ef-0ad6-44cc-bd31-de24e1487943","dd13fcba-0ae1-43d3-9d32-1672ed84f151","USA","327",4024,7983,4050,6848,0,22905,17.5682165466055,34.852652259332,17.6817288801572,29.8974023139053,0,7983,"proteines","PresqueEquillibré"
"aa2c1d96-ec88-4bcb-8d0e-e2b0c7632af1","dd13fcba-0ae1-43d3-9d32-1672ed84f151","USA","327",6010,5428,3158,1545,0,16141,37.2343720959048,33.6286475435227,19.5650827086302,9.57189765194226,0,6010,"feculents","PasEquillibré"
"9610f0dd-ff9f-4bd4-b311-459a04f965ca","dd13fcba-0ae1-43d3-9d32-1672ed84f151","USA","327",2595,4141,0,68,0,6804,38.1393298059965,60.8612580834803,0,0.999412110523222,0,4141,"proteines","PresqueEquillibré"
"df6523cd-3270-4298-8d6f-00aa8e9455e6","dd13fcba-0ae1-43d3-9d32-1672ed84f151","USA","327",877,1512,2667,2044,0,7100,12.3521126760563,21.2957746478873,37.5633802816901,28.7887323943662,0,2667,"fruits","PasEquillibré"
"54c68134-2c2a-4f2e-974b-32310830af0e","dd13fcba-0ae1-43d3-9d32-1672ed84f151","USA","327",1591,3688,960,1168,0,7407,21.479681382476,49.790738490617,12.9607128392062,15.7688672877008,0,3688,"proteines","PasEquillibré"
"055d198c-f8b0-47b7-9eb3-94fc57808f93","dd13fcba-0ae1-43d3-9d32-1672ed84f151","USA","327",1679,1003,1027,503,0,4212,39.8622981956315,23.8129154795821,24.3827160493827,11.9420702754036,0,1679,"feculents","PasEquillibré"
"cea293cd-b0b1-40ea-8e71-756b3956e8ad","dd13fcba-0ae1-43d3-9d32-1672ed84f151","USA","327",835,782,0,0,0,1617,51.6388373531231,48.3611626468769,0,0,0,835,"feculents","PasEquillibré"
"de86783a-ac86-419a-a230-dad6b421fba4","dd13fcba-0ae1-43d3-9d32-1672ed84f151","USA","327",1941,4552,0,0,0,6493,29.8937317110735,70.1062682889265,0,0,0,4552,"proteines","PasEquillibré"
"919c7921-7cef-4620-a2fe-766180ed2fbb","dd13fcba-0ae1-43d3-9d32-1672ed84f151","USA","327",5932,8885,778,1195,0,16790,35.3305539011316,52.9184038117927,4.63371054198928,7.11733174508636,0,8885,"proteines","Equillibré"
"9f8068fd-f5cc-4e1a-946a-c9beb8b4d05a","dd13fcba-0ae1-43d3-9d32-1672ed84f151","USA","327",3449,2963,1308,998,0,8718,39.5618261069053,33.987153016747,15.0034411562285,11.4475797201193,0,3449,"feculents","Equillibré"
"06026e76-f9a4-4fb9-877d-bcd33373cdab","dd13fcba-0ae1-43d3-9d32-1672ed84f151","USA","327",3155,2954,0,321,0,6430,49.0668740279938,45.9409020217729,0,4.99222395023328,0,3155,"feculents","Equillibré"
"27e050a3-45e8-4076-9c25-32be9040da4e","dd13fcba-0ae1-43d3-9d32-1672ed84f151","USA","327",687,8894,1650,1159,0,12390,5.54479418886199,71.7836965294592,13.317191283293,9.35431799838579,0,8894,"proteines","PasEquillibré"
"4995f6d3-50ed-427d-9cf2-4ea0b81a229c","dd13fcba-0ae1-43d3-9d32-1672ed84f151","USA","327",2534,4862,547,2513,0,10456,24.2348890589135,46.4996174445295,5.23144605967865,24.0340474368783,0,4862,"proteines","PasEquillibré"
"398e712a-fae6-451d-83c9-a7e500227e62","dd13fcba-0ae1-43d3-9d32-1672ed84f151","USA","327",1233,745,177,191,0,2346,52.5575447570332,31.7561807331628,7.54475703324808,8.14151747655584,0,1233,"feculents","PasEquillibré"
"65681129-f83c-4293-9ce3-9d1429367fd0","dd13fcba-0ae1-43d3-9d32-1672ed84f151","USA","327",6387,2721,1966,1586,0,12660,50.4502369668246,21.4928909952607,15.5292259083728,12.5276461295419,0,6387,"feculents","PresqueEquillibré"
"035a43cf-cf88-4675-85e7-11eeb0b3641c","dd13fcba-0ae1-43d3-9d32-1672ed84f151","USA","327",3999,3970,1259,1418,0,10646,37.5634040954349,37.2910013150479,11.8260379485253,13.3195566409919,0,3999,"feculents","PasEquillibré"
"aaf1dbcb-3748-4740-a2e0-58e7c1cb9f78","dd13fcba-0ae1-43d3-9d32-1672ed84f151","USA","327",1533,1768,352,482,0,4135,37.0737605804111,42.7569528415961,8.51269649334946,11.6565900846433,0,1768,"proteines","PasEquillibré"
"bf743fbf-9be2-49a1-bf7e-0b53276e6529","dd13fcba-0ae1-43d3-9d32-1672ed84f151","USA","327",687,7085,359,576,0,8707,7.89020328471345,81.371310439876,4.1231193292753,6.61536694613529,0,7085,"proteines","Equillibré"
"cd0a0a46-7676-4bf0-ad03-2e83bd565fee","dd13fcba-0ae1-43d3-9d32-1672ed84f151","USA","327",1005,4492,357,841,0,6695,15.0112023898432,67.0948469006721,5.33233756534727,12.5616131441374,0,4492,"proteines","PasEquillibré"
"9577727a-fa45-4185-9778-4a56a41cf0f6","dd13fcba-0ae1-43d3-9d32-1672ed84f151","USA","327",680,3389,107,14,0,4190,16.2291169451074,80.8830548926014,2.55369928400955,0.334128878281623,0,3389,"proteines","Equillibré"
"073891b7-a928-4ff0-83e3-56f4d1a6315e","dd13fcba-0ae1-43d3-9d32-1672ed84f151","USA","327",2621,12665,209,566,0,16061,16.3190336840794,78.8556129755308,1.30128883631156,3.5240645040782,0,12665,"proteines","PasEquillibré"
"cc933e0b-091f-4ef4-bfc8-11f2076d4396","dd13fcba-0ae1-43d3-9d32-1672ed84f151","USA","327",3707,5868,328,2466,0,12369,29.9700865065891,47.4411836041717,2.65179076724068,19.9369391219985,0,5868,"proteines","PresqueEquillibré"
"4ed0a862-3163-449b-bb48-ca8b9ce3add0","dd13fcba-0ae1-43d3-9d32-1672ed84f151","USA","327",4094,6934,1343,621,0,12992,31.5116995073892,53.3713054187192,10.3371305418719,4.7798645320197,0,6934,"proteines","PresqueEquillibré"
"473d2e90-02dd-483e-ad19-3966ec20050a","dd13fcba-0ae1-43d3-9d32-1672ed84f151","USA","327",1360,3016,34,323,0,4733,28.7344179167547,63.7227973800972,0.718360447918868,6.82442425522924,0,3016,"proteines","PasEquillibré"
"03964ff9-d24f-4a0a-a492-3a177e16eb11","dd13fcba-0ae1-43d3-9d32-1672ed84f151","USA","327",455,564,173,611,0,1803,25.2357182473655,31.2811980033278,9.59511924570161,33.8879645036051,0,611,"legumes","PasEquillibré"
"e87291fb-8da5-4c7a-af30-4413737f2401","dd13fcba-0ae1-43d3-9d32-1672ed84f151","USA","327",2261,2745,181,0,0,5187,43.5897435897436,52.9207634470792,3.48949296317717,0,0,2745,"proteines","PresqueEquillibré"
"915ec45f-204b-411d-8ed7-7fdecb385e39","dd13fcba-0ae1-43d3-9d32-1672ed84f151","USA","327",4719,4505,964,508,0,10696,44.1192969334331,42.1185489902767,9.01271503365744,4.74943904263276,0,4719,"feculents","PasEquillibré"
"199d1269-1d8a-420a-a986-1f4f2ab4355f","6afda059-04a5-4308-b776-a532ed142284","Italy","238",2436,8239,1307,4426,0,16408,14.8464163822526,50.2133105802048,7.965626523647,26.9746465138957,0,8239,"proteines","Equillibré"
"fd0537e8-3103-47f8-9998-44570bb8a45e","6afda059-04a5-4308-b776-a532ed142284","Italy","238",1781,4546,4238,1885,0,12450,14.3052208835341,36.5140562248996,34.0401606425703,15.140562248996,0,4546,"proteines","Equillibré"
"e433aa11-cdb7-4733-88a9-7067cf52299b","6afda059-04a5-4308-b776-a532ed142284","Italy","238",8435,2970,155,152,0,11712,72.020150273224,25.3586065573771,1.32342896174863,1.29781420765027,0,8435,"feculents","Equillibré"
"149c1889-4e83-4153-b763-54fb60e60d99","6afda059-04a5-4308-b776-a532ed142284","Italy","238",1447,6716,260,605,0,9028,16.0279131590607,74.3907842268498,2.87992910943731,6.70137350465219,0,6716,"proteines","Equillibré"
"14229a71-f44e-4149-9f3c-aa7415691eae","6afda059-04a5-4308-b776-a532ed142284","Italy","238",2749,5081,661,1592,0,10083,27.2637111970644,50.3917484875533,6.55558861449965,15.7889517008827,0,5081,"proteines","Equillibré"
"a724528f-7fe6-4ad6-bba1-21cb02db2af5","6afda059-04a5-4308-b776-a532ed142284","Italy","238",4539,12192,1601,399,0,18731,24.2325556563985,65.0899578239282,8.54732795899845,2.13015856067482,0,12192,"proteines","PresqueEquillibré"
"4f5ae77c-6112-401a-93d1-3bf44bd1ccbe","6afda059-04a5-4308-b776-a532ed142284","Italy","238",400,1141,942,1843,0,4326,9.2464170134073,26.3754045307443,21.7753120665742,42.6028663892742,0,1843,"legumes","PresqueEquillibré"
"4f147d0e-54ac-4b89-a269-aaa7819fb0ef","6afda059-04a5-4308-b776-a532ed142284","Italy","238",1237,6598,826,1762,0,10423,11.8679842655665,63.3023121941859,7.92478173270652,16.904921807541,0,6598,"proteines","Equillibré"
"c464d108-c77f-41e7-bcbc-d5855c9a7968","6afda059-04a5-4308-b776-a532ed142284","Italy","238",4098,7626,2176,399,0,14299,28.6593468074691,53.3324008671935,15.2178474019162,2.79040492342122,0,7626,"proteines","Equillibré"
"b20e7a20-ca68-410c-8214-fbb92bfdfe17","6afda059-04a5-4308-b776-a532ed142284","Italy","238",1715,2051,928,1178,0,5872,29.2064032697548,34.9284741144414,15.8038147138965,20.0613079019074,0,2051,"proteines","Equillibré"
"131f7620-d15d-4560-86ab-564145745b9b","6afda059-04a5-4308-b776-a532ed142284","Italy","238",7255,7123,0,2466,0,16844,43.0717169318452,42.2880550938019,0,14.6402279743529,0,7255,"feculents","PasEquillibré"
"131ecf76-b806-4557-b2c0-183a418357ba","6afda059-04a5-4308-b776-a532ed142284","Italy","238",1356,3585,233,0,0,5174,26.20796289138,69.2887514495555,4.50328565906455,0,0,3585,"proteines","PresqueEquillibré"
"9560482a-f0a3-4f68-a311-03d22aedbd05","6afda059-04a5-4308-b776-a532ed142284","Italy","238",735,2409,635,555,0,4334,16.9589293954776,55.5837563451777,14.6515920627596,12.8057221965851,0,2409,"proteines","Equillibré"
"10e732f6-9a6a-474a-82e2-a4060fc8dffe","6afda059-04a5-4308-b776-a532ed142284","Italy","238",4787,7452,716,119,0,13074,36.6146550405385,56.9986232216613,5.47651828055683,0.910203457243384,0,7452,"proteines","PresqueEquillibré"
"646465ef-0ad6-44cc-bd31-de24e1487943","6afda059-04a5-4308-b776-a532ed142284","Italy","238",2925,12159,665,2164,0,17913,16.3289231284542,67.8780773739742,3.71238765142634,12.0806118461453,0,12159,"proteines","PasEquillibré"
"aa2c1d96-ec88-4bcb-8d0e-e2b0c7632af1","6afda059-04a5-4308-b776-a532ed142284","Italy","238",3084,3135,1425,1116,0,8760,35.2054794520548,35.7876712328767,16.2671232876712,12.7397260273973,0,3135,"proteines","Equillibré"
"9610f0dd-ff9f-4bd4-b311-459a04f965ca","6afda059-04a5-4308-b776-a532ed142284","Italy","238",2547,5562,1216,975,0,10300,24.7281553398058,54,11.8058252427184,9.46601941747573,0,5562,"proteines","Equillibré"
"df6523cd-3270-4298-8d6f-00aa8e9455e6","6afda059-04a5-4308-b776-a532ed142284","Italy","238",4420,3859,3121,4350,0,15750,28.0634920634921,24.5015873015873,19.815873015873,27.6190476190476,0,4420,"feculents","PresqueEquillibré"
"54c68134-2c2a-4f2e-974b-32310830af0e","6afda059-04a5-4308-b776-a532ed142284","Italy","238",3806,6224,1684,1101,0,12815,29.6995708154506,48.5680842762388,13.1408505657433,8.59149434256731,0,6224,"proteines","Equillibré"
"055d198c-f8b0-47b7-9eb3-94fc57808f93","6afda059-04a5-4308-b776-a532ed142284","Italy","238",6134,9491,5323,5418,0,26366,23.264810741106,35.9971174998104,20.1888796176894,20.5491921413942,0,9491,"proteines","PresqueEquillibré"
"cea293cd-b0b1-40ea-8e71-756b3956e8ad","6afda059-04a5-4308-b776-a532ed142284","Italy","238",2158,454,0,0,0,2612,82.6186830015314,17.3813169984686,0,0,0,2158,"feculents","Equillibré"
"de86783a-ac86-419a-a230-dad6b421fba4","6afda059-04a5-4308-b776-a532ed142284","Italy","238",1463,3386,859,2961,0,8669,16.8762256315607,39.0587149613566,9.90887068866074,34.156188718422,0,3386,"proteines","Equillibré"
"919c7921-7cef-4620-a2fe-766180ed2fbb","6afda059-04a5-4308-b776-a532ed142284","Italy","238",2182,4782,329,720,0,8013,27.2307500311993,59.67802321228,4.10582802945214,8.98539872706851,0,4782,"proteines","Equillibré"
"9f8068fd-f5cc-4e1a-946a-c9beb8b4d05a","6afda059-04a5-4308-b776-a532ed142284","Italy","238",1991,1835,1239,1699,0,6764,29.4352454169131,27.1289178001183,18.317563571851,25.1182732111177,0,1991,"feculents","Equillibré"
"06026e76-f9a4-4fb9-877d-bcd33373cdab","6afda059-04a5-4308-b776-a532ed142284","Italy","238",3266,5621,306,0,0,9193,35.5270314369629,61.1443489611661,3.32861960187099,0,0,5621,"proteines","Equillibré"
"27e050a3-45e8-4076-9c25-32be9040da4e","6afda059-04a5-4308-b776-a532ed142284","Italy","238",1816,4662,734,2196,0,9408,19.3027210884354,49.5535714285714,7.80187074829932,23.3418367346939,0,4662,"proteines","Equillibré"
"4995f6d3-50ed-427d-9cf2-4ea0b81a229c","6afda059-04a5-4308-b776-a532ed142284","Italy","238",3105,1198,553,712,0,5568,55.7650862068966,21.5158045977011,9.93175287356322,12.7873563218391,0,3105,"feculents","Equillibré"
"398e712a-fae6-451d-83c9-a7e500227e62","6afda059-04a5-4308-b776-a532ed142284","Italy","238",1408,348,678,868,0,3302,42.6408237431859,10.5390672319806,20.5330102967898,26.2870987280436,0,1408,"feculents","PresqueEquillibré"
"65681129-f83c-4293-9ce3-9d1429367fd0","6afda059-04a5-4308-b776-a532ed142284","Italy","238",3170,2690,3010,4003,0,12873,24.6251844946788,20.8964499339703,23.3822729744426,31.0960925969083,0,4003,"legumes","Equillibré"
"035a43cf-cf88-4675-85e7-11eeb0b3641c","6afda059-04a5-4308-b776-a532ed142284","Italy","238",1879,2853,1821,2236,0,8789,21.3789964728638,32.461030833997,20.7190806690181,25.4408920241211,0,2853,"proteines","Equillibré"
"aaf1dbcb-3748-4740-a2e0-58e7c1cb9f78","6afda059-04a5-4308-b776-a532ed142284","Italy","238",4275,5344,1335,2381,0,13335,32.0584926884139,40.0749906261717,10.0112485939258,17.8552680914886,0,5344,"proteines","PresqueEquillibré"
"bf743fbf-9be2-49a1-bf7e-0b53276e6529","6afda059-04a5-4308-b776-a532ed142284","Italy","238",8468,5998,266,2057,0,16789,50.4377866460182,35.7257728274465,1.5843707189231,12.2520698076121,0,8468,"feculents","Equillibré"
"cd0a0a46-7676-4bf0-ad03-2e83bd565fee","6afda059-04a5-4308-b776-a532ed142284","Italy","238",1917,8071,1644,1232,0,12864,14.902052238806,62.7409825870647,12.7798507462687,9.5771144278607,0,8071,"proteines","PresqueEquillibré"
"9577727a-fa45-4185-9778-4a56a41cf0f6","6afda059-04a5-4308-b776-a532ed142284","Italy","238",649,4305,168,187,0,5309,12.224524392541,81.088717272556,3.1644377472217,3.5223205876813,0,4305,"proteines","Equillibré"
"073891b7-a928-4ff0-83e3-56f4d1a6315e","6afda059-04a5-4308-b776-a532ed142284","Italy","238",3210,5436,479,278,0,9403,34.1380410507285,57.8113368074019,5.09411889822397,2.95650324364565,0,5436,"proteines","Equillibré"
"cc933e0b-091f-4ef4-bfc8-11f2076d4396","6afda059-04a5-4308-b776-a532ed142284","Italy","238",5059,9152,4207,3049,0,21467,23.5664042483812,42.6328783714539,19.5975217776121,14.2031956025528,0,9152,"proteines","Equillibré"
"4ed0a862-3163-449b-bb48-ca8b9ce3add0","6afda059-04a5-4308-b776-a532ed142284","Italy","238",3494,5391,385,1447,0,10717,32.6024073901278,50.3032565083512,3.59242325277596,13.501912848745,0,5391,"proteines","Equillibré"
"473d2e90-02dd-483e-ad19-3966ec20050a","6afda059-04a5-4308-b776-a532ed142284","Italy","238",1837,4746,478,1283,0,8344,22.0158197507191,56.8791946308725,5.72866730584851,15.3763183125599,0,4746,"proteines","Equillibré"
"03964ff9-d24f-4a0a-a492-3a177e16eb11","6afda059-04a5-4308-b776-a532ed142284","Italy","238",3193,1727,0,0,0,4920,64.8983739837398,35.1016260162602,0,0,0,3193,"feculents","Equillibré"
"e87291fb-8da5-4c7a-af30-4413737f2401","6afda059-04a5-4308-b776-a532ed142284","Italy","238",1018,2630,636,420,0,4704,21.641156462585,55.9098639455782,13.5204081632653,8.92857142857143,0,2630,"proteines","Equillibré"
"915ec45f-204b-411d-8ed7-7fdecb385e39","6afda059-04a5-4308-b776-a532ed142284","Italy","238",7139,6251,789,2361,0,16540,43.1620314389359,37.7932285368803,4.77025392986699,14.2744860943168,0,7139,"feculents","Equillibré"
"199d1269-1d8a-420a-a986-1f4f2ab4355f","f61f9030-d814-495d-af95-0e643697de64","Brazil","352",7549,6889,2585,4260,0,21283,35.4696236432834,32.3685570643236,12.1458441009256,20.0159751914674,0,7549,"feculents","Equillibré"
"fd0537e8-3103-47f8-9998-44570bb8a45e","f61f9030-d814-495d-af95-0e643697de64","Brazil","352",7876,2944,531,4551,0,15902,49.5283612124261,18.5133945415671,3.33920261602314,28.6190416299836,0,7876,"feculents","PresqueEquillibré"
"e433aa11-cdb7-4733-88a9-7067cf52299b","f61f9030-d814-495d-af95-0e643697de64","Brazil","352",9408,4592,866,4698,0,19564,48.0883254958086,23.471682682478,4.42649764874259,24.0134941729708,0,9408,"feculents","PresqueEquillibré"
"149c1889-4e83-4153-b763-54fb60e60d99","f61f9030-d814-495d-af95-0e643697de64","Brazil","352",5359,3705,443,1692,0,11199,47.8524868291812,33.0833110099116,3.95571033127958,15.1084918296276,0,5359,"feculents","PresqueEquillibré"
"14229a71-f44e-4149-9f3c-aa7415691eae","f61f9030-d814-495d-af95-0e643697de64","Brazil","352",6603,4499,3344,3255,0,17701,37.3029772329247,25.4166431275069,18.8915880458731,18.3887915936953,0,6603,"feculents","Equillibré"
"a724528f-7fe6-4ad6-bba1-21cb02db2af5","f61f9030-d814-495d-af95-0e643697de64","Brazil","352",12819,7808,49,3881,0,24557,52.2010017510282,31.7954147493586,0.199535773913752,15.8040477256994,0,12819,"feculents","PresqueEquillibré"
"4f5ae77c-6112-401a-93d1-3bf44bd1ccbe","f61f9030-d814-495d-af95-0e643697de64","Brazil","352",1222,589,430,1085,0,3326,36.7408298256164,17.708959711365,12.9284425736621,32.6217678893566,0,1222,"feculents","Equillibré"
"4f147d0e-54ac-4b89-a269-aaa7819fb0ef","f61f9030-d814-495d-af95-0e643697de64","Brazil","352",2570,1967,498,1883,0,6918,37.149465163342,28.4330731425267,7.19861231569818,27.2188493784331,0,2570,"feculents","Equillibré"
"c464d108-c77f-41e7-bcbc-d5855c9a7968","f61f9030-d814-495d-af95-0e643697de64","Brazil","352",4497,4236,3629,5027,0,17389,25.8611766059003,24.3602277301742,20.8695152107654,28.90908045316,0,5027,"legumes","Equillibré"
"b20e7a20-ca68-410c-8214-fbb92bfdfe17","f61f9030-d814-495d-af95-0e643697de64","Brazil","352",2445,1920,1069,1703,0,7137,34.2580916351408,26.9020596889449,14.9782821913969,23.8615664845173,0,2445,"feculents","PresqueEquillibré"
"131f7620-d15d-4560-86ab-564145745b9b","f61f9030-d814-495d-af95-0e643697de64","Brazil","352",12255,5880,648,1664,0,20447,59.9354428522522,28.7572749058542,3.1691690712574,8.13811317063628,0,12255,"feculents","PasEquillibré"
"131ecf76-b806-4557-b2c0-183a418357ba","f61f9030-d814-495d-af95-0e643697de64","Brazil","352",3621,1611,0,0,0,5232,69.2087155963303,30.7912844036697,0,0,0,3621,"feculents","Equillibré"
"9560482a-f0a3-4f68-a311-03d22aedbd05","f61f9030-d814-495d-af95-0e643697de64","Brazil","352",2074,1108,1063,312,0,4557,45.5123985077902,24.3142418257626,23.3267500548607,6.84660961158657,0,2074,"feculents","Equillibré"
"10e732f6-9a6a-474a-82e2-a4060fc8dffe","f61f9030-d814-495d-af95-0e643697de64","Brazil","352",9250,3465,0,0,0,12715,72.7487219819111,27.2512780180889,0,0,0,9250,"feculents","Equillibré"
"646465ef-0ad6-44cc-bd31-de24e1487943","f61f9030-d814-495d-af95-0e643697de64","Brazil","352",6916,7393,2322,6576,0,23207,29.801353040031,31.8567673546775,10.0056017580902,28.3362778472013,0,7393,"proteines","PasEquillibré"
"aa2c1d96-ec88-4bcb-8d0e-e2b0c7632af1","f61f9030-d814-495d-af95-0e643697de64","Brazil","352",4054,2615,1584,2726,0,10979,36.925038710265,23.818198378723,14.4275434921213,24.8292194188906,0,4054,"feculents","PresqueEquillibré"
"9610f0dd-ff9f-4bd4-b311-459a04f965ca","f61f9030-d814-495d-af95-0e643697de64","Brazil","352",5842,2262,0,159,0,8263,70.7007140263827,27.3750453830328,0,1.92424059058453,0,5842,"feculents","Equillibré"
"df6523cd-3270-4298-8d6f-00aa8e9455e6","f61f9030-d814-495d-af95-0e643697de64","Brazil","352",2118,2288,4043,4844,0,13293,15.9331979237193,17.212066501166,30.4145038742195,36.4402317008952,0,4844,"legumes","Equillibré"
"54c68134-2c2a-4f2e-974b-32310830af0e","f61f9030-d814-495d-af95-0e643697de64","Brazil","352",4361,1362,338,400,0,6461,67.4972914409534,21.0803281225816,5.23138832997988,6.19099210648506,0,4361,"feculents","Equillibré"
"055d198c-f8b0-47b7-9eb3-94fc57808f93","f61f9030-d814-495d-af95-0e643697de64","Brazil","352",7806,5100,4418,5176,0,22500,34.6933333333333,22.6666666666667,19.6355555555556,23.0044444444444,0,7806,"feculents","PresqueEquillibré"
"cea293cd-b0b1-40ea-8e71-756b3956e8ad","f61f9030-d814-495d-af95-0e643697de64","Brazil","352",1003,2995,0,0,0,3998,25.0875437718859,74.9124562281141,0,0,0,2995,"proteines","PresqueEquillibré"
"de86783a-ac86-419a-a230-dad6b421fba4","f61f9030-d814-495d-af95-0e643697de64","Brazil","352",4701,2843,1345,2632,0,11521,40.8037496745074,24.6766773717559,11.6743338251888,22.8452391285479,0,4701,"feculents","PresqueEquillibré"
"919c7921-7cef-4620-a2fe-766180ed2fbb","f61f9030-d814-495d-af95-0e643697de64","Brazil","352",5845,2094,1913,1483,0,11335,51.5659461843847,18.4737538597265,16.8769298632554,13.0833700926334,0,5845,"feculents","Equillibré"
"9f8068fd-f5cc-4e1a-946a-c9beb8b4d05a","f61f9030-d814-495d-af95-0e643697de64","Brazil","352",2735,1273,922,1497,0,6427,42.5548467403143,19.8070639489653,14.345728955967,23.2923603547534,0,2735,"feculents","PresqueEquillibré"
"06026e76-f9a4-4fb9-877d-bcd33373cdab","f61f9030-d814-495d-af95-0e643697de64","Brazil","352",7029,4129,115,325,0,11598,60.6052767718572,35.6009656837386,0.991550267287463,2.80220727711674,0,7029,"feculents","Equillibré"
"27e050a3-45e8-4076-9c25-32be9040da4e","f61f9030-d814-495d-af95-0e643697de64","Brazil","352",9071,246,1459,3449,0,14225,63.768014059754,1.72934973637961,10.2565905096661,24.2460456942004,0,9071,"feculents","PresqueEquillibré"
"4995f6d3-50ed-427d-9cf2-4ea0b81a229c","f61f9030-d814-495d-af95-0e643697de64","Brazil","352",6789,1833,2638,1236,0,12496,54.3293854033291,14.6686939820743,21.1107554417414,9.89116517285531,0,6789,"feculents","Equillibré"
"398e712a-fae6-451d-83c9-a7e500227e62","f61f9030-d814-495d-af95-0e643697de64","Brazil","352",945,2329,2817,3229,0,9320,10.1394849785408,24.9892703862661,30.225321888412,34.6459227467811,0,3229,"legumes","Equillibré"
"65681129-f83c-4293-9ce3-9d1429367fd0","f61f9030-d814-495d-af95-0e643697de64","Brazil","352",3476,2450,691,4949,0,11566,30.0536053951236,21.1827771053087,5.9744077468442,42.7892097527235,0,4949,"legumes","PresqueEquillibré"
"035a43cf-cf88-4675-85e7-11eeb0b3641c","f61f9030-d814-495d-af95-0e643697de64","Brazil","352",9440,4509,9289,6222,0,29460,32.0434487440597,15.3054989816701,31.53088934148,21.1201629327902,0,9440,"feculents","PresqueEquillibré"
"aaf1dbcb-3748-4740-a2e0-58e7c1cb9f78","f61f9030-d814-495d-af95-0e643697de64","Brazil","352",6214,2651,4017,1963,0,14845,41.8592118558437,17.8578646008757,27.0596160323341,13.2233075109464,0,6214,"feculents","Equillibré"
"bf743fbf-9be2-49a1-bf7e-0b53276e6529","f61f9030-d814-495d-af95-0e643697de64","Brazil","352",4635,889,3092,1682,0,10298,45.0087395610798,8.63274422217907,30.0252476208973,16.3332685958439,0,4635,"feculents","PresqueEquillibré"
"cd0a0a46-7676-4bf0-ad03-2e83bd565fee","f61f9030-d814-495d-af95-0e643697de64","Brazil","352",7164,2605,1565,670,0,12004,59.680106631123,21.7010996334555,13.0373208930357,5.58147284238587,0,7164,"feculents","Equillibré"
"9577727a-fa45-4185-9778-4a56a41cf0f6","f61f9030-d814-495d-af95-0e643697de64","Brazil","352",796,835,0,0,0,1631,48.8044144696505,51.1955855303495,0,0,0,835,"proteines","Equillibré"
"073891b7-a928-4ff0-83e3-56f4d1a6315e","f61f9030-d814-495d-af95-0e643697de64","Brazil","352",4932,317,1678,994,0,7921,62.2648655472794,4.00201994697639,21.1841939149097,12.5489205908345,0,4932,"feculents","Equillibré"
"cc933e0b-091f-4ef4-bfc8-11f2076d4396","f61f9030-d814-495d-af95-0e643697de64","Brazil","352",5048,1700,2089,5920,0,14757,34.2074947482551,11.5199566307515,14.1559937656705,40.1165548553229,0,5920,"legumes","Equillibré"
"4ed0a862-3163-449b-bb48-ca8b9ce3add0","f61f9030-d814-495d-af95-0e643697de64","Brazil","352",7955,5298,1114,2196,0,16563,48.0287387550565,31.9869588842601,6.72583469178289,13.2584676689006,0,7955,"feculents","PresqueEquillibré"
"473d2e90-02dd-483e-ad19-3966ec20050a","f61f9030-d814-495d-af95-0e643697de64","Brazil","352",2912,724,202,465,0,4303,67.6737160120846,16.8254706019056,4.69439925633279,10.806414129677,0,2912,"feculents","Equillibré"
"03964ff9-d24f-4a0a-a492-3a177e16eb11","f61f9030-d814-495d-af95-0e643697de64","Brazil","352",4435,2775,0,303,0,7513,59.0310129109544,36.9359776387595,0,4.03300945028617,0,4435,"feculents","Equillibré"
"e87291fb-8da5-4c7a-af30-4413737f2401","f61f9030-d814-495d-af95-0e643697de64","Brazil","352",3268,1729,0,624,0,5621,58.1391211528198,30.7596513075965,0,11.1012275395837,0,3268,"feculents","Equillibré"
"915ec45f-204b-411d-8ed7-7fdecb385e39","f61f9030-d814-495d-af95-0e643697de64","Brazil","352",10950,2829,3987,2282,0,20048,54.6189146049481,14.1111332801277,19.8872705506784,11.3826815642458,0,10950,"feculents","PresqueEquillibré"
"199d1269-1d8a-420a-a986-1f4f2ab4355f","5445f170-12c1-48fc-9563-3709dd2993b0","Greece","980",2350,2012,595,5076,1145,11178,21.023438897835,17.9996421542315,5.32295580604759,45.4106280193237,10.2433351225622,5076,"legumes","PresqueEquillibré"
"fd0537e8-3103-47f8-9998-44570bb8a45e","5445f170-12c1-48fc-9563-3709dd2993b0","Greece","980",6376,5791,28,1987,1148,15330,41.5916503587736,37.7756033920417,0.182648401826484,12.9615133724723,7.48858447488584,6376,"feculents","Equillibré"
"e433aa11-cdb7-4733-88a9-7067cf52299b","5445f170-12c1-48fc-9563-3709dd2993b0","Greece","980",8110,7093,7794,356,0,23353,34.7278722219843,30.372971352717,33.374727015801,1.52442940949771,0,8110,"feculents","PresqueEquillibré"
"149c1889-4e83-4153-b763-54fb60e60d99","5445f170-12c1-48fc-9563-3709dd2993b0","Greece","980",2606,2606,1068,0,0,6280,41.4968152866242,41.4968152866242,17.0063694267516,0,0,2606,"proteines","Equillibré"
"14229a71-f44e-4149-9f3c-aa7415691eae","5445f170-12c1-48fc-9563-3709dd2993b0","Greece","980",7264,6311,2151,1697,1475,18898,38.4379299396762,33.3950682611917,11.3821568419939,8.9797862207641,7.80505873637422,7264,"feculents","Equillibré"
"a724528f-7fe6-4ad6-bba1-21cb02db2af5","5445f170-12c1-48fc-9563-3709dd2993b0","Greece","980",11290,9481,2557,2073,380,25781,43.7919398006284,36.7751444862496,9.91815678212637,8.04080524417206,1.47395368682363,11290,"feculents","PresqueEquillibré"
"4f5ae77c-6112-401a-93d1-3bf44bd1ccbe","5445f170-12c1-48fc-9563-3709dd2993b0","Greece","980",2694,2077,618,611,318,6318,42.6400759734093,32.8743273187718,9.78157644824311,9.67078189300411,5.0332383665717,2694,"feculents","PresqueEquillibré"
"4f147d0e-54ac-4b89-a269-aaa7819fb0ef","5445f170-12c1-48fc-9563-3709dd2993b0","Greece","980",3055,2034,413,2413,815,8730,34.9942726231386,23.2989690721649,4.73081328751432,27.6403207331042,9.33562428407789,3055,"feculents","Equillibré"
"c464d108-c77f-41e7-bcbc-d5855c9a7968","5445f170-12c1-48fc-9563-3709dd2993b0","Greece","980",6350,5480,4588,1261,4143,21822,29.0990743286592,25.1122720190633,21.02465401888,5.77857208321877,18.9854275501787,6350,"feculents","Equillibré"
"b20e7a20-ca68-410c-8214-fbb92bfdfe17","5445f170-12c1-48fc-9563-3709dd2993b0","Greece","980",44,44,1535,99,466,2188,2.0109689213894,2.0109689213894,70.1553930530165,4.52468007312614,21.2979890310786,1535,"fruits","PresqueEquillibré"
"131f7620-d15d-4560-86ab-564145745b9b","5445f170-12c1-48fc-9563-3709dd2993b0","Greece","980",14168,11452,1318,1622,178,28738,49.3005776324031,39.8496763866657,4.58626209200362,5.64409492657805,0.619388962349502,14168,"feculents","Equillibré"
"131ecf76-b806-4557-b2c0-183a418357ba","5445f170-12c1-48fc-9563-3709dd2993b0","Greece","980",2785,2785,878,0,0,6448,43.1916873449131,43.1916873449131,13.6166253101737,0,0,2785,"proteines","Equillibré"
"9560482a-f0a3-4f68-a311-03d22aedbd05","5445f170-12c1-48fc-9563-3709dd2993b0","Greece","980",3354,2193,766,1074,776,8163,41.087835354649,26.8651231165013,9.38380497366164,13.156927600147,9.50630895504104,3354,"feculents","PresqueEquillibré"
"10e732f6-9a6a-474a-82e2-a4060fc8dffe","5445f170-12c1-48fc-9563-3709dd2993b0","Greece","980",9982,9982,3085,0,388,23437,42.5907752698724,42.5907752698724,13.1629474762128,0,1.65550198404233,9982,"proteines","Equillibré"
"646465ef-0ad6-44cc-bd31-de24e1487943","5445f170-12c1-48fc-9563-3709dd2993b0","Greece","980",11104,10302,375,4018,2578,28377,39.130281566057,36.3040490538112,1.32149275821968,14.1593544067379,9.08482221517426,11104,"feculents","Equillibré"
"aa2c1d96-ec88-4bcb-8d0e-e2b0c7632af1","5445f170-12c1-48fc-9563-3709dd2993b0","Greece","980",2637,1881,890,854,677,6939,38.0025940337224,27.1076523994812,12.826055627612,12.3072488831244,9.75644905605995,2637,"feculents","Equillibré"
"9610f0dd-ff9f-4bd4-b311-459a04f965ca","5445f170-12c1-48fc-9563-3709dd2993b0","Greece","980",4891,4844,851,770,283,11639,42.0225105249592,41.6186957642409,7.31162471002663,6.61568863304408,2.43148036772919,4891,"feculents","Equillibré"
"df6523cd-3270-4298-8d6f-00aa8e9455e6","5445f170-12c1-48fc-9563-3709dd2993b0","Greece","980",10929,6976,2369,3198,1714,25186,43.3931549273406,27.6979274199952,9.40601921702533,12.6975303740173,6.80536806162154,10929,"feculents","Equillibré"
"54c68134-2c2a-4f2e-974b-32310830af0e","5445f170-12c1-48fc-9563-3709dd2993b0","Greece","980",9668,9668,1416,970,252,21974,43.9974515336307,43.9974515336307,6.44397924820242,4.41430781833075,1.14680986620552,9668,"proteines","Equillibré"
"055d198c-f8b0-47b7-9eb3-94fc57808f93","5445f170-12c1-48fc-9563-3709dd2993b0","Greece","980",9914,8580,4590,2035,1714,26833,36.9470428204077,31.9755524913353,17.1058025565535,7.58394514217568,6.38765698952782,9914,"feculents","Equillibré"
"cea293cd-b0b1-40ea-8e71-756b3956e8ad","5445f170-12c1-48fc-9563-3709dd2993b0","Greece","980",1753,1753,1349,0,0,4855,36.1071060762101,36.1071060762101,27.7857878475798,0,0,1753,"proteines","Equillibré"
"de86783a-ac86-419a-a230-dad6b421fba4","5445f170-12c1-48fc-9563-3709dd2993b0","Greece","980",4415,4317,1132,1535,599,11998,36.7977996332722,35.9809968328055,9.43490581763627,12.7937989664944,4.99249874979163,4415,"feculents","Equillibré"
"919c7921-7cef-4620-a2fe-766180ed2fbb","5445f170-12c1-48fc-9563-3709dd2993b0","Greece","980",1874,1843,3017,1505,556,8795,21.3075611142695,20.955088118249,34.3035815804434,17.1119954519613,6.32177373507675,3017,"fruits","Equillibré"
"9f8068fd-f5cc-4e1a-946a-c9beb8b4d05a","5445f170-12c1-48fc-9563-3709dd2993b0","Greece","980",5717,4327,1567,1389,1398,14398,39.7069037366301,30.0527851090429,10.8834560355605,9.64717321850257,9.70968190026393,5717,"feculents","PresqueEquillibré"
"06026e76-f9a4-4fb9-877d-bcd33373cdab","5445f170-12c1-48fc-9563-3709dd2993b0","Greece","980",3639,3610,4853,165,313,12580,28.9268680445151,28.6963434022258,38.577106518283,1.31160572337043,2.48807631160572,4853,"fruits","Equillibré"
"27e050a3-45e8-4076-9c25-32be9040da4e","5445f170-12c1-48fc-9563-3709dd2993b0","Greece","980",7060,6380,245,4168,196,18049,39.1157404842374,35.3482187378802,1.35741592331985,23.0926921159067,1.08593273865588,7060,"feculents","Equillibré"
"4995f6d3-50ed-427d-9cf2-4ea0b81a229c","5445f170-12c1-48fc-9563-3709dd2993b0","Greece","980",1896,1345,5165,544,0,8950,21.1843575418994,15.0279329608939,57.7094972067039,6.07821229050279,0,5165,"fruits","Equillibré"
"398e712a-fae6-451d-83c9-a7e500227e62","5445f170-12c1-48fc-9563-3709dd2993b0","Greece","980",3054,857,240,1503,1026,6680,45.7185628742515,12.8293413173653,3.59281437125748,22.5,15.3592814371257,3054,"feculents","Equillibré"
"65681129-f83c-4293-9ce3-9d1429367fd0","5445f170-12c1-48fc-9563-3709dd2993b0","Greece","980",1295,778,34,3183,1222,6512,19.8863636363636,11.9471744471744,0.522113022113022,48.8789926289926,18.7653562653563,3183,"legumes","Equillibré"
"035a43cf-cf88-4675-85e7-11eeb0b3641c","5445f170-12c1-48fc-9563-3709dd2993b0","Greece","980",12949,9168,2095,3983,1126,29321,44.1628866682582,31.2676920978139,7.145049623137,13.5841205961597,3.84025101463115,12949,"feculents","Equillibré"
"aaf1dbcb-3748-4740-a2e0-58e7c1cb9f78","5445f170-12c1-48fc-9563-3709dd2993b0","Greece","980",4472,3788,1448,1380,2281,13369,33.4505198593762,28.3342059989528,10.8310270027676,10.3223876131349,17.0618595257686,4472,"feculents","Equillibré"
"bf743fbf-9be2-49a1-bf7e-0b53276e6529","5445f170-12c1-48fc-9563-3709dd2993b0","Greece","980",3350,2751,463,626,0,7190,46.5924895688456,38.2614742698192,6.43949930458971,8.70653685674548,0,3350,"feculents","Equillibré"
"cd0a0a46-7676-4bf0-ad03-2e83bd565fee","5445f170-12c1-48fc-9563-3709dd2993b0","Greece","980",8479,6537,1025,1239,1610,18890,44.8861831656961,34.6056114346215,5.42615140285866,6.55902593965061,8.52302805717311,8479,"feculents","Equillibré"
"9577727a-fa45-4185-9778-4a56a41cf0f6","5445f170-12c1-48fc-9563-3709dd2993b0","Greece","980",1163,1163,352,0,0,2678,43.427931292009,43.427931292009,13.1441374159821,0,0,1163,"proteines","Equillibré"
"073891b7-a928-4ff0-83e3-56f4d1a6315e","5445f170-12c1-48fc-9563-3709dd2993b0","Greece","980",5379,3982,0,749,0,10110,53.2047477744807,39.3867457962413,0,7.40850642927794,0,5379,"feculents","Equillibré"
"cc933e0b-091f-4ef4-bfc8-11f2076d4396","5445f170-12c1-48fc-9563-3709dd2993b0","Greece","980",2473,2473,7433,2521,2233,17133,14.4341329597852,14.4341329597852,43.3841125313722,14.7142940524135,13.0333274966439,7433,"fruits","Equillibré"
"4ed0a862-3163-449b-bb48-ca8b9ce3add0","5445f170-12c1-48fc-9563-3709dd2993b0","Greece","980",8668,8512,2048,140,631,19999,43.3421671083554,42.5621281064053,10.2405120256013,0.700035001750087,3.15515775788789,8668,"feculents","PresqueEquillibré"
"473d2e90-02dd-483e-ad19-3966ec20050a","5445f170-12c1-48fc-9563-3709dd2993b0","Greece","980",5140,4353,1077,907,2143,13620,37.7386196769457,31.9603524229075,7.90748898678414,6.65932452276065,15.7342143906021,5140,"feculents","Equillibré"
"03964ff9-d24f-4a0a-a492-3a177e16eb11","5445f170-12c1-48fc-9563-3709dd2993b0","Greece","980",3355,3355,1959,0,0,8669,38.701118929519,38.701118929519,22.5977621409621,0,0,3355,"proteines","Equillibré"
"e87291fb-8da5-4c7a-af30-4413737f2401","5445f170-12c1-48fc-9563-3709dd2993b0","Greece","980",2858,1945,1114,1159,1337,8413,33.9712349934625,23.1189825270415,13.2414121003209,13.7762985855224,15.8920717936527,2858,"feculents","Equillibré"
"915ec45f-204b-411d-8ed7-7fdecb385e39","5445f170-12c1-48fc-9563-3709dd2993b0","Greece","980",15003,12917,6717,3120,1905,39662,37.8271393273158,32.5676970399879,16.9356058695981,7.86647168574454,4.80308607735364,15003,"feculents","PasEquillibré"
"38c90b27-ea8c-4111-a922-4e81390fefab","34359006-f70f-438e-85d0-420cf2fe6944","Ukraine","156",2567,1102,0,2071,0,5740,44.7212543554007,19.198606271777,0,36.0801393728223,0,2567,"feculents","PasEquillibré"
"4436282c-7d0f-4334-ba8d-80b7cfe2b849","34359006-f70f-438e-85d0-420cf2fe6944","Ukraine","156",1830,314,0,642,0,2786,65.6855707106963,11.2706389088299,0,23.0437903804738,0,1830,"feculents","PasEquillibré"
"98a2ab99-afcb-447e-ae8d-4b96b374e4d7","34359006-f70f-438e-85d0-420cf2fe6944","Ukraine","156",3738,3228,0,4214,0,11180,33.4347048300537,28.8729874776386,0,37.6923076923077,0,4214,"legumes","PasEquillibré"
"6caef30c-9e58-4bd8-bf6a-e3dcac4256f1","34359006-f70f-438e-85d0-420cf2fe6944","Ukraine","156",1600,703,0,3245,0,5548,28.8392213410238,12.6712328767123,0,58.4895457822639,0,3245,"legumes","PresqueEquillibré"
"c19419a4-de5b-4642-b925-120bf7999f25","34359006-f70f-438e-85d0-420cf2fe6944","Ukraine","156",7278,2563,0,1296,0,11137,65.349735117177,23.0133788273323,0,11.6368860554907,0,7278,"feculents","PasEquillibré"
"0cd83ffd-f258-4775-a358-c55074060d88","34359006-f70f-438e-85d0-420cf2fe6944","Ukraine","156",5388,2976,0,6662,0,15026,35.8578463995741,19.8056701717024,0,44.3364834287235,0,6662,"legumes","PasEquillibré"
"5b5b9eb7-f06a-48a3-b3e8-675a7f2faf18","34359006-f70f-438e-85d0-420cf2fe6944","Ukraine","156",2428,773,0,0,0,3201,75.8512964698532,24.1487035301468,0,0,0,2428,"feculents","PasEquillibré"
"38c90b27-ea8c-4111-a922-4e81390fefab","20f3c152-6ebf-49db-8e1a-00eebd99feb6","Finland","672",5998,0,4849,4737,0,15584,38.4881930184805,0,31.1152464065708,30.3965605749487,0,5998,"feculents","Equillibré"
"4436282c-7d0f-4334-ba8d-80b7cfe2b849","20f3c152-6ebf-49db-8e1a-00eebd99feb6","Finland","672",3112,0,1638,2930,0,7680,40.5208333333333,0,21.328125,38.1510416666667,0,3112,"feculents","PresqueEquillibré"
"98a2ab99-afcb-447e-ae8d-4b96b374e4d7","20f3c152-6ebf-49db-8e1a-00eebd99feb6","Finland","672",2521,0,2153,3965,0,8639,29.1816182428522,0,24.921865956708,45.8965158004399,0,3965,"legumes","PasEquillibré"
"6caef30c-9e58-4bd8-bf6a-e3dcac4256f1","20f3c152-6ebf-49db-8e1a-00eebd99feb6","Finland","672",690,0,516,2780,0,3986,17.3105870546914,0,12.9453085800301,69.7441043652785,0,2780,"legumes","Equillibré"
"c19419a4-de5b-4642-b925-120bf7999f25","20f3c152-6ebf-49db-8e1a-00eebd99feb6","Finland","672",6702,0,425,6033,0,13160,50.9270516717325,0,3.22948328267477,45.8434650455927,0,6702,"feculents","PasEquillibré"
"0cd83ffd-f258-4775-a358-c55074060d88","20f3c152-6ebf-49db-8e1a-00eebd99feb6","Finland","672",4826,0,2857,7521,0,15204,31.7416469350171,0,18.7911076032623,49.4672454617206,0,7521,"legumes","PresqueEquillibré"
"5b5b9eb7-f06a-48a3-b3e8-675a7f2faf18","20f3c152-6ebf-49db-8e1a-00eebd99feb6","Finland","672",2302,0,1526,1704,0,5532,41.6124367317426,0,27.5849602313811,30.8026030368764,0,2302,"feculents","Equillibré"
"38c90b27-ea8c-4111-a922-4e81390fefab","213479f7-39af-4b83-b0e9-4ba473d27429","Spain","756",3477,1593,1555,1383,0,8008,43.4190809190809,19.8926073926074,19.4180819180819,17.2702297702298,0,3477,"feculents","Equillibré"
"4436282c-7d0f-4334-ba8d-80b7cfe2b849","213479f7-39af-4b83-b0e9-4ba473d27429","Spain","756",3995,3047,422,2295,0,9759,40.9365713700174,31.222461317758,4.32421354646993,23.5167537657547,0,3995,"feculents","Equillibré"
"98a2ab99-afcb-447e-ae8d-4b96b374e4d7","213479f7-39af-4b83-b0e9-4ba473d27429","Spain","756",5171,2878,1392,3026,0,12467,41.4775006015882,23.0849442528275,11.1654768589075,24.2720782866768,0,5171,"feculents","Equillibré"
"6caef30c-9e58-4bd8-bf6a-e3dcac4256f1","213479f7-39af-4b83-b0e9-4ba473d27429","Spain","756",1295,1045,123,986,0,3449,37.5471151058278,30.2986372861699,3.56625108727167,28.5879965207306,0,1295,"feculents","Equillibré"
"c19419a4-de5b-4642-b925-120bf7999f25","213479f7-39af-4b83-b0e9-4ba473d27429","Spain","756",5510,1135,1517,1064,0,9226,59.7225233037069,12.3021894645567,16.4426620420551,11.5326251896813,0,5510,"feculents","PresqueEquillibré"
"0cd83ffd-f258-4775-a358-c55074060d88","213479f7-39af-4b83-b0e9-4ba473d27429","Spain","756",11790,9475,2015,8739,0,32019,36.821887004591,29.5918048658609,6.29313844904588,27.2931696805022,0,11790,"feculents","PresqueEquillibré"
"5b5b9eb7-f06a-48a3-b3e8-675a7f2faf18","213479f7-39af-4b83-b0e9-4ba473d27429","Spain","756",2520,1333,213,1997,0,6063,41.5635823849579,21.9858156028369,3.51311232063335,32.9374896915718,0,2520,"feculents","Equillibré"
"38c90b27-ea8c-4111-a922-4e81390fefab","7bdf6ed6-acf9-4a7b-84fe-7e4f96f9582a","France","421",0,1545,9887,5629,5470,22531,0,6.85721894278993,43.8817629044428,24.983356264702,24.2776618880653,9887,"fruits","Equillibré"
"4436282c-7d0f-4334-ba8d-80b7cfe2b849","7bdf6ed6-acf9-4a7b-84fe-7e4f96f9582a","France","421",0,408,1372,669,1372,3821,0,10.6778330280031,35.9068306725988,17.5085056267993,35.9068306725988,1372,"produit_laitiers","PasEquillibré"
"98a2ab99-afcb-447e-ae8d-4b96b374e4d7","7bdf6ed6-acf9-4a7b-84fe-7e4f96f9582a","France","421",0,955,3084,1445,2499,7983,0,11.9629212075661,38.6320931980458,18.100964549668,31.30402104472,3084,"fruits","PasEquillibré"
"6caef30c-9e58-4bd8-bf6a-e3dcac4256f1","7bdf6ed6-acf9-4a7b-84fe-7e4f96f9582a","France","421",0,79,3474,1026,3305,7884,0,1.00202942668696,44.0639269406393,13.013698630137,41.9203450025368,3474,"fruits","Equillibré"
"c19419a4-de5b-4642-b925-120bf7999f25","7bdf6ed6-acf9-4a7b-84fe-7e4f96f9582a","France","421",0,362,5567,2913,5133,13975,0,2.59033989266547,39.8354203935599,20.8443649373882,36.7298747763864,5567,"fruits","PasEquillibré"
"0cd83ffd-f258-4775-a358-c55074060d88","7bdf6ed6-acf9-4a7b-84fe-7e4f96f9582a","France","421",0,361,4627,2453,4396,11837,0,3.04975922953451,39.0892962743938,20.7231562051195,37.1377882909521,4627,"fruits","PresqueEquillibré"
"5b5b9eb7-f06a-48a3-b3e8-675a7f2faf18","7bdf6ed6-acf9-4a7b-84fe-7e4f96f9582a","France","421",0,447,2174,363,2174,5158,0,8.66614967041489,42.1481194261342,7.03761147731679,42.1481194261342,2174,"produit_laitiers","PasEquillibré"
"38c90b27-ea8c-4111-a922-4e81390fefab","cc2a8b56-732c-4e4c-a058-248783b68587","South Korea","489",3598,3975,0,3631,0,11204,32.1135308818279,35.4784005712246,0,32.4080685469475,0,3975,"proteines","Equillibré"
"4436282c-7d0f-4334-ba8d-80b7cfe2b849","cc2a8b56-732c-4e4c-a058-248783b68587","South Korea","489",2551,2748,0,1101,0,6400,39.859375,42.9375,0,17.203125,0,2748,"proteines","Equillibré"
"98a2ab99-afcb-447e-ae8d-4b96b374e4d7","cc2a8b56-732c-4e4c-a058-248783b68587","South Korea","489",4504,7389,0,2448,0,14341,31.406457011366,51.5236036538596,0,17.0699393347744,0,7389,"proteines","Equillibré"
"6caef30c-9e58-4bd8-bf6a-e3dcac4256f1","cc2a8b56-732c-4e4c-a058-248783b68587","South Korea","489",4107,4107,0,2267,0,10481,39.1851922526477,39.1851922526477,0,21.6296154947047,0,4107,"proteines","Equillibré"
"c19419a4-de5b-4642-b925-120bf7999f25","cc2a8b56-732c-4e4c-a058-248783b68587","South Korea","489",2722,3214,0,3700,0,9636,28.2482357824824,33.3540888335409,0,38.3976753839768,0,3700,"legumes","PresqueEquillibré"
"0cd83ffd-f258-4775-a358-c55074060d88","cc2a8b56-732c-4e4c-a058-248783b68587","South Korea","489",3679,6682,0,2896,0,13257,27.7513766312137,50.4035603831938,0,21.8450629855925,0,6682,"proteines","Equillibré"
"5b5b9eb7-f06a-48a3-b3e8-675a7f2faf18","cc2a8b56-732c-4e4c-a058-248783b68587","South Korea","489",5133,8229,0,979,0,14341,35.79248309044,57.3809357785371,0,6.82658113102294,0,8229,"proteines","PresqueEquillibré"
"38c90b27-ea8c-4111-a922-4e81390fefab","dd13fcba-0ae1-43d3-9d32-1672ed84f151","USA","327",4349,1405,0,621,0,6375,68.2196078431373,22.0392156862745,0,9.74117647058823,0,4349,"feculents","PasEquillibré"
"4436282c-7d0f-4334-ba8d-80b7cfe2b849","dd13fcba-0ae1-43d3-9d32-1672ed84f151","USA","327",1271,1976,318,850,0,4415,28.7882219705549,44.7565118912797,7.20271800679502,19.2525481313703,0,1976,"proteines","PresqueEquillibré"
"98a2ab99-afcb-447e-ae8d-4b96b374e4d7","dd13fcba-0ae1-43d3-9d32-1672ed84f151","USA","327",2120,2001,522,979,0,5622,37.7090003557453,35.5923159018143,9.28495197438634,17.4137317680541,0,2120,"feculents","PasEquillibré"
"6caef30c-9e58-4bd8-bf6a-e3dcac4256f1","dd13fcba-0ae1-43d3-9d32-1672ed84f151","USA","327",0,5846,126,636,0,6608,0,88.4685230024213,1.90677966101695,9.62469733656174,0,5846,"proteines","PasEquillibré"
"c19419a4-de5b-4642-b925-120bf7999f25","dd13fcba-0ae1-43d3-9d32-1672ed84f151","USA","327",9264,6438,0,1500,0,17202,53.8542029996512,37.4258807115452,0,8.71991628880363,0,9264,"feculents","PasEquillibré"
"0cd83ffd-f258-4775-a358-c55074060d88","dd13fcba-0ae1-43d3-9d32-1672ed84f151","USA","327",1283,10136,414,758,0,12591,10.1898181240569,80.5019458343261,3.28806290207291,6.02017313954412,0,10136,"proteines","PasEquillibré"
"5b5b9eb7-f06a-48a3-b3e8-675a7f2faf18","dd13fcba-0ae1-43d3-9d32-1672ed84f151","USA","327",0,945,406,237,0,1588,0,59.5088161209068,25.5667506297229,14.9244332493703,0,945,"proteines","PasEquillibré"
"38c90b27-ea8c-4111-a922-4e81390fefab","6afda059-04a5-4308-b776-a532ed142284","Italy","238",1096,2167,1116,1565,0,5944,18.4387617765814,36.456931359354,18.7752355316285,26.3290713324361,0,2167,"proteines","Equillibré"
"4436282c-7d0f-4334-ba8d-80b7cfe2b849","6afda059-04a5-4308-b776-a532ed142284","Italy","238",457,1424,230,499,0,2610,17.5095785440613,54.5593869731801,8.81226053639847,19.1187739463602,0,1424,"proteines","Equillibré"
"98a2ab99-afcb-447e-ae8d-4b96b374e4d7","6afda059-04a5-4308-b776-a532ed142284","Italy","238",3145,7589,319,2971,0,14024,22.4258414147176,54.1143753565317,2.27467199087279,21.1851112378779,0,7589,"proteines","Equillibré"
"6caef30c-9e58-4bd8-bf6a-e3dcac4256f1","6afda059-04a5-4308-b776-a532ed142284","Italy","238",554,2528,367,719,0,4168,13.2917466410749,60.6525911708253,8.80518234165067,17.2504798464491,0,2528,"proteines","Equillibré"
"c19419a4-de5b-4642-b925-120bf7999f25","6afda059-04a5-4308-b776-a532ed142284","Italy","238",4501,1957,3250,4565,0,14273,31.5350662089259,13.7112029706439,22.7702655363273,31.9834652841029,0,4565,"legumes","Equillibré"
"0cd83ffd-f258-4775-a358-c55074060d88","6afda059-04a5-4308-b776-a532ed142284","Italy","238",2770,10084,0,368,0,13222,20.9499319316291,76.2668280139162,0,2.7832400544547,0,10084,"proteines","PasEquillibré"
"5b5b9eb7-f06a-48a3-b3e8-675a7f2faf18","6afda059-04a5-4308-b776-a532ed142284","Italy","238",2212,2488,0,307,0,5007,44.1781505891752,49.6904333932494,0,6.13141601757539,0,2488,"proteines","PresqueEquillibré"
"38c90b27-ea8c-4111-a922-4e81390fefab","f61f9030-d814-495d-af95-0e643697de64","Brazil","352",2303,1225,733,493,0,4754,48.4434160706773,25.7677745056794,15.41859486748,10.3702145561632,0,2303,"feculents","PresqueEquillibré"
"4436282c-7d0f-4334-ba8d-80b7cfe2b849","f61f9030-d814-495d-af95-0e643697de64","Brazil","352",1023,493,154,364,0,2034,50.2949852507375,24.2379547689282,7.57128810226155,17.8957718780728,0,1023,"feculents","Equillibré"
"98a2ab99-afcb-447e-ae8d-4b96b374e4d7","f61f9030-d814-495d-af95-0e643697de64","Brazil","352",4145,2364,3098,2151,0,11758,35.2525939785678,20.105460112264,26.3480183704712,18.2939275386971,0,4145,"feculents","PresqueEquillibré"
"6caef30c-9e58-4bd8-bf6a-e3dcac4256f1","f61f9030-d814-495d-af95-0e643697de64","Brazil","352",9703,491,2886,3650,0,16730,57.9976090854752,2.93484757919904,17.2504482964734,21.8170950388524,0,9703,"feculents","PresqueEquillibré"
"c19419a4-de5b-4642-b925-120bf7999f25","f61f9030-d814-495d-af95-0e643697de64","Brazil","352",5494,1654,2029,1728,0,10905,50.3805593764328,15.1673544245759,18.6061439706557,15.8459422283356,0,5494,"feculents","PresqueEquillibré"
"0cd83ffd-f258-4775-a358-c55074060d88","f61f9030-d814-495d-af95-0e643697de64","Brazil","352",6424,3548,2130,1820,0,13922,46.1427955753484,25.4848441315903,15.2995259301824,13.0728343628789,0,6424,"feculents","PasEquillibré"
"5b5b9eb7-f06a-48a3-b3e8-675a7f2faf18","f61f9030-d814-495d-af95-0e643697de64","Brazil","352",4126,2097,1594,1587,0,9404,43.8749468311357,22.2990216928966,16.950233943003,16.8757975329647,0,4126,"feculents","Equillibré"
"38c90b27-ea8c-4111-a922-4e81390fefab","5445f170-12c1-48fc-9563-3709dd2993b0","Greece","980",3656,3656,6378,1625,390,15705,23.2792104425342,23.2792104425342,40.6112702960841,10.347023241006,2.48328557784145,6378,"fruits","Equillibré"
"4436282c-7d0f-4334-ba8d-80b7cfe2b849","5445f170-12c1-48fc-9563-3709dd2993b0","Greece","980",2199,2037,1286,442,237,6201,35.4620222544751,32.8495403967102,20.7385905499113,7.12788259958071,3.82196419932269,2199,"feculents","Equillibré"
"98a2ab99-afcb-447e-ae8d-4b96b374e4d7","5445f170-12c1-48fc-9563-3709dd2993b0","Greece","980",2386,2341,1107,807,359,7000,34.0857142857143,33.4428571428571,15.8142857142857,11.5285714285714,5.12857142857143,2386,"feculents","Equillibré"
"6caef30c-9e58-4bd8-bf6a-e3dcac4256f1","5445f170-12c1-48fc-9563-3709dd2993b0","Greece","980",2842,2686,365,814,589,7296,38.952850877193,36.8146929824561,5.00274122807018,11.156798245614,8.07291666666667,2842,"feculents","Equillibré"
"c19419a4-de5b-4642-b925-120bf7999f25","5445f170-12c1-48fc-9563-3709dd2993b0","Greece","980",7900,7423,1988,1855,623,19789,39.9211683258376,37.5107382889484,10.0459851432614,9.37389458790237,3.14821365405023,7900,"feculents","PresqueEquillibré"
"0cd83ffd-f258-4775-a358-c55074060d88","5445f170-12c1-48fc-9563-3709dd2993b0","Greece","980",9119,7085,2742,964,529,20439,44.6156856989089,34.6641225108861,13.4155291354763,4.71647340867949,2.58818924604922,9119,"feculents","Equillibré"
"5b5b9eb7-f06a-48a3-b3e8-675a7f2faf18","5445f170-12c1-48fc-9563-3709dd2993b0","Greece","980",1025,1025,1336,905,886,5177,19.7991114545103,19.7991114545103,25.8064516129032,17.4811666988603,17.1141587792158,1336,"fruits","Equillibré"
